Script started on 2026-10-03 17:29:13-04:00 [COMMAND="time ./kconfig-menu-dump.py --width 125 --height 60" TERM="xterm-256color" TTY="/dev/pts/3" COLUMNS="221" LINES="65"]
> starting: tmux make menuconfig
[menu] WALK MENU: /
[menu] visible_entries=23 known_entries=23
[menu] POSITIONED SCREEN for [0]: 'General setup' by moving: delta:0 (prev:0, next:0)
[menu] CHILD SCREEN After ENTER [0]: 'General setup'
 .config - Linux/x86 5.10.270-gentoo-hardened1 Kernel Configuration
 → General setup ───────────────────────────────────────────────────────────────────────────────────────────────────────────
  ┌─────────────────────────────────────────────────── General setup ────────────────────────────────────────────────────┐
  │  Arrow keys navigate the menu.  <Enter> selects submenus ---> (or empty submenus ----).  Highlighted letters are     │
  │  hotkeys.  Pressing <Y> includes, <N> excludes, <M> modularizes features.  Press <Esc><Esc> to exit, <?> for Help,   │
  │  </> for Search.  Legend: [*] built-in  [ ] excluded  <M> module  < > module capable                                 │
  │                                                                                                                      │
  │ ┌──────────────────────────────────────────────────────────────────────────────────────────────────────────────────┐ │
  │ │                      [ ] Compile also drivers which will not load                                                │ │
  │ │                      ()  Local version - append to kernel release                                                │ │
  │ │                      [ ] Automatically append version information to the version string                          │ │
  │ │                      ()  Build ID Salt                                                                           │ │
  │ │                          Kernel compression mode (Gzip)  --->                                                    │ │
  │ │                      ()  Default init path                                                                       │ │
  │ │                      ((none)) Default hostname                                                                   │ │
  │ │                      [*] Support for paging of anonymous memory (swap)                                           │ │
  │ │                      -*- System V IPC                                                                            │ │
  │ │                      [*] POSIX Message Queues                                                                    │ │
  │ │                      [ ] General notification queue                                                              │ │
  │ │                      [*] Enable process_vm_readv/writev syscalls                                                 │ │
  │ │                      [*] uselib syscall                                                                          │ │
  │ │                      [*] Auditing support                                                                        │ │
  │ │                          IRQ subsystem  --->                                                                     │ │
  │ │                          Timers subsystem  --->                                                                  │ │
  │ │                          Preemption Model (Voluntary Kernel Preemption (Desktop))  --->                          │ │
  │ │                          CPU/Task time and stats accounting  --->                                                │ │
  │ │                      [*] CPU isolation                                                                           │ │
  │ │                          RCU Subsystem  --->                                                                     │ │
  │ │                      < > Kernel .config support                                                                  │ │
  │ │                      < > Enable kernel headers through /sys/kernel/kheaders.tar.xz                               │ │
  │ │                      (18) Kernel log buffer size (16 => 64KB, 17 => 128KB)                                       │ │
  │ │                      (12) CPU kernel log buffer size contribution (13 => 8 KB, 17 => 128KB)                      │ │
  │ │                      (13) Temporary per-CPU printk log buffer size (12 => 4KB, 13 => 8KB)                        │ │
  │ │                          Scheduler features  --->                                                                │ │
  │ │                      [ ] Memory placement aware NUMA scheduler                                                   │ │
  │ │                      -*- Control Group support  --->                                                             │ │
  │ │                      -*- Namespaces support  --->                                                                │ │
  │ │                      [ ] Checkpoint/restore support                                                              │ │
  │ │                      [ ] Automatic process group scheduling                                                      │ │
  │ │                      [ ] Enable deprecated sysfs features to support old userspace tools                         │ │
  │ │                      -*- Kernel->user space relay support (formerly relayfs)                                     │ │
  │ │                      [*] Initial RAM filesystem and RAM disk (initramfs/initrd) support                          │ │
  │ │                      ()    Initramfs source file(s)                                                              │ │
  │ │                      [*]   Support initial ramdisk/ramfs compressed using gzip                                   │ │
  │ │                      [*]   Support initial ramdisk/ramfs compressed using bzip2                                  │ │
  │ │                      [*]   Support initial ramdisk/ramfs compressed using LZMA                                   │ │
  │ │                      [*]   Support initial ramdisk/ramfs compressed using XZ                                     │ │
  │ │                      [*]   Support initial ramdisk/ramfs compressed using LZO                                    │ │
  │ │                      [*]   Support initial ramdisk/ramfs compressed using LZ4                                    │ │
  │ │                      [*]   Support initial ramdisk/ramfs compressed using ZSTD                                   │ │
  │ │                      [ ] Boot config support                                                                     │ │
  │ │                          Compiler optimization level (Optimize for performance (-O2))  --->                      │ │
  │ │                      [ ] Configure standard kernel features (expert users)  ----                                 │ │
  │ │                      [ ] Enable 16-bit UID system calls                                                          │ │
  │ └──────────────────────↓(+)────────────────────────────────────────────────────────────────────────────────────────┘ │
  ├──────────────────────────────────────────────────────────────────────────────────────────────────────────────────────┤
  │                               <Select>    < Exit >    < Help >    < Save >    < Load >                               │
  └──────────────────────────────────────────────────────────────────────────────────────────────────────────────────────┘



[menu] WALK MENU: /General setup
[menu] visible_entries=46 known_entries=64
[menu] POSITIONED SCREEN for [4]: 'Kernel compression mode (Gzip)' by moving: delta:4 (prev:0, next:4)
[menu] CHILD SCREEN After ENTER [4]: 'Kernel compression mode (Gzip)'
 .config - Linux/x86 5.10.270-gentoo-hardened1 Kernel Configuration
 → General setup ───────────────────────────────────────────────────────────────────────────────────────────────────────────




















                              ┌─────────────────── Kernel compression mode ───────────────────┐
                              │  Use the arrow keys to navigate this window or press the      │
                              │  hotkey of the item you wish to select followed by the <SPACE │
                              │  BAR>. Press <?> for additional information about this        │
                              │ ┌───────────────────────────────────────────────────────────┐ │
                              │ │                         (X) Gzip                          │ │
                              │ │                         ( ) Bzip2                         │ │
                              │ │                         ( ) LZMA                          │ │
                              │ │                         ( ) XZ                            │ │
                              │ │                         ( ) LZO                           │ │
                              │ │                         ( ) LZ4                           │ │
                              │ └─────────────────────────────↓(+)──────────────────────────┘ │
                              ├───────────────────────────────────────────────────────────────┤
                              │                    <Select>      < Help >                     │
                              └───────────────────────────────────────────────────────────────┘
























[menu] POSITIONED SCREEN for [14]: 'IRQ subsystem' by moving: delta:10 (prev:4, next:14)
[menu] CHILD SCREEN After ENTER [14]: 'IRQ subsystem'
 .config - Linux/x86 5.10.270-gentoo-hardened1 Kernel Configuration
 → General setup → IRQ subsystem ───────────────────────────────────────────────────────────────────────────────────────────
  ┌─────────────────────────────────────────────────── IRQ subsystem ────────────────────────────────────────────────────┐
  │  Arrow keys navigate the menu.  <Enter> selects submenus ---> (or empty submenus ----).  Highlighted letters are     │
  │  hotkeys.  Pressing <Y> includes, <N> excludes, <M> modularizes features.  Press <Esc><Esc> to exit, <?> for Help,   │
  │  </> for Search.  Legend: [*] built-in  [ ] excluded  <M> module  < > module capable                                 │
  │                                                                                                                      │
  │ ┌──────────────────────────────────────────────────────────────────────────────────────────────────────────────────┐ │
  │ │                      [ ] Expose irq internals in debugfs                                                         │ │
  │ └──────────────────────────────────────────────────────────────────────────────────────────────────────────────────┘ │
  ├──────────────────────────────────────────────────────────────────────────────────────────────────────────────────────┤
  │                               <Select>    < Exit >    < Help >    < Save >    < Load >                               │
  └──────────────────────────────────────────────────────────────────────────────────────────────────────────────────────┘



[menu] WALK MENU: /General setup/IRQ subsystem
[menu] visible_entries=1 known_entries=1
[menu] POSITIONED SCREEN for [15]: 'Timers subsystem' by moving: delta:1 (prev:14, next:15)
[menu] CHILD SCREEN After ENTER [15]: 'Timers subsystem'
 .config - Linux/x86 5.10.270-gentoo-hardened1 Kernel Configuration
 → General setup → Timers subsystem ────────────────────────────────────────────────────────────────────────────────────────
  ┌────────────────────────────────────────────────── Timers subsystem ──────────────────────────────────────────────────┐
  │  Arrow keys navigate the menu.  <Enter> selects submenus ---> (or empty submenus ----).  Highlighted letters are     │
  │  hotkeys.  Pressing <Y> includes, <N> excludes, <M> modularizes features.  Press <Esc><Esc> to exit, <?> for Help,   │
  │  </> for Search.  Legend: [*] built-in  [ ] excluded  <M> module  < > module capable                                 │
  │                                                                                                                      │
  │ ┌──────────────────────────────────────────────────────────────────────────────────────────────────────────────────┐ │
  │ │                          Timer tick handling (Idle dynticks system (tickless idle))  --->                        │ │
  │ │                      [*] Old Idle dynticks config                                                                │ │
  │ │                      [*] High Resolution Timer Support                                                           │ │
  │ └──────────────────────────────────────────────────────────────────────────────────────────────────────────────────┘ │
  ├──────────────────────────────────────────────────────────────────────────────────────────────────────────────────────┤
  │                               <Select>    < Exit >    < Help >    < Save >    < Load >                               │
  └──────────────────────────────────────────────────────────────────────────────────────────────────────────────────────┘



[menu] WALK MENU: /General setup/Timers subsystem
[menu] visible_entries=3 known_entries=3
[menu] POSITIONED SCREEN for [0]: 'Timer tick handling (Idle dynticks system (tickless idle))' by moving: delta:0 (prev:0, next:0)
[menu] CHILD SCREEN After ENTER [0]: 'Timer tick handling (Idle dynticks system (tickless idle))'
 .config - Linux/x86 5.10.270-gentoo-hardened1 Kernel Configuration
 → General setup → Timers subsystem ────────────────────────────────────────────────────────────────────────────────────────




















                              ┌───────────────────── Timer tick handling ─────────────────────┐
                              │  Use the arrow keys to navigate this window or press the      │
                              │  hotkey of the item you wish to select followed by the <SPACE │
                              │  BAR>. Press <?> for additional information about this        │
                              │ ┌───────────────────────────────────────────────────────────┐ │
                              │ │   ( ) Periodic timer ticks (constant rate, no dynticks)   │ │
                              │ │   (X) Idle dynticks system (tickless idle)                │ │
                              │ │   ( ) Full dynticks system (tickless)                     │ │
                              │ │                                                           │ │
                              │ │                                                           │ │
                              │ │                                                           │ │
                              │ └───────────────────────────────────────────────────────────┘ │
                              ├───────────────────────────────────────────────────────────────┤
                              │                    <Select>      < Help >                     │
                              └───────────────────────────────────────────────────────────────┘
























[menu] POSITIONED SCREEN for [16]: 'Preemption Model (Voluntary Kernel Preemption (Desktop))' by moving: delta:1 (prev:15, next:16)
[menu] CHILD SCREEN After ENTER [16]: 'Preemption Model (Voluntary Kernel Preemption (Desktop))'
 .config - Linux/x86 5.10.270-gentoo-hardened1 Kernel Configuration
 → General setup ───────────────────────────────────────────────────────────────────────────────────────────────────────────




















                              ┌────────────────────── Preemption Model ───────────────────────┐
                              │  Use the arrow keys to navigate this window or press the      │
                              │  hotkey of the item you wish to select followed by the <SPACE │
                              │  BAR>. Press <?> for additional information about this        │
                              │ ┌───────────────────────────────────────────────────────────┐ │
                              │ │       ( ) No Forced Preemption (Server)                   │ │
                              │ │       (X) Voluntary Kernel Preemption (Desktop)           │ │
                              │ │       ( ) Preemptible Kernel (Low-Latency Desktop)        │ │
                              │ │                                                           │ │
                              │ │                                                           │ │
                              │ │                                                           │ │
                              │ └───────────────────────────────────────────────────────────┘ │
                              ├───────────────────────────────────────────────────────────────┤
                              │                    <Select>      < Help >                     │
                              └───────────────────────────────────────────────────────────────┘
























[menu] POSITIONED SCREEN for [17]: 'CPU/Task time and stats accounting' by moving: delta:1 (prev:16, next:17)
[menu] CHILD SCREEN After ENTER [17]: 'CPU/Task time and stats accounting'
 .config - Linux/x86 5.10.270-gentoo-hardened1 Kernel Configuration
 → General setup → CPU/Task time and stats accounting ──────────────────────────────────────────────────────────────────────
  ┌───────────────────────────────────────── CPU/Task time and stats accounting ─────────────────────────────────────────┐
  │  Arrow keys navigate the menu.  <Enter> selects submenus ---> (or empty submenus ----).  Highlighted letters are     │
  │  hotkeys.  Pressing <Y> includes, <N> excludes, <M> modularizes features.  Press <Esc><Esc> to exit, <?> for Help,   │
  │  </> for Search.  Legend: [*] built-in  [ ] excluded  <M> module  < > module capable                                 │
  │                                                                                                                      │
  │ ┌──────────────────────────────────────────────────────────────────────────────────────────────────────────────────┐ │
  │ │                          Cputime accounting (Simple tick based cputime accounting)  --->                         │ │
  │ │                      [ ] Fine granularity task level IRQ time accounting                                         │ │
  │ │                      [*] BSD Process Accounting                                                                  │ │
  │ │                      [ ]   BSD Process Accounting version 3 file format                                          │ │
  │ │                      [*] Export task/process statistics through netlink                                          │ │
  │ │                      [*]   Enable per-task delay accounting                                                      │ │
  │ │                      [*]   Enable extended accounting over taskstats                                             │ │
  │ │                      [*]     Enable per-task storage I/O accounting                                              │ │
  │ │                      [ ] Pressure stall information tracking                                                     │ │
  │ └──────────────────────────────────────────────────────────────────────────────────────────────────────────────────┘ │
  ├──────────────────────────────────────────────────────────────────────────────────────────────────────────────────────┤
  │                               <Select>    < Exit >    < Help >    < Save >    < Load >                               │
  └──────────────────────────────────────────────────────────────────────────────────────────────────────────────────────┘



[menu] WALK MENU: /General setup/CPU/Task time and stats accounting
[menu] visible_entries=9 known_entries=9
[menu] POSITIONED SCREEN for [0]: 'Cputime accounting (Simple tick based cputime accounting)' by moving: delta:0 (prev:0, next:0)
[menu] CHILD SCREEN After ENTER [0]: 'Cputime accounting (Simple tick based cputime accounting)'
 .config - Linux/x86 5.10.270-gentoo-hardened1 Kernel Configuration
 → General setup → CPU/Task time and stats accounting ──────────────────────────────────────────────────────────────────────




















                              ┌───────────────────── Cputime accounting ──────────────────────┐
                              │  Use the arrow keys to navigate this window or press the      │
                              │  hotkey of the item you wish to select followed by the <SPACE │
                              │  BAR>. Press <?> for additional information about this        │
                              │ ┌───────────────────────────────────────────────────────────┐ │
                              │ │         (X) Simple tick based cputime accounting          │ │
                              │ │         ( ) Full dynticks CPU time accounting             │ │
                              │ │                                                           │ │
                              │ │                                                           │ │
                              │ │                                                           │ │
                              │ │                                                           │ │
                              │ └───────────────────────────────────────────────────────────┘ │
                              ├───────────────────────────────────────────────────────────────┤
                              │                    <Select>      < Help >                     │
                              └───────────────────────────────────────────────────────────────┘
























[menu] POSITIONED SCREEN for [19]: 'RCU Subsystem' by moving: delta:2 (prev:17, next:19)
[menu] CHILD SCREEN After ENTER [19]: 'RCU Subsystem'
 .config - Linux/x86 5.10.270-gentoo-hardened1 Kernel Configuration
 → General setup → RCU Subsystem ───────────────────────────────────────────────────────────────────────────────────────────
  ┌─────────────────────────────────────────────────── RCU Subsystem ────────────────────────────────────────────────────┐
  │  Arrow keys navigate the menu.  <Enter> selects submenus ---> (or empty submenus ----).  Highlighted letters are     │
  │  hotkeys.  Pressing <Y> includes, <N> excludes, <M> modularizes features.  Press <Esc><Esc> to exit, <?> for Help,   │
  │  </> for Search.  Legend: [*] built-in  [ ] excluded  <M> module  < > module capable                                 │
  │                                                                                                                      │
  │ ┌──────────────────────────────────────────────────────────────────────────────────────────────────────────────────┐ │
  │ │                      [ ] Make expert-level adjustments to RCU configuration                                      │ │
  │ └──────────────────────────────────────────────────────────────────────────────────────────────────────────────────┘ │
  ├──────────────────────────────────────────────────────────────────────────────────────────────────────────────────────┤
  │                               <Select>    < Exit >    < Help >    < Save >    < Load >                               │
  └──────────────────────────────────────────────────────────────────────────────────────────────────────────────────────┘



[menu] WALK MENU: /General setup/RCU Subsystem
[menu] visible_entries=1 known_entries=1
[menu] POSITIONED SCREEN for [25]: 'Scheduler features' by moving: delta:6 (prev:19, next:25)
[menu] CHILD SCREEN After ENTER [25]: 'Scheduler features'
 .config - Linux/x86 5.10.270-gentoo-hardened1 Kernel Configuration
 → General setup → Scheduler features ──────────────────────────────────────────────────────────────────────────────────────
  ┌───────────────────────────────────────────────── Scheduler features ─────────────────────────────────────────────────┐
  │  Arrow keys navigate the menu.  <Enter> selects submenus ---> (or empty submenus ----).  Highlighted letters are     │
  │  hotkeys.  Pressing <Y> includes, <N> excludes, <M> modularizes features.  Press <Esc><Esc> to exit, <?> for Help,   │
  │  </> for Search.  Legend: [*] built-in  [ ] excluded  <M> module  < > module capable                                 │
  │                                                                                                                      │
  │ ┌──────────────────────────────────────────────────────────────────────────────────────────────────────────────────┐ │
  │ │                      [ ] Enable utilization clamping for RT/FAIR tasks                                           │ │
  │ └──────────────────────────────────────────────────────────────────────────────────────────────────────────────────┘ │
  ├──────────────────────────────────────────────────────────────────────────────────────────────────────────────────────┤
  │                               <Select>    < Exit >    < Help >    < Save >    < Load >                               │
  └──────────────────────────────────────────────────────────────────────────────────────────────────────────────────────┘



[menu] WALK MENU: /General setup/Scheduler features
[menu] visible_entries=1 known_entries=1
[menu] POSITIONED SCREEN for [27]: '-*- Control Group support' by moving: delta:2 (prev:25, next:27)
[menu] CHILD SCREEN After ENTER [27]: '-*- Control Group support'
 .config - Linux/x86 5.10.270-gentoo-hardened1 Kernel Configuration
 → General setup → Control Group support ───────────────────────────────────────────────────────────────────────────────────
  ┌─────────────────────────────────────────────── Control Group support ────────────────────────────────────────────────┐
  │  Arrow keys navigate the menu.  <Enter> selects submenus ---> (or empty submenus ----).  Highlighted letters are     │
  │  hotkeys.  Pressing <Y> includes, <N> excludes, <M> modularizes features.  Press <Esc><Esc> to exit, <?> for Help,   │
  │  </> for Search.  Legend: [*] built-in  [ ] excluded  <M> module  < > module capable                                 │
  │                                                                                                                      │
  │ ┌──────────────────────────────────────────────────────────────────────────────────────────────────────────────────┐ │
  │ │                      --- Control Group support                                                                   │ │
  │ │                      [ ]   Memory controller                                                                     │ │
  │ │                      [ ]   IO controller                                                                         │ │
  │ │                      [*]   CPU controller  --->                                                                  │ │
  │ │                      [ ]   PIDs controller                                                                       │ │
  │ │                      [ ]   RDMA controller                                                                       │ │
  │ │                      [*]   Freezer controller                                                                    │ │
  │ │                      [ ]   HugeTLB controller                                                                    │ │
  │ │                      [*]   Cpuset controller                                                                     │ │
  │ │                      [*]     Include legacy /proc/<pid>/cpuset file                                              │ │
  │ │                      [ ]   Device controller                                                                     │ │
  │ │                      [*]   Simple CPU accounting controller                                                      │ │
  │ │                      [ ]   Perf controller                                                                       │ │
  │ │                      [ ]   Debug controller                                                                      │ │
  │ └──────────────────────────────────────────────────────────────────────────────────────────────────────────────────┘ │
  ├──────────────────────────────────────────────────────────────────────────────────────────────────────────────────────┤
  │                               <Select>    < Exit >    < Help >    < Save >    < Load >                               │
  └──────────────────────────────────────────────────────────────────────────────────────────────────────────────────────┘



[menu] WALK MENU: /General setup/-*- Control Group support
[menu] visible_entries=14 known_entries=14
[menu] POSITIONED SCREEN for [3]: '[*]   CPU controller' by moving: delta:3 (prev:0, next:3)
[menu] CHILD SCREEN After ENTER [3]: '[*]   CPU controller'
 .config - Linux/x86 5.10.270-gentoo-hardened1 Kernel Configuration
 → General setup → Control Group support → CPU controller ──────────────────────────────────────────────────────────────────
  ┌─────────────────────────────────────────────────── CPU controller ───────────────────────────────────────────────────┐
  │  Arrow keys navigate the menu.  <Enter> selects submenus ---> (or empty submenus ----).  Highlighted letters are     │
  │  hotkeys.  Pressing <Y> includes, <N> excludes, <M> modularizes features.  Press <Esc><Esc> to exit, <?> for Help,   │
  │  </> for Search.  Legend: [*] built-in  [ ] excluded  <M> module  < > module capable                                 │
  │                                                                                                                      │
  │ ┌──────────────────────────────────────────────────────────────────────────────────────────────────────────────────┐ │
  │ │                      --- CPU controller                                                                          │ │
  │ │                      [*]   Group scheduling for SCHED_OTHER                                                      │ │
  │ │                      [ ]     CPU bandwidth provisioning for FAIR_GROUP_SCHED                                     │ │
  │ │                      [ ]   Group scheduling for SCHED_RR/FIFO                                                    │ │
  │ └──────────────────────────────────────────────────────────────────────────────────────────────────────────────────┘ │
  ├──────────────────────────────────────────────────────────────────────────────────────────────────────────────────────┤
  │                               <Select>    < Exit >    < Help >    < Save >    < Load >                               │
  └──────────────────────────────────────────────────────────────────────────────────────────────────────────────────────┘



[menu] WALK MENU: /General setup/-*- Control Group support/[*]   CPU controller
[menu] visible_entries=4 known_entries=4
[menu] POSITIONED SCREEN for [28]: '-*- Namespaces support' by moving: delta:1 (prev:27, next:28)
[menu] CHILD SCREEN After ENTER [28]: '-*- Namespaces support'
 .config - Linux/x86 5.10.270-gentoo-hardened1 Kernel Configuration
 → General setup → Namespaces support ──────────────────────────────────────────────────────────────────────────────────────
  ┌───────────────────────────────────────────────── Namespaces support ─────────────────────────────────────────────────┐
  │  Arrow keys navigate the menu.  <Enter> selects submenus ---> (or empty submenus ----).  Highlighted letters are     │
  │  hotkeys.  Pressing <Y> includes, <N> excludes, <M> modularizes features.  Press <Esc><Esc> to exit, <?> for Help,   │
  │  </> for Search.  Legend: [*] built-in  [ ] excluded  <M> module  < > module capable                                 │
  │                                                                                                                      │
  │ ┌──────────────────────────────────────────────────────────────────────────────────────────────────────────────────┐ │
  │ │                      --- Namespaces support                                                                      │ │
  │ │                      -*-   UTS namespace                                                                         │ │
  │ │                      [*]   TIME namespace                                                                        │ │
  │ │                      -*-   IPC namespace                                                                         │ │
  │ │                      -*-   User namespace                                                                        │ │
  │ │                      [ ]     Allow unprivileged users to create namespaces                                       │ │
  │ │                      -*-   PID Namespaces                                                                        │ │
  │ │                      -*-   Network namespace                                                                     │ │
  │ └──────────────────────────────────────────────────────────────────────────────────────────────────────────────────┘ │
  ├──────────────────────────────────────────────────────────────────────────────────────────────────────────────────────┤
  │                               <Select>    < Exit >    < Help >    < Save >    < Load >                               │
  └──────────────────────────────────────────────────────────────────────────────────────────────────────────────────────┘



[menu] WALK MENU: /General setup/-*- Namespaces support
[menu] visible_entries=8 known_entries=8
[menu] POSITIONED SCREEN for [43]: 'Compiler optimization level (Optimize for performance (-O2))' by moving: delta:15 (prev:28, next:43)
[menu] CHILD SCREEN After ENTER [43]: 'Compiler optimization level (Optimize for performance (-O2))'
 .config - Linux/x86 5.10.270-gentoo-hardened1 Kernel Configuration
 → General setup ───────────────────────────────────────────────────────────────────────────────────────────────────────────




















                              ┌───────────────── Compiler optimization level ─────────────────┐
                              │  Use the arrow keys to navigate this window or press the      │
                              │  hotkey of the item you wish to select followed by the <SPACE │
                              │  BAR>. Press <?> for additional information about this        │
                              │ ┌───────────────────────────────────────────────────────────┐ │
                              │ │            (X) Optimize for performance (-O2)             │ │
                              │ │            ( ) Optimize for size (-Os)                    │ │
                              │ │                                                           │ │
                              │ │                                                           │ │
                              │ │                                                           │ │
                              │ │                                                           │ │
                              │ └───────────────────────────────────────────────────────────┘ │
                              ├───────────────────────────────────────────────────────────────┤
                              │                    <Select>      < Help >                     │
                              └───────────────────────────────────────────────────────────────┘
























[menu] POSITIONED SCREEN for [53]: 'Kernel Performance Events And Counters' by moving: delta:10 (prev:43, next:53)
[menu] CHILD SCREEN After ENTER [53]: 'Kernel Performance Events And Counters'
 .config - Linux/x86 5.10.270-gentoo-hardened1 Kernel Configuration
 → General setup → Kernel Performance Events And Counters ──────────────────────────────────────────────────────────────────
  ┌─────────────────────────────────────── Kernel Performance Events And Counters ───────────────────────────────────────┐
  │  Arrow keys navigate the menu.  <Enter> selects submenus ---> (or empty submenus ----).  Highlighted letters are     │
  │  hotkeys.  Pressing <Y> includes, <N> excludes, <M> modularizes features.  Press <Esc><Esc> to exit, <?> for Help,   │
  │  </> for Search.  Legend: [*] built-in  [ ] excluded  <M> module  < > module capable                                 │
  │                                                                                                                      │
  │ ┌──────────────────────────────────────────────────────────────────────────────────────────────────────────────────┐ │
  │ │                      -*- Kernel performance events and counters                                                  │ │
  │ │                      [ ]   Debug: use vmalloc to back perf mmap() buffers                                        │ │
  │ └──────────────────────────────────────────────────────────────────────────────────────────────────────────────────┘ │
  ├──────────────────────────────────────────────────────────────────────────────────────────────────────────────────────┤
  │                               <Select>    < Exit >    < Help >    < Save >    < Load >                               │
  └──────────────────────────────────────────────────────────────────────────────────────────────────────────────────────┘



[menu] WALK MENU: /General setup/Kernel Performance Events And Counters
[menu] visible_entries=2 known_entries=2
[menu] POSITIONED SCREEN for [56]: 'Choose SLAB allocator (SLUB (Unqueued Allocator))' by moving: delta:3 (prev:53, next:56)
[menu] CHILD SCREEN After ENTER [56]: 'Choose SLAB allocator (SLUB (Unqueued Allocator))'
 .config - Linux/x86 5.10.270-gentoo-hardened1 Kernel Configuration
 → General setup ───────────────────────────────────────────────────────────────────────────────────────────────────────────




















                              ┌──────────────────── Choose SLAB allocator ────────────────────┐
                              │  Use the arrow keys to navigate this window or press the      │
                              │  hotkey of the item you wish to select followed by the <SPACE │
                              │  BAR>. Press <?> for additional information about this        │
                              │ ┌───────────────────────────────────────────────────────────┐ │
                              │ │               ( ) SLAB                                    │ │
                              │ │               (X) SLUB (Unqueued Allocator)               │ │
                              │ │                                                           │ │
                              │ │                                                           │ │
                              │ │                                                           │ │
                              │ │                                                           │ │
                              │ └───────────────────────────────────────────────────────────┘ │
                              ├───────────────────────────────────────────────────────────────┤
                              │                    <Select>      < Help >                     │
                              └───────────────────────────────────────────────────────────────┘
























[menu] POSITIONED SCREEN for [2]: 'Processor type and features' by moving: delta:2 (prev:0, next:2)
[menu] CHILD SCREEN After ENTER [2]: 'Processor type and features'
 .config - Linux/x86 5.10.270-gentoo-hardened1 Kernel Configuration
 → Processor type and features ─────────────────────────────────────────────────────────────────────────────────────────────
  ┌──────────────────────────────────────────── Processor type and features ─────────────────────────────────────────────┐
  │  Arrow keys navigate the menu.  <Enter> selects submenus ---> (or empty submenus ----).  Highlighted letters are     │
  │  hotkeys.  Pressing <Y> includes, <N> excludes, <M> modularizes features.  Press <Esc><Esc> to exit, <?> for Help,   │
  │  </> for Search.  Legend: [*] built-in  [ ] excluded  <M> module  < > module capable                                 │
  │                                                                                                                      │
  │ ┌──────────────────────────────────────────────────────────────────────────────────────────────────────────────────┐ │
  │ │                      [*] Symmetric multi-processing support                                                      │ │
  │ │                      [*] Enable MPS table                                                                        │ │
  │ │                      [ ] x86 CPU resource control support                                                        │ │
  │ │                      [*] Support for extended (non-PC) x86 platforms                                             │ │
  │ │                      [ ] ScaleMP vSMP                                                                            │ │
  │ │                      [ ] Goldfish (Virtual Platform)                                                             │ │
  │ │                      [ ] Intel MID platform support                                                              │ │
  │ │                      [ ] Intel Low Power Subsystem Support                                                       │ │
  │ │                      [ ] AMD ACPI2Platform devices support                                                       │ │
  │ │                      -*- Intel SoC IOSF Sideband support for SoC platforms                                       │ │
  │ │                      [ ]   Enable IOSF sideband access through debugfs                                           │ │
  │ │                      [*] Single-depth WCHAN output                                                               │ │
  │ │                      [ ] Linux guest support  ----                                                               │ │
  │ │                          Processor family (Generic-x86-64)  --->                                                 │ │
  │ │                      [ ] Supported processor vendors  ----                                                       │ │
  │ │                      [ ] Old AMD GART IOMMU support                                                              │ │
  │ │                      [ ] Enable Maximum number of SMP Processors and NUMA Nodes                                  │ │
  │ │                      (64) Maximum number of CPUs                                                                 │ │
  │ │                      [*] Multi-core scheduler support                                                            │ │
  │ │                      [*]   CPU core priorities scheduler support                                                 │ │
  │ │                      [*] Reroute for broken boot IRQs                                                            │ │
  │ │                      [*] Machine Check / overheating reporting                                                   │ │
  │ │                      [ ]   Support for deprecated /dev/mcelog character device                                   │ │
  │ │                      [*]   Intel MCE features                                                                    │ │
  │ │                      [*]   AMD MCE features                                                                      │ │
  │ │                      < > Machine check injector support                                                          │ │
  │ │                          Performance monitoring  --->                                                            │ │
  │ │                      [*] IOPERM and IOPL Emulation                                                               │ │
  │ │                      < > Dell i8k legacy laptop support                                                          │ │
  │ │                      [*] CPU microcode loading support                                                           │ │
  │ │                      [*]   Intel microcode loading support                                                       │ │
  │ │                      [*]   AMD microcode loading support                                                         │ │
  │ │                      [ ]   Late microcode loading (DANGEROUS)                                                    │ │
  │ │                      <*> /dev/cpu/*/msr - Model-specific register support                                        │ │
  │ │                      <*> /dev/cpu/*/cpuid - CPU information support                                              │ │
  │ │                      [*] Enable 5-level page tables support                                                      │ │
  │ │                      [ ] Enable statistic for Change Page Attribute                                              │ │
  │ │                      [ ] AMD Secure Memory Encryption (SME) support                                              │ │
  │ │                      [*] NUMA Memory Allocation and Scheduler Support                                            │ │
  │ │                      [*]   Old style AMD Opteron NUMA detection                                                  │ │
  │ │                      [*]   ACPI NUMA detection                                                                   │ │
  │ │                      [ ]   NUMA emulation                                                                        │ │
  │ │                      (6) Maximum NUMA Nodes (as a power of 2)                                                    │ │
  │ │                      < > Support non-standard NVDIMMs and ADR protected memory                                   │ │
  │ │                      [*] Check for low memory corruption                                                         │ │
  │ │                      [*]   Set the default setting of memory_corruption_check                                    │ │
  │ └──────────────────────↓(+)────────────────────────────────────────────────────────────────────────────────────────┘ │
  ├──────────────────────────────────────────────────────────────────────────────────────────────────────────────────────┤
  │                               <Select>    < Exit >    < Help >    < Save >    < Load >                               │
  └──────────────────────────────────────────────────────────────────────────────────────────────────────────────────────┘



[menu] WALK MENU: /Processor type and features
[menu] visible_entries=46 known_entries=70
[menu] POSITIONED SCREEN for [13]: 'Processor family (Generic-x86-64)' by moving: delta:13 (prev:0, next:13)
[menu] CHILD SCREEN After ENTER [13]: 'Processor family (Generic-x86-64)'
 .config - Linux/x86 5.10.270-gentoo-hardened1 Kernel Configuration
 → Processor type and features ─────────────────────────────────────────────────────────────────────────────────────────────




















                              ┌────────────────────── Processor family ───────────────────────┐
                              │  Use the arrow keys to navigate this window or press the      │
                              │  hotkey of the item you wish to select followed by the <SPACE │
                              │  BAR>. Press <?> for additional information about this        │
                              │ ┌────↑(-)───────────────────────────────────────────────────┐ │
                              │ │( ) Intel Cooper Lake                                      │ │
                              │ │( ) Intel Tiger Lake                                       │ │
                              │ │( ) Intel Sapphire Rapids                                  │ │
                              │ │( ) Intel Rocket Lake                                      │ │
                              │ │( ) Intel Alder Lake                                       │ │
                              │ │(X) Generic-x86-64                                         │ │
                              │ └────↓(+)───────────────────────────────────────────────────┘ │
                              ├───────────────────────────────────────────────────────────────┤
                              │                    <Select>      < Help >                     │
                              └───────────────────────────────────────────────────────────────┘
























[menu] POSITIONED SCREEN for [26]: 'Performance monitoring' by moving: delta:13 (prev:13, next:26)
[menu] CHILD SCREEN After ENTER [26]: 'Performance monitoring'
 .config - Linux/x86 5.10.270-gentoo-hardened1 Kernel Configuration
 → Processor type and features → Performance monitoring ────────────────────────────────────────────────────────────────────
  ┌─────────────────────────────────────────────── Performance monitoring ───────────────────────────────────────────────┐
  │  Arrow keys navigate the menu.  <Enter> selects submenus ---> (or empty submenus ----).  Highlighted letters are     │
  │  hotkeys.  Pressing <Y> includes, <N> excludes, <M> modularizes features.  Press <Esc><Esc> to exit, <?> for Help,   │
  │  </> for Search.  Legend: [*] built-in  [ ] excluded  <M> module  < > module capable                                 │
  │                                                                                                                      │
  │ ┌──────────────────────────────────────────────────────────────────────────────────────────────────────────────────┐ │
  │ │                      <*> Intel uncore performance events                                                         │ │
  │ │                      <*> Intel/AMD rapl performance events                                                       │ │
  │ │                      <*> Intel cstate performance events                                                         │ │
  │ │                      < > AMD Processor Power Reporting Mechanism                                                 │ │
  │ └──────────────────────────────────────────────────────────────────────────────────────────────────────────────────┘ │
  ├──────────────────────────────────────────────────────────────────────────────────────────────────────────────────────┤
  │                               <Select>    < Exit >    < Help >    < Save >    < Load >                               │
  └──────────────────────────────────────────────────────────────────────────────────────────────────────────────────────┘



[menu] WALK MENU: /Processor type and features/Performance monitoring
[menu] visible_entries=4 known_entries=4
[menu] POSITIONED SCREEN for [50]: 'TSX enable mode (off)' by moving: delta:24 (prev:26, next:50)
[menu] CHILD SCREEN After ENTER [50]: 'TSX enable mode (off)'
 .config - Linux/x86 5.10.270-gentoo-hardened1 Kernel Configuration
 → Processor type and features ─────────────────────────────────────────────────────────────────────────────────────────────




















                              ┌─────────────────────── TSX enable mode ───────────────────────┐
                              │  Use the arrow keys to navigate this window or press the      │
                              │  hotkey of the item you wish to select followed by the <SPACE │
                              │  BAR>. Press <?> for additional information about this        │
                              │ ┌───────────────────────────────────────────────────────────┐ │
                              │ │                         (X) off                           │ │
                              │ │                         ( ) on                            │ │
                              │ │                         ( ) auto                          │ │
                              │ │                                                           │ │
                              │ │                                                           │ │
                              │ │                                                           │ │
                              │ └───────────────────────────────────────────────────────────┘ │
                              ├───────────────────────────────────────────────────────────────┤
                              │                    <Select>      < Help >                     │
                              └───────────────────────────────────────────────────────────────┘
























[menu] POSITIONED SCREEN for [54]: 'Timer frequency (1000 HZ)' by moving: delta:4 (prev:50, next:54)
[menu] CHILD SCREEN After ENTER [54]: 'Timer frequency (1000 HZ)'
 .config - Linux/x86 5.10.270-gentoo-hardened1 Kernel Configuration
 → Processor type and features ─────────────────────────────────────────────────────────────────────────────────────────────




















                              ┌─────────────────────── Timer frequency ───────────────────────┐
                              │  Use the arrow keys to navigate this window or press the      │
                              │  hotkey of the item you wish to select followed by the <SPACE │
                              │  BAR>. Press <?> for additional information about this        │
                              │ ┌───────────────────────────────────────────────────────────┐ │
                              │ │                        ( ) 100 HZ                         │ │
                              │ │                        ( ) 250 HZ                         │ │
                              │ │                        ( ) 300 HZ                         │ │
                              │ │                        (X) 1000 HZ                        │ │
                              │ │                                                           │ │
                              │ │                                                           │ │
                              │ └───────────────────────────────────────────────────────────┘ │
                              ├───────────────────────────────────────────────────────────────┤
                              │                    <Select>      < Help >                     │
                              └───────────────────────────────────────────────────────────────┘
























[menu] POSITIONED SCREEN for [67]: 'vsyscall table for legacy applications (None)' by moving: delta:13 (prev:54, next:67)
[menu] CHILD SCREEN After ENTER [67]: 'vsyscall table for legacy applications (None)'
 .config - Linux/x86 5.10.270-gentoo-hardened1 Kernel Configuration
 → Processor type and features ─────────────────────────────────────────────────────────────────────────────────────────────




















                              ┌─────────── vsyscall table for legacy applications ────────────┐
                              │  Use the arrow keys to navigate this window or press the      │
                              │  hotkey of the item you wish to select followed by the <SPACE │
                              │  BAR>. Press <?> for additional information about this        │
                              │ ┌───────────────────────────────────────────────────────────┐ │
                              │ │                ( ) Full emulation                         │ │
                              │ │                ( ) Emulate execution only                 │ │
                              │ │                (X) None                                   │ │
                              │ │                                                           │ │
                              │ │                                                           │ │
                              │ │                                                           │ │
                              │ └───────────────────────────────────────────────────────────┘ │
                              ├───────────────────────────────────────────────────────────────┤
                              │                    <Select>      < Help >                     │
                              └───────────────────────────────────────────────────────────────┘
























[menu] POSITIONED SCREEN for [3]: '[*] Mitigations for CPU vulnerabilities' by moving: delta:1 (prev:2, next:3)
[menu] CHILD SCREEN After ENTER [3]: '[*] Mitigations for CPU vulnerabilities'
 .config - Linux/x86 5.10.270-gentoo-hardened1 Kernel Configuration
 → Mitigations for CPU vulnerabilities ─────────────────────────────────────────────────────────────────────────────────────
  ┌──────────────────────────────────────── Mitigations for CPU vulnerabilities ─────────────────────────────────────────┐
  │  Arrow keys navigate the menu.  <Enter> selects submenus ---> (or empty submenus ----).  Highlighted letters are     │
  │  hotkeys.  Pressing <Y> includes, <N> excludes, <M> modularizes features.  Press <Esc><Esc> to exit, <?> for Help,   │
  │  </> for Search.  Legend: [*] built-in  [ ] excluded  <M> module  < > module capable                                 │
  │                                                                                                                      │
  │ ┌──────────────────────────────────────────────────────────────────────────────────────────────────────────────────┐ │
  │ │                      --- Mitigations for CPU vulnerabilities                                                     │ │
  │ │                      [*]   Remove the kernel mapping in user mode                                                │ │
  │ │                      [*]   Avoid speculative indirect branches in kernel                                         │ │
  │ │                      [*]     Enable return-thunks                                                                │ │
  │ │                      [*]       Enable UNRET on kernel entry                                                      │ │
  │ │                      [*]   Enable IBPB on kernel entry                                                           │ │
  │ │                      [*]   Enable IBRS on kernel entry                                                           │ │
  │ │                      [*]   Mitigate speculative RAS overflow on AMD                                              │ │
  │ │                      [ ]   Mitigate Straight-Line-Speculation                                                    │ │
  │ │                      [ ]   Force GDS Mitigation                                                                  │ │
  │ │                      [*]   RFDS Mitigation                                                                       │ │
  │ │                      [*]   Enable Indirect Target Selection mitigation                                           │ │
  │ │                      [*]   Mitigate Transient Scheduler Attacks                                                  │ │
  │ └──────────────────────────────────────────────────────────────────────────────────────────────────────────────────┘ │
  ├──────────────────────────────────────────────────────────────────────────────────────────────────────────────────────┤
  │                               <Select>    < Exit >    < Help >    < Save >    < Load >                               │
  └──────────────────────────────────────────────────────────────────────────────────────────────────────────────────────┘



[menu] WALK MENU: /[*] Mitigations for CPU vulnerabilities
[menu] visible_entries=13 known_entries=13
[menu] POSITIONED SCREEN for [4]: 'Power management and ACPI options' by moving: delta:1 (prev:3, next:4)
[menu] CHILD SCREEN After ENTER [4]: 'Power management and ACPI options'
 .config - Linux/x86 5.10.270-gentoo-hardened1 Kernel Configuration
 → Power management and ACPI options ───────────────────────────────────────────────────────────────────────────────────────
  ┌───────────────────────────────────────── Power management and ACPI options ──────────────────────────────────────────┐
  │  Arrow keys navigate the menu.  <Enter> selects submenus ---> (or empty submenus ----).  Highlighted letters are     │
  │  hotkeys.  Pressing <Y> includes, <N> excludes, <M> modularizes features.  Press <Esc><Esc> to exit, <?> for Help,   │
  │  </> for Search.  Legend: [*] built-in  [ ] excluded  <M> module  < > module capable                                 │
  │                                                                                                                      │
  │ ┌──────────────────────────────────────────────────────────────────────────────────────────────────────────────────┐ │
  │ │                      [*] Suspend to RAM and standby                                                              │ │
  │ │                      [*] Hibernation (aka 'suspend to disk')                                                     │ │
  │ │                      [*]   Userspace snapshot device                                                             │ │
  │ │                      ()    Default resume partition                                                              │ │
  │ │                      [ ] Opportunistic sleep                                                                     │ │
  │ │                      [ ] User space wakeup sources interface                                                     │ │
  │ │                      -*- Device power management core functionality                                              │ │
  │ │                      [*]   Power Management Debug Support                                                        │ │
  │ │                      [ ]     Extra PM attributes in sysfs for low-level debugging/testing                        │ │
  │ │                      [ ]     Test suspend/resume and wakealarm during bootup                                     │ │
  │ │                      [*] Suspend/resume event tracing                                                            │ │
  │ │                      [ ] Enable workqueue power-efficient mode by default                                        │ │
  │ │                      [ ] Energy Model for CPUs                                                                   │ │
  │ │                      [*] ACPI (Advanced Configuration and Power Interface) Support  --->                         │ │
  │ │                      [ ] SFI (Simple Firmware Interface) Support  ----                                           │ │
  │ │                          CPU Frequency scaling  --->                                                             │ │
  │ │                          CPU Idle  --->                                                                          │ │
  │ │                      [ ] Cpuidle Driver for Intel Processors                                                     │ │
  │ └──────────────────────────────────────────────────────────────────────────────────────────────────────────────────┘ │
  ├──────────────────────────────────────────────────────────────────────────────────────────────────────────────────────┤
  │                               <Select>    < Exit >    < Help >    < Save >    < Load >                               │
  └──────────────────────────────────────────────────────────────────────────────────────────────────────────────────────┘



[menu] WALK MENU: /Power management and ACPI options
[menu] visible_entries=18 known_entries=18
[menu] POSITIONED SCREEN for [13]: '[*] ACPI (Advanced Configuration and Power Interface) Support' by moving: delta:13 (prev:0, next:13)
[menu] CHILD SCREEN After ENTER [13]: '[*] ACPI (Advanced Configuration and Power Interface) Support'
 .config - Linux/x86 5.10.270-gentoo-hardened1 Kernel Configuration
 → Power management and ACPI options → ACPI (Advanced Configuration and Power Interface) Support ───────────────────────────
  ┌───────────────────────────── ACPI (Advanced Configuration and Power Interface) Support ──────────────────────────────┐
  │  Arrow keys navigate the menu.  <Enter> selects submenus ---> (or empty submenus ----).  Highlighted letters are     │
  │  hotkeys.  Pressing <Y> includes, <N> excludes, <M> modularizes features.  Press <Esc><Esc> to exit, <?> for Help,   │
  │  </> for Search.  Legend: [*] built-in  [ ] excluded  <M> module  < > module capable                                 │
  │                                                                                                                      │
  │ ┌──────────────────────────────────────────────────────────────────────────────────────────────────────────────────┐ │
  │ │                      --- ACPI (Advanced Configuration and Power Interface) Support                               │ │
  │ │                      [ ]   AML debugger interface                                                                │ │
  │ │                      [*]   ACPI Serial Port Console Redirection Support                                          │ │
  │ │                      [*]   Allow supported ACPI revision to be overridden                                        │ │
  │ │                      < >   EC read/write access through /sys/kernel/debug/ec                                     │ │
  │ │                      <*>   AC Adapter                                                                            │ │
  │ │                      <*>   Battery                                                                               │ │
  │ │                      -*-   Button                                                                                │ │
  │ │                      -*-   Video                                                                                 │ │
  │ │                      <*>   Fan                                                                                   │ │
  │ │                      < >   ACPI Time and Alarm (TAD) Device Support                                              │ │
  │ │                      [*]   Dock                                                                                  │ │
  │ │                      -*-   Processor                                                                             │ │
  │ │                      < >   Processor Aggregator                                                                  │ │
  │ │                      <*>   Thermal Zone                                                                          │ │
  │ │                      [*]   Allow upgrading ACPI tables via initrd                                                │ │
  │ │                      [ ]   Debug Statements                                                                      │ │
  │ │                      [ ]   PCI slot detection driver                                                             │ │
  │ │                      -*-   Container and Module Devices                                                          │ │
  │ │                      < >   Smart Battery System                                                                  │ │
  │ │                      [ ]   Hardware Error Device                                                                 │ │
  │ │                      < >   Allow ACPI methods to be inserted/replaced at run time                                │ │
  │ │                      [*]   Boottime Graphics Resource Table support                                              │ │
  │ │                      < >   ACPI NVDIMM Firmware Interface Table (NFIT)                                           │ │
  │ │                      -*-   NUMA support                                                                          │ │
  │ │                      [ ]     ACPI Heterogeneous Memory Attribute Table Support                                   │ │
  │ │                      [ ]   ACPI Platform Error Interface (APEI)                                                  │ │
  │ │                      [ ]   Intel DPTF (Dynamic Platform and Thermal Framework) Support  ----                     │ │
  │ │                      < >   ACPI configfs support                                                                 │ │
  │ │                      [ ]   PMIC (Power Management Integrated Circuit) operation region support  ----             │ │
  │ └──────────────────────────────────────────────────────────────────────────────────────────────────────────────────┘ │
  ├──────────────────────────────────────────────────────────────────────────────────────────────────────────────────────┤
  │                               <Select>    < Exit >    < Help >    < Save >    < Load >                               │
  └──────────────────────────────────────────────────────────────────────────────────────────────────────────────────────┘



[menu] WALK MENU: /Power management and ACPI options/[*] ACPI (Advanced Configuration and Power Interface) Support
[menu] visible_entries=30 known_entries=30
[menu] POSITIONED SCREEN for [15]: 'CPU Frequency scaling' by moving: delta:2 (prev:13, next:15)
[menu] CHILD SCREEN After ENTER [15]: 'CPU Frequency scaling'
 .config - Linux/x86 5.10.270-gentoo-hardened1 Kernel Configuration
 → Power management and ACPI options → CPU Frequency scaling ───────────────────────────────────────────────────────────────
  ┌─────────────────────────────────────────────── CPU Frequency scaling ────────────────────────────────────────────────┐
  │  Arrow keys navigate the menu.  <Enter> selects submenus ---> (or empty submenus ----).  Highlighted letters are     │
  │  hotkeys.  Pressing <Y> includes, <N> excludes, <M> modularizes features.  Press <Esc><Esc> to exit, <?> for Help,   │
  │  </> for Search.  Legend: [*] built-in  [ ] excluded  <M> module  < > module capable                                 │
  │                                                                                                                      │
  │ ┌──────────────────────────────────────────────────────────────────────────────────────────────────────────────────┐ │
  │ │                      -*- CPU Frequency scaling                                                                   │ │
  │ │                      [ ]   CPU frequency transition statistics                                                   │ │
  │ │                            Default CPUFreq governor (userspace)  --->                                            │ │
  │ │                      -*-   'performance' governor                                                                │ │
  │ │                      < >   'powersave' governor                                                                  │ │
  │ │                      -*-   'userspace' governor for userspace frequency scaling                                  │ │
  │ │                      <*>   'ondemand' cpufreq policy governor                                                    │ │
  │ │                      < >   'conservative' cpufreq governor                                                       │ │
  │ │                      -*-   'schedutil' cpufreq policy governor                                                   │ │
  │ │                            *** CPU frequency scaling drivers ***                                                 │ │
  │ │                      -*-   Intel P state control                                                                 │ │
  │ │                      < >   Processor Clocking Control interface driver                                           │ │
  │ │                      <*>   ACPI Processor P-States driver                                                        │ │
  │ │                      [*]     Legacy cpb sysfs knob support for AMD CPUs                                          │ │
  │ │                      < >   AMD Opteron/Athlon64 PowerNow!                                                        │ │
  │ │                      < >   AMD frequency sensitivity feedback powersave bias                                     │ │
  │ │                      < >   Intel Enhanced SpeedStep (deprecated)                                                 │ │
  │ │                      < >   Intel Pentium 4 clock modulation                                                      │ │
  │ │                            *** shared options ***                                                                │ │
  │ └──────────────────────────────────────────────────────────────────────────────────────────────────────────────────┘ │
  ├──────────────────────────────────────────────────────────────────────────────────────────────────────────────────────┤
  │                               <Select>    < Exit >    < Help >    < Save >    < Load >                               │
  └──────────────────────────────────────────────────────────────────────────────────────────────────────────────────────┘



[menu] WALK MENU: /Power management and ACPI options/CPU Frequency scaling
[menu] visible_entries=17 known_entries=17
[menu] POSITIONED SCREEN for [2]: 'Default CPUFreq governor (userspace)' by moving: delta:2 (prev:0, next:2)
[menu] CHILD SCREEN After ENTER [2]: 'Default CPUFreq governor (userspace)'
 .config - Linux/x86 5.10.270-gentoo-hardened1 Kernel Configuration
 → Power management and ACPI options → CPU Frequency scaling ───────────────────────────────────────────────────────────────




















                              ┌────────────────── Default CPUFreq governor ───────────────────┐
                              │  Use the arrow keys to navigate this window or press the      │
                              │  hotkey of the item you wish to select followed by the <SPACE │
                              │  BAR>. Press <?> for additional information about this        │
                              │ ┌───────────────────────────────────────────────────────────┐ │
                              │ │                      ( ) performance                      │ │
                              │ │                      ( ) powersave                        │ │
                              │ │                      (X) userspace                        │ │
                              │ │                      ( ) schedutil                        │ │
                              │ │                                                           │ │
                              │ │                                                           │ │
                              │ └───────────────────────────────────────────────────────────┘ │
                              ├───────────────────────────────────────────────────────────────┤
                              │                    <Select>      < Help >                     │
                              └───────────────────────────────────────────────────────────────┘
























[menu] POSITIONED SCREEN for [16]: 'CPU Idle' by moving: delta:1 (prev:15, next:16)
[menu] CHILD SCREEN After ENTER [16]: 'CPU Idle'
 .config - Linux/x86 5.10.270-gentoo-hardened1 Kernel Configuration
 → Power management and ACPI options → CPU Idle ────────────────────────────────────────────────────────────────────────────
  ┌────────────────────────────────────────────────────── CPU Idle ──────────────────────────────────────────────────────┐
  │  Arrow keys navigate the menu.  <Enter> selects submenus ---> (or empty submenus ----).  Highlighted letters are     │
  │  hotkeys.  Pressing <Y> includes, <N> excludes, <M> modularizes features.  Press <Esc><Esc> to exit, <?> for Help,   │
  │  </> for Search.  Legend: [*] built-in  [ ] excluded  <M> module  < > module capable                                 │
  │                                                                                                                      │
  │ ┌──────────────────────────────────────────────────────────────────────────────────────────────────────────────────┐ │
  │ │                      -*- CPU idle PM support                                                                     │ │
  │ │                      [ ]   Ladder governor (for periodic timer tick)                                             │ │
  │ │                      -*-   Menu governor (for tickless system)                                                   │ │
  │ │                      [ ]   Timer events oriented (TEO) governor (for tickless systems)                           │ │
  │ └──────────────────────────────────────────────────────────────────────────────────────────────────────────────────┘ │
  ├──────────────────────────────────────────────────────────────────────────────────────────────────────────────────────┤
  │                               <Select>    < Exit >    < Help >    < Save >    < Load >                               │
  └──────────────────────────────────────────────────────────────────────────────────────────────────────────────────────┘



[menu] WALK MENU: /Power management and ACPI options/CPU Idle
[menu] visible_entries=4 known_entries=4
[menu] POSITIONED SCREEN for [5]: 'Bus options (PCI etc.)' by moving: delta:1 (prev:4, next:5)
[menu] CHILD SCREEN After ENTER [5]: 'Bus options (PCI etc.)'
 .config - Linux/x86 5.10.270-gentoo-hardened1 Kernel Configuration
 → Bus options (PCI etc.) ──────────────────────────────────────────────────────────────────────────────────────────────────
  ┌─────────────────────────────────────────────── Bus options (PCI etc.) ───────────────────────────────────────────────┐
  │  Arrow keys navigate the menu.  <Enter> selects submenus ---> (or empty submenus ----).  Highlighted letters are     │
  │  hotkeys.  Pressing <Y> includes, <N> excludes, <M> modularizes features.  Press <Esc><Esc> to exit, <?> for Help,   │
  │  </> for Search.  Legend: [*] built-in  [ ] excluded  <M> module  < > module capable                                 │
  │                                                                                                                      │
  │ ┌──────────────────────────────────────────────────────────────────────────────────────────────────────────────────┐ │
  │ │                      [*] Support mmconfig PCI config space access                                                │ │
  │ │                      [ ] Mark VGA/VBE/EFI FB as generic system framebuffer                                       │ │
  │ └──────────────────────────────────────────────────────────────────────────────────────────────────────────────────┘ │
  ├──────────────────────────────────────────────────────────────────────────────────────────────────────────────────────┤
  │                               <Select>    < Exit >    < Help >    < Save >    < Load >                               │
  └──────────────────────────────────────────────────────────────────────────────────────────────────────────────────────┘



[menu] WALK MENU: /Bus options (PCI etc.)
[menu] visible_entries=2 known_entries=2
[menu] POSITIONED SCREEN for [6]: 'Binary Emulations' by moving: delta:1 (prev:5, next:6)
[menu] CHILD SCREEN After ENTER [6]: 'Binary Emulations'
 .config - Linux/x86 5.10.270-gentoo-hardened1 Kernel Configuration
 → Binary Emulations ───────────────────────────────────────────────────────────────────────────────────────────────────────
  ┌───────────────────────────────────────────────── Binary Emulations ──────────────────────────────────────────────────┐
  │  Arrow keys navigate the menu.  <Enter> selects submenus ---> (or empty submenus ----).  Highlighted letters are     │
  │  hotkeys.  Pressing <Y> includes, <N> excludes, <M> modularizes features.  Press <Esc><Esc> to exit, <?> for Help,   │
  │  </> for Search.  Legend: [*] built-in  [ ] excluded  <M> module  < > module capable                                 │
  │                                                                                                                      │
  │ ┌──────────────────────────────────────────────────────────────────────────────────────────────────────────────────┐ │
  │ │                      [*] IA32 Emulation                                                                          │ │
  │ │                      [ ] x32 ABI for 64-bit mode                                                                 │ │
  │ └──────────────────────────────────────────────────────────────────────────────────────────────────────────────────┘ │
  ├──────────────────────────────────────────────────────────────────────────────────────────────────────────────────────┤
  │                               <Select>    < Exit >    < Help >    < Save >    < Load >                               │
  └──────────────────────────────────────────────────────────────────────────────────────────────────────────────────────┘



[menu] WALK MENU: /Binary Emulations
[menu] visible_entries=2 known_entries=2
[menu] POSITIONED SCREEN for [7]: 'Firmware Drivers' by moving: delta:1 (prev:6, next:7)
[menu] CHILD SCREEN After ENTER [7]: 'Firmware Drivers'
 .config - Linux/x86 5.10.270-gentoo-hardened1 Kernel Configuration
 → Firmware Drivers ────────────────────────────────────────────────────────────────────────────────────────────────────────
  ┌────────────────────────────────────────────────── Firmware Drivers ──────────────────────────────────────────────────┐
  │  Arrow keys navigate the menu.  <Enter> selects submenus ---> (or empty submenus ----).  Highlighted letters are     │
  │  hotkeys.  Pressing <Y> includes, <N> excludes, <M> modularizes features.  Press <Esc><Esc> to exit, <?> for Help,   │
  │  </> for Search.  Legend: [*] built-in  [ ] excluded  <M> module  < > module capable                                 │
  │                                                                                                                      │
  │ ┌──────────────────────────────────────────────────────────────────────────────────────────────────────────────────┐ │
  │ │                      < > BIOS Enhanced Disk Drive calls determine boot disk                                      │ │
  │ │                      [*] Export DMI identification via sysfs to userspace                                        │ │
  │ │                      < > DMI table support in sysfs                                                              │ │
  │ │                      < > QEMU fw_cfg device support in sysfs                                                     │ │
  │ │                      [ ] Google Firmware Drivers  ----                                                           │ │
  │ │                          EFI (Extensible Firmware Interface) Support  --->                                       │ │
  │ │                      [*] Load custom ACPI SSDT overlay from an EFI variable                                      │ │
  │ │                          Tegra firmware driver  ----                                                             │ │
  │ └──────────────────────────────────────────────────────────────────────────────────────────────────────────────────┘ │
  ├──────────────────────────────────────────────────────────────────────────────────────────────────────────────────────┤
  │                               <Select>    < Exit >    < Help >    < Save >    < Load >                               │
  └──────────────────────────────────────────────────────────────────────────────────────────────────────────────────────┘



[menu] WALK MENU: /Firmware Drivers
[menu] visible_entries=8 known_entries=8
[menu] POSITIONED SCREEN for [5]: 'EFI (Extensible Firmware Interface) Support' by moving: delta:5 (prev:0, next:5)
[menu] CHILD SCREEN After ENTER [5]: 'EFI (Extensible Firmware Interface) Support'
 .config - Linux/x86 5.10.270-gentoo-hardened1 Kernel Configuration
 → Firmware Drivers → EFI (Extensible Firmware Interface) Support ──────────────────────────────────────────────────────────
  ┌──────────────────────────────────── EFI (Extensible Firmware Interface) Support ─────────────────────────────────────┐
  │  Arrow keys navigate the menu.  <Enter> selects submenus ---> (or empty submenus ----).  Highlighted letters are     │
  │  hotkeys.  Pressing <Y> includes, <N> excludes, <M> modularizes features.  Press <Esc><Esc> to exit, <?> for Help,   │
  │  </> for Search.  Legend: [*] built-in  [ ] excluded  <M> module  < > module capable                                 │
  │                                                                                                                      │
  │ ┌──────────────────────────────────────────────────────────────────────────────────────────────────────────────────┐ │
  │ │                      <*> EFI Variable Support via sysfs                                                          │ │
  │ │                      [*] Export efi runtime maps to sysfs                                                        │ │
  │ │                      [ ] Enable EFI fake memory map                                                              │ │
  │ │                      < > EFI Bootloader Control                                                                  │ │
  │ │                      < > EFI capsule loader                                                                      │ │
  │ │                      < > EFI Runtime Service Tests Support                                                       │ │
  │ │                      [ ] Apple Device Properties                                                                 │ │
  │ │                      [ ] Reset memory attack mitigation                                                          │ │
  │ │                      [ ] EFI Runtime Configuration Interface Table Version 2 Support                             │ │
  │ │                      [ ] Clear Busmaster bit on PCI bridges during ExitBootServices()                            │ │
  │ └──────────────────────────────────────────────────────────────────────────────────────────────────────────────────┘ │
  ├──────────────────────────────────────────────────────────────────────────────────────────────────────────────────────┤
  │                               <Select>    < Exit >    < Help >    < Save >    < Load >                               │
  └──────────────────────────────────────────────────────────────────────────────────────────────────────────────────────┘



[menu] WALK MENU: /Firmware Drivers/EFI (Extensible Firmware Interface) Support
[menu] visible_entries=10 known_entries=10
[menu] POSITIONED SCREEN for [8]: '[*] Virtualization' by moving: delta:1 (prev:7, next:8)
[menu] CHILD SCREEN After ENTER [8]: '[*] Virtualization'
 .config - Linux/x86 5.10.270-gentoo-hardened1 Kernel Configuration
 → Virtualization ──────────────────────────────────────────────────────────────────────────────────────────────────────────
  ┌─────────────────────────────────────────────────── Virtualization ───────────────────────────────────────────────────┐
  │  Arrow keys navigate the menu.  <Enter> selects submenus ---> (or empty submenus ----).  Highlighted letters are     │
  │  hotkeys.  Pressing <Y> includes, <N> excludes, <M> modularizes features.  Press <Esc><Esc> to exit, <?> for Help,   │
  │  </> for Search.  Legend: [*] built-in  [ ] excluded  <M> module  < > module capable                                 │
  │                                                                                                                      │
  │ ┌──────────────────────────────────────────────────────────────────────────────────────────────────────────────────┐ │
  │ │                      --- Virtualization                                                                          │ │
  │ │                      < >   Kernel-based Virtual Machine (KVM) support                                            │ │
  │ └──────────────────────────────────────────────────────────────────────────────────────────────────────────────────┘ │
  ├──────────────────────────────────────────────────────────────────────────────────────────────────────────────────────┤
  │                               <Select>    < Exit >    < Help >    < Save >    < Load >                               │
  └──────────────────────────────────────────────────────────────────────────────────────────────────────────────────────┘



[menu] WALK MENU: /[*] Virtualization
[menu] visible_entries=2 known_entries=2
[menu] POSITIONED SCREEN for [9]: 'General architecture-dependent options' by moving: delta:1 (prev:8, next:9)
[menu] CHILD SCREEN After ENTER [9]: 'General architecture-dependent options'
 .config - Linux/x86 5.10.270-gentoo-hardened1 Kernel Configuration
 → General architecture-dependent options ──────────────────────────────────────────────────────────────────────────────────
  ┌─────────────────────────────────────── General architecture-dependent options ───────────────────────────────────────┐
  │  Arrow keys navigate the menu.  <Enter> selects submenus ---> (or empty submenus ----).  Highlighted letters are     │
  │  hotkeys.  Pressing <Y> includes, <N> excludes, <M> modularizes features.  Press <Esc><Esc> to exit, <?> for Help,   │
  │  </> for Search.  Legend: [*] built-in  [ ] excluded  <M> module  < > module capable                                 │
  │                                                                                                                      │
  │ ┌──────────────────────────────────────────────────────────────────────────────────────────────────────────────────┐ │
  │ │                      < > OProfile system profiling                                                               │ │
  │ │                      [*] Kprobes                                                                                 │ │
  │ │                      [*] Optimize very unlikely/likely branches                                                  │ │
  │ │                      [ ]   Static key selftest                                                                   │ │
  │ │                      [ ] Static call selftest                                                                    │ │
  │ │                      [*] Enable seccomp to safely execute untrusted bytecode                                     │ │
  │ │                      [*] Stack Protector buffer overflow detection                                               │ │
  │ │                      [*]   Strong Stack Protector                                                                │ │
  │ │                      [*] Provide system calls for 32-bit time_t                                                  │ │
  │ │                      [*] Use a virtually-mapped stack                                                            │ │
  │ │                      [ ] Locking event counts collection                                                         │ │
  │ │                          GCOV-based kernel profiling  --->                                                       │ │
  │ │                      [*] GCC plugins  --->                                                                       │ │
  │ └──────────────────────────────────────────────────────────────────────────────────────────────────────────────────┘ │
  ├──────────────────────────────────────────────────────────────────────────────────────────────────────────────────────┤
  │                               <Select>    < Exit >    < Help >    < Save >    < Load >                               │
  └──────────────────────────────────────────────────────────────────────────────────────────────────────────────────────┘



[menu] WALK MENU: /General architecture-dependent options
[menu] visible_entries=13 known_entries=13
[menu] POSITIONED SCREEN for [11]: 'GCOV-based kernel profiling' by moving: delta:11 (prev:0, next:11)
[menu] CHILD SCREEN After ENTER [11]: 'GCOV-based kernel profiling'
 .config - Linux/x86 5.10.270-gentoo-hardened1 Kernel Configuration
 → General architecture-dependent options → GCOV-based kernel profiling ────────────────────────────────────────────────────
  ┌──────────────────────────────────────────── GCOV-based kernel profiling ─────────────────────────────────────────────┐
  │  Arrow keys navigate the menu.  <Enter> selects submenus ---> (or empty submenus ----).  Highlighted letters are     │
  │  hotkeys.  Pressing <Y> includes, <N> excludes, <M> modularizes features.  Press <Esc><Esc> to exit, <?> for Help,   │
  │  </> for Search.  Legend: [*] built-in  [ ] excluded  <M> module  < > module capable                                 │
  │                                                                                                                      │
  │ ┌──────────────────────────────────────────────────────────────────────────────────────────────────────────────────┐ │
  │ │                      [ ] Enable gcov-based kernel profiling                                                      │ │
  │ └──────────────────────────────────────────────────────────────────────────────────────────────────────────────────┘ │
  ├──────────────────────────────────────────────────────────────────────────────────────────────────────────────────────┤
  │                               <Select>    < Exit >    < Help >    < Save >    < Load >                               │
  └──────────────────────────────────────────────────────────────────────────────────────────────────────────────────────┘



[menu] WALK MENU: /General architecture-dependent options/GCOV-based kernel profiling
[menu] visible_entries=1 known_entries=1
[menu] POSITIONED SCREEN for [12]: '[*] GCC plugins' by moving: delta:1 (prev:11, next:12)
[menu] CHILD SCREEN After ENTER [12]: '[*] GCC plugins'
 .config - Linux/x86 5.10.270-gentoo-hardened1 Kernel Configuration
 → General architecture-dependent options → GCC plugins ────────────────────────────────────────────────────────────────────
  ┌──────────────────────────────────────────────────── GCC plugins ─────────────────────────────────────────────────────┐
  │  Arrow keys navigate the menu.  <Enter> selects submenus ---> (or empty submenus ----).  Highlighted letters are     │
  │  hotkeys.  Pressing <Y> includes, <N> excludes, <M> modularizes features.  Press <Esc><Esc> to exit, <?> for Help,   │
  │  </> for Search.  Legend: [*] built-in  [ ] excluded  <M> module  < > module capable                                 │
  │                                                                                                                      │
  │ ┌──────────────────────────────────────────────────────────────────────────────────────────────────────────────────┐ │
  │ │                      --- GCC plugins                                                                             │ │
  │ │                      [ ]   Generate some entropy during boot and runtime                                         │ │
  │ │                      [ ]   Randomize layout of sensitive kernel structures                                       │ │
  │ └──────────────────────────────────────────────────────────────────────────────────────────────────────────────────┘ │
  ├──────────────────────────────────────────────────────────────────────────────────────────────────────────────────────┤
  │                               <Select>    < Exit >    < Help >    < Save >    < Load >                               │
  └──────────────────────────────────────────────────────────────────────────────────────────────────────────────────────┘



[menu] WALK MENU: /General architecture-dependent options/[*] GCC plugins
[menu] visible_entries=3 known_entries=3
[menu] POSITIONED SCREEN for [10]: '[*] Enable loadable module support' by moving: delta:1 (prev:9, next:10)
[menu] CHILD SCREEN After ENTER [10]: '[*] Enable loadable module support'
 .config - Linux/x86 5.10.270-gentoo-hardened1 Kernel Configuration
 → Enable loadable module support ──────────────────────────────────────────────────────────────────────────────────────────
  ┌─────────────────────────────────────────── Enable loadable module support ───────────────────────────────────────────┐
  │  Arrow keys navigate the menu.  <Enter> selects submenus ---> (or empty submenus ----).  Highlighted letters are     │
  │  hotkeys.  Pressing <Y> includes, <N> excludes, <M> modularizes features.  Press <Esc><Esc> to exit, <?> for Help,   │
  │  </> for Search.  Legend: [*] built-in  [ ] excluded  <M> module  < > module capable                                 │
  │                                                                                                                      │
  │ ┌──────────────────────────────────────────────────────────────────────────────────────────────────────────────────┐ │
  │ │                      --- Enable loadable module support                                                          │ │
  │ │                      [ ]   Forced module loading                                                                 │ │
  │ │                      [*]   Module unloading                                                                      │ │
  │ │                      [*]     Forced module unloading                                                             │ │
  │ │                      [ ]   Module versioning support                                                             │ │
  │ │                      [ ]   Source checksum for all modules                                                       │ │
  │ │                      [ ]   Module signature verification                                                         │ │
  │ │                      [ ]   Compress modules on installation                                                      │ │
  │ │                      [ ]   Allow loading of modules with missing namespace imports                               │ │
  │ │                      [ ]   Enable unused/obsolete exported symbols                                               │ │
  │ │                      [ ]     Trim unused exported kernel symbols                                                 │ │
  │ └──────────────────────────────────────────────────────────────────────────────────────────────────────────────────┘ │
  ├──────────────────────────────────────────────────────────────────────────────────────────────────────────────────────┤
  │                               <Select>    < Exit >    < Help >    < Save >    < Load >                               │
  └──────────────────────────────────────────────────────────────────────────────────────────────────────────────────────┘



[menu] WALK MENU: /[*] Enable loadable module support
[menu] visible_entries=11 known_entries=11
[menu] POSITIONED SCREEN for [11]: '-*- Enable the block layer' by moving: delta:1 (prev:10, next:11)
[menu] CHILD SCREEN After ENTER [11]: '-*- Enable the block layer'
 .config - Linux/x86 5.10.270-gentoo-hardened1 Kernel Configuration
 → Enable the block layer ──────────────────────────────────────────────────────────────────────────────────────────────────
  ┌─────────────────────────────────────────────── Enable the block layer ───────────────────────────────────────────────┐
  │  Arrow keys navigate the menu.  <Enter> selects submenus ---> (or empty submenus ----).  Highlighted letters are     │
  │  hotkeys.  Pressing <Y> includes, <N> excludes, <M> modularizes features.  Press <Esc><Esc> to exit, <?> for Help,   │
  │  </> for Search.  Legend: [*] built-in  [ ] excluded  <M> module  < > module capable                                 │
  │                                                                                                                      │
  │ ┌──────────────────────────────────────────────────────────────────────────────────────────────────────────────────┐ │
  │ │                      --- Enable the block layer                                                                  │ │
  │ │                      [*]   Block layer SG support v4                                                             │ │
  │ │                      [ ]   Block layer SG support v4 helper lib                                                  │ │
  │ │                      [ ]   Block layer data integrity support                                                    │ │
  │ │                      [ ]   Zoned block device support                                                            │ │
  │ │                      [ ]   Block device command line partition parser                                            │ │
  │ │                      [ ]   Enable support for block device writeback throttling                                  │ │
  │ │                      [*]   Block layer debugging information in debugfs                                          │ │
  │ │                      [ ]   Logic for interfacing with Opal enabled SEDs                                          │ │
  │ │                      [ ]   Enable inline encryption support in block layer                                       │ │
  │ │                            Partition Types  --->                                                                 │ │
  │ └──────────────────────────────────────────────────────────────────────────────────────────────────────────────────┘ │
  ├──────────────────────────────────────────────────────────────────────────────────────────────────────────────────────┤
  │                               <Select>    < Exit >    < Help >    < Save >    < Load >                               │
  └──────────────────────────────────────────────────────────────────────────────────────────────────────────────────────┘



[menu] WALK MENU: /-*- Enable the block layer
[menu] visible_entries=11 known_entries=11
[menu] POSITIONED SCREEN for [10]: 'Partition Types' by moving: delta:10 (prev:0, next:10)
[menu] CHILD SCREEN After ENTER [10]: 'Partition Types'
 .config - Linux/x86 5.10.270-gentoo-hardened1 Kernel Configuration
 → Enable the block layer → Partition Types ────────────────────────────────────────────────────────────────────────────────
  ┌────────────────────────────────────────────────── Partition Types ───────────────────────────────────────────────────┐
  │  Arrow keys navigate the menu.  <Enter> selects submenus ---> (or empty submenus ----).  Highlighted letters are     │
  │  hotkeys.  Pressing <Y> includes, <N> excludes, <M> modularizes features.  Press <Esc><Esc> to exit, <?> for Help,   │
  │  </> for Search.  Legend: [*] built-in  [ ] excluded  <M> module  < > module capable                                 │
  │                                                                                                                      │
  │ ┌──────────────────────────────────────────────────────────────────────────────────────────────────────────────────┐ │
  │ │                      [ ] Advanced partition selection                                                            │ │
  │ └──────────────────────────────────────────────────────────────────────────────────────────────────────────────────┘ │
  ├──────────────────────────────────────────────────────────────────────────────────────────────────────────────────────┤
  │                               <Select>    < Exit >    < Help >    < Save >    < Load >                               │
  └──────────────────────────────────────────────────────────────────────────────────────────────────────────────────────┘



[menu] WALK MENU: /-*- Enable the block layer/Partition Types
[menu] visible_entries=1 known_entries=1
[menu] POSITIONED SCREEN for [12]: 'IO Schedulers' by moving: delta:1 (prev:11, next:12)
[menu] CHILD SCREEN After ENTER [12]: 'IO Schedulers'
 .config - Linux/x86 5.10.270-gentoo-hardened1 Kernel Configuration
 → IO Schedulers ───────────────────────────────────────────────────────────────────────────────────────────────────────────
  ┌─────────────────────────────────────────────────── IO Schedulers ────────────────────────────────────────────────────┐
  │  Arrow keys navigate the menu.  <Enter> selects submenus ---> (or empty submenus ----).  Highlighted letters are     │
  │  hotkeys.  Pressing <Y> includes, <N> excludes, <M> modularizes features.  Press <Esc><Esc> to exit, <?> for Help,   │
  │  </> for Search.  Legend: [*] built-in  [ ] excluded  <M> module  < > module capable                                 │
  │                                                                                                                      │
  │ ┌──────────────────────────────────────────────────────────────────────────────────────────────────────────────────┐ │
  │ │                      <*> MQ deadline I/O scheduler                                                               │ │
  │ │                      <*> Kyber I/O scheduler                                                                     │ │
  │ │                      < > BFQ I/O scheduler                                                                       │ │
  │ └──────────────────────────────────────────────────────────────────────────────────────────────────────────────────┘ │
  ├──────────────────────────────────────────────────────────────────────────────────────────────────────────────────────┤
  │                               <Select>    < Exit >    < Help >    < Save >    < Load >                               │
  └──────────────────────────────────────────────────────────────────────────────────────────────────────────────────────┘



[menu] WALK MENU: /IO Schedulers
[menu] visible_entries=3 known_entries=3
[menu] POSITIONED SCREEN for [13]: 'Executable file formats' by moving: delta:1 (prev:12, next:13)
[menu] CHILD SCREEN After ENTER [13]: 'Executable file formats'
 .config - Linux/x86 5.10.270-gentoo-hardened1 Kernel Configuration
 → Executable file formats ─────────────────────────────────────────────────────────────────────────────────────────────────
  ┌────────────────────────────────────────────── Executable file formats ───────────────────────────────────────────────┐
  │  Arrow keys navigate the menu.  <Enter> selects submenus ---> (or empty submenus ----).  Highlighted letters are     │
  │  hotkeys.  Pressing <Y> includes, <N> excludes, <M> modularizes features.  Press <Esc><Esc> to exit, <?> for Help,   │
  │  </> for Search.  Legend: [*] built-in  [ ] excluded  <M> module  < > module capable                                 │
  │                                                                                                                      │
  │ ┌──────────────────────────────────────────────────────────────────────────────────────────────────────────────────┐ │
  │ │                      -*- Kernel support for ELF binaries                                                         │ │
  │ │                      [*] Write ELF core dumps with partial segments                                              │ │
  │ │                      -*- Kernel support for scripts starting with #!                                             │ │
  │ │                      <*> Kernel support for MISC binaries                                                        │ │
  │ └──────────────────────────────────────────────────────────────────────────────────────────────────────────────────┘ │
  ├──────────────────────────────────────────────────────────────────────────────────────────────────────────────────────┤
  │                               <Select>    < Exit >    < Help >    < Save >    < Load >                               │
  └──────────────────────────────────────────────────────────────────────────────────────────────────────────────────────┘



[menu] WALK MENU: /Executable file formats
[menu] visible_entries=4 known_entries=4
[menu] POSITIONED SCREEN for [14]: 'Memory Management options' by moving: delta:1 (prev:13, next:14)
[menu] CHILD SCREEN After ENTER [14]: 'Memory Management options'
 .config - Linux/x86 5.10.270-gentoo-hardened1 Kernel Configuration
 → Memory Management options ───────────────────────────────────────────────────────────────────────────────────────────────
  ┌───────────────────────────────────────────── Memory Management options ──────────────────────────────────────────────┐
  │  Arrow keys navigate the menu.  <Enter> selects submenus ---> (or empty submenus ----).  Highlighted letters are     │
  │  hotkeys.  Pressing <Y> includes, <N> excludes, <M> modularizes features.  Press <Esc><Esc> to exit, <?> for Help,   │
  │  </> for Search.  Legend: [*] built-in  [ ] excluded  <M> module  < > module capable                                 │
  │                                                                                                                      │
  │ ┌──────────────────────────────────────────────────────────────────────────────────────────────────────────────────┐ │
  │ │                          Memory model (Sparse Memory)  --->                                                      │ │
  │ │                      -*- Sparse Memory virtual memmap                                                            │ │
  │ │                      [ ] Allow for memory hot-add                                                                │ │
  │ │                      [*] Allow for memory compaction                                                             │ │
  │ │                      [ ] Free page reporting                                                                     │ │
  │ │                      -*- Page migration                                                                          │ │
  │ │                      [*] Enable bounce buffers                                                                   │ │
  │ │                      [ ] Enable KSM for page merging                                                             │ │
  │ │                      (4096) Low address space to protect from user allocation                                    │ │
  │ │                      [ ] Enable recovery from hardware memory errors                                             │ │
  │ │                      [ ] Transparent Hugepage Support                                                            │ │
  │ │                      [ ] Enable cleancache driver to cache clean pages if tmem is present                        │ │
  │ │                      [ ] Enable frontswap to cache swap pages if tmem is present                                 │ │
  │ │                      [ ] Contiguous Memory Allocator                                                             │ │
  │ │                      < > Common API for compressed memory storage                                                │ │
  │ │                      < > Low (Up to 2x) density storage for compressed pages                                     │ │
  │ │                      < > Memory allocator for compressed pages                                                   │ │
  │ │                      [ ] Defer initialisation of struct pages to kthreads                                        │ │
  │ │                      [ ] Enable idle page tracking                                                               │ │
  │ │                      [ ] Collect percpu memory statistics                                                        │ │
  │ │                      [ ] Enable infrastructure for get_user_pages() and related calls benchmarking               │ │
  │ └──────────────────────────────────────────────────────────────────────────────────────────────────────────────────┘ │
  ├──────────────────────────────────────────────────────────────────────────────────────────────────────────────────────┤
  │                               <Select>    < Exit >    < Help >    < Save >    < Load >                               │
  └──────────────────────────────────────────────────────────────────────────────────────────────────────────────────────┘



[menu] WALK MENU: /Memory Management options
[menu] visible_entries=21 known_entries=21
[menu] POSITIONED SCREEN for [0]: 'Memory model (Sparse Memory)' by moving: delta:0 (prev:0, next:0)
[menu] CHILD SCREEN After ENTER [0]: 'Memory model (Sparse Memory)'
 .config - Linux/x86 5.10.270-gentoo-hardened1 Kernel Configuration
 → Memory Management options ───────────────────────────────────────────────────────────────────────────────────────────────




















                              ┌──────────────────────── Memory model ─────────────────────────┐
                              │  Use the arrow keys to navigate this window or press the      │
                              │  hotkey of the item you wish to select followed by the <SPACE │
                              │  BAR>. Press <?> for additional information about this        │
                              │ ┌───────────────────────────────────────────────────────────┐ │
                              │ │                     (X) Sparse Memory                     │ │
                              │ │                                                           │ │
                              │ │                                                           │ │
                              │ │                                                           │ │
                              │ │                                                           │ │
                              │ │                                                           │ │
                              │ └───────────────────────────────────────────────────────────┘ │
                              ├───────────────────────────────────────────────────────────────┤
                              │                    <Select>      < Help >                     │
                              └───────────────────────────────────────────────────────────────┘
























[menu] POSITIONED SCREEN for [15]: '[*] Networking support' by moving: delta:1 (prev:14, next:15)
[menu] CHILD SCREEN After ENTER [15]: '[*] Networking support'
 .config - Linux/x86 5.10.270-gentoo-hardened1 Kernel Configuration
 → Networking support ──────────────────────────────────────────────────────────────────────────────────────────────────────
  ┌───────────────────────────────────────────────── Networking support ─────────────────────────────────────────────────┐
  │  Arrow keys navigate the menu.  <Enter> selects submenus ---> (or empty submenus ----).  Highlighted letters are     │
  │  hotkeys.  Pressing <Y> includes, <N> excludes, <M> modularizes features.  Press <Esc><Esc> to exit, <?> for Help,   │
  │  </> for Search.  Legend: [*] built-in  [ ] excluded  <M> module  < > module capable                                 │
  │                                                                                                                      │
  │ ┌──────────────────────────────────────────────────────────────────────────────────────────────────────────────────┐ │
  │ │                      --- Networking support                                                                      │ │
  │ │                            Networking options  --->                                                              │ │
  │ │                      [ ]   Amateur Radio support  ----                                                           │ │
  │ │                      < >   CAN bus subsystem support  ----                                                       │ │
  │ │                      < >   Bluetooth subsystem support  ----                                                     │ │
  │ │                      < >   RxRPC session sockets                                                                 │ │
  │ │                      < >   KCM sockets                                                                           │ │
  │ │                      -*-   Wireless  --->                                                                        │ │
  │ │                      < >   WiMAX Wireless Broadband support  ----                                                │ │
  │ │                      <*>   RF switch subsystem support  ----                                                     │ │
  │ │                      < >   Plan 9 Resource Sharing Support (9P2000)  ----                                        │ │
  │ │                      < >   CAIF support  ----                                                                    │ │
  │ │                      < >   Ceph core library                                                                     │ │
  │ │                      < >   NFC subsystem support  ----                                                           │ │
  │ │                      < >   Packet-sampling netlink channel  ----                                                 │ │
  │ │                      < >   Inter-FE based on IETF ForCES InterFE LFB  ----                                       │ │
  │ │                      [ ]   Network light weight tunnels                                                          │ │
  │ │                      < >   Generic failover module                                                               │ │
  │ │                      [*]   Netlink interface for ethtool                                                         │ │
  │ └──────────────────────────────────────────────────────────────────────────────────────────────────────────────────┘ │
  ├──────────────────────────────────────────────────────────────────────────────────────────────────────────────────────┤
  │                               <Select>    < Exit >    < Help >    < Save >    < Load >                               │
  └──────────────────────────────────────────────────────────────────────────────────────────────────────────────────────┘



[menu] WALK MENU: /[*] Networking support
[menu] visible_entries=19 known_entries=19
[menu] POSITIONED SCREEN for [1]: 'Networking options' by moving: delta:1 (prev:0, next:1)
[menu] CHILD SCREEN After ENTER [1]: 'Networking options'
 .config - Linux/x86 5.10.270-gentoo-hardened1 Kernel Configuration
 → Networking support → Networking options ─────────────────────────────────────────────────────────────────────────────────
  ┌───────────────────────────────────────────────── Networking options ─────────────────────────────────────────────────┐
  │  Arrow keys navigate the menu.  <Enter> selects submenus ---> (or empty submenus ----).  Highlighted letters are     │
  │  hotkeys.  Pressing <Y> includes, <N> excludes, <M> modularizes features.  Press <Esc><Esc> to exit, <?> for Help,   │
  │  </> for Search.  Legend: [*] built-in  [ ] excluded  <M> module  < > module capable                                 │
  │                                                                                                                      │
  │ ┌──────────────────────────────────────────────────────────────────────────────────────────────────────────────────┐ │
  │ │                      <*> Packet socket                                                                           │ │
  │ │                      < >   Packet: sockets monitoring interface                                                  │ │
  │ │                      -*- Unix domain sockets                                                                     │ │
  │ │                      < >   UNIX: socket monitoring interface                                                     │ │
  │ │                      < > Transport Layer Security support                                                        │ │
  │ │                      <*> Transformation user configuration interface                                             │ │
  │ │                      < >   Compatible ABI support                                                                │ │
  │ │                      < > Transformation virtual interface                                                        │ │
  │ │                      [ ] Transformation sub policy support                                                       │ │
  │ │                      [ ] Transformation migrate database                                                         │ │
  │ │                      [ ] Transformation statistics                                                               │ │
  │ │                      < > PF_KEY sockets                                                                          │ │
  │ │                      [*] TCP/IP networking                                                                       │ │
  │ │                      [*]   IP: multicasting                                                                      │ │
  │ │                      [*]   IP: advanced router                                                                   │ │
  │ │                      [ ]     FIB TRIE statistics                                                                 │ │
  │ │                      [*]     IP: policy routing                                                                  │ │
  │ │                      [*]     IP: equal cost multipath                                                            │ │
  │ │                      [*]     IP: verbose route monitoring                                                        │ │
  │ │                      [*]   IP: kernel level autoconfiguration                                                    │ │
  │ │                      [*]     IP: DHCP support                                                                    │ │
  │ │                      [*]     IP: BOOTP support                                                                   │ │
  │ │                      [*]     IP: RARP support                                                                    │ │
  │ │                      < >   IP: tunneling                                                                         │ │
  │ │                      < >   IP: GRE demultiplexer                                                                 │ │
  │ │                      [*]   IP: multicast routing                                                                 │ │
  │ │                      [ ]     IP: multicast policy routing                                                        │ │
  │ │                      [*]     IP: PIM-SM version 1 support                                                        │ │
  │ │                      [*]     IP: PIM-SM version 2 support                                                        │ │
  │ │                      [*]   IP: TCP syncookie support                                                             │ │
  │ │                      < >   Virtual (secure) IP: tunneling                                                        │ │
  │ │                      < >   IP: Foo (IP protocols) over UDP                                                       │ │
  │ │                      [ ]   IP: FOU encapsulation of IP tunnels                                                   │ │
  │ │                      < >   IP: AH transformation                                                                 │ │
  │ │                      < >   IP: ESP transformation                                                                │ │
  │ │                      < >   IP: IPComp transformation                                                             │ │
  │ │                      < >   INET: socket monitoring interface                                                     │ │
  │ │                      [*]   TCP: advanced congestion control  --->                                                │ │
  │ │                      [*]   TCP: MD5 Signature Option support (RFC2385)                                           │ │
  │ │                      [ ]   Enable TCP simultaneous connect                                                       │ │
  │ │                      <*>   The IPv6 protocol  --->                                                               │ │
  │ │                      [*]   NetLabel subsystem support                                                            │ │
  │ │                      [ ]   MPTCP: Multipath TCP                                                                  │ │
  │ │                      -*- Security Marking                                                                        │ │
  │ │                      [ ] Timestamping in PHY devices                                                             │ │
  │ │                      [*] Network packet filtering framework (Netfilter)  --->                                    │ │
  │ └──────────────────────↓(+)────────────────────────────────────────────────────────────────────────────────────────┘ │
  ├──────────────────────────────────────────────────────────────────────────────────────────────────────────────────────┤
  │                               <Select>    < Exit >    < Help >    < Save >    < Load >                               │
  └──────────────────────────────────────────────────────────────────────────────────────────────────────────────────────┘



[menu] WALK MENU: /[*] Networking support/Networking options
[menu] visible_entries=46 known_entries=81
[menu] POSITIONED SCREEN for [37]: '[*]   TCP: advanced congestion control' by moving: delta:37 (prev:0, next:37)
[menu] CHILD SCREEN After ENTER [37]: '[*]   TCP: advanced congestion control'
 .config - Linux/x86 5.10.270-gentoo-hardened1 Kernel Configuration
 → Networking support → Networking options → TCP: advanced congestion control ──────────────────────────────────────────────
  ┌────────────────────────────────────────── TCP: advanced congestion control ──────────────────────────────────────────┐
  │  Arrow keys navigate the menu.  <Enter> selects submenus ---> (or empty submenus ----).  Highlighted letters are     │
  │  hotkeys.  Pressing <Y> includes, <N> excludes, <M> modularizes features.  Press <Esc><Esc> to exit, <?> for Help,   │
  │  </> for Search.  Legend: [*] built-in  [ ] excluded  <M> module  < > module capable                                 │
  │                                                                                                                      │
  │ ┌──────────────────────────────────────────────────────────────────────────────────────────────────────────────────┐ │
  │ │                      --- TCP: advanced congestion control                                                        │ │
  │ │                      < >   Binary Increase Congestion (BIC) control                                              │ │
  │ │                      <*>   CUBIC TCP                                                                             │ │
  │ │                      < >   TCP Westwood+                                                                         │ │
  │ │                      < >   H-TCP                                                                                 │ │
  │ │                      < >   High Speed TCP                                                                        │ │
  │ │                      < >   TCP-Hybla congestion control algorithm                                                │ │
  │ │                      < >   TCP Vegas                                                                             │ │
  │ │                      < >   TCP NV                                                                                │ │
  │ │                      < >   Scalable TCP                                                                          │ │
  │ │                      < >   TCP Low Priority                                                                      │ │
  │ │                      < >   TCP Veno                                                                              │ │
  │ │                      < >   YeAH TCP                                                                              │ │
  │ │                      < >   TCP Illinois                                                                          │ │
  │ │                      < >   DataCenter TCP (DCTCP)                                                                │ │
  │ │                      < >   CAIA Delay-Gradient (CDG)                                                             │ │
  │ │                      < >   BBR TCP                                                                               │ │
  │ │                            Default TCP congestion control (Cubic)  --->                                          │ │
  │ └──────────────────────────────────────────────────────────────────────────────────────────────────────────────────┘ │
  ├──────────────────────────────────────────────────────────────────────────────────────────────────────────────────────┤
  │                               <Select>    < Exit >    < Help >    < Save >    < Load >                               │
  └──────────────────────────────────────────────────────────────────────────────────────────────────────────────────────┘



[menu] WALK MENU: /[*] Networking support/Networking options/[*]   TCP: advanced congestion control
[menu] visible_entries=18 known_entries=18
[menu] POSITIONED SCREEN for [17]: 'Default TCP congestion control (Cubic)' by moving: delta:17 (prev:0, next:17)
[menu] CHILD SCREEN After ENTER [17]: 'Default TCP congestion control (Cubic)'
 .config - Linux/x86 5.10.270-gentoo-hardened1 Kernel Configuration
 → Networking support → Networking options → TCP: advanced congestion control ──────────────────────────────────────────────




















                              ┌─────────────── Default TCP congestion control ────────────────┐
                              │  Use the arrow keys to navigate this window or press the      │
                              │  hotkey of the item you wish to select followed by the <SPACE │
                              │  BAR>. Press <?> for additional information about this        │
                              │ ┌───────────────────────────────────────────────────────────┐ │
                              │ │                         (X) Cubic                         │ │
                              │ │                         ( ) Reno                          │ │
                              │ │                                                           │ │
                              │ │                                                           │ │
                              │ │                                                           │ │
                              │ │                                                           │ │
                              │ └───────────────────────────────────────────────────────────┘ │
                              ├───────────────────────────────────────────────────────────────┤
                              │                    <Select>      < Help >                     │
                              └───────────────────────────────────────────────────────────────┘
























[menu] POSITIONED SCREEN for [40]: '<*>   The IPv6 protocol' by moving: delta:3 (prev:37, next:40)
[menu] CHILD SCREEN After ENTER [40]: '<*>   The IPv6 protocol'
 .config - Linux/x86 5.10.270-gentoo-hardened1 Kernel Configuration
 → Networking support → Networking options → The IPv6 protocol ─────────────────────────────────────────────────────────────
  ┌───────────────────────────────────────────────── The IPv6 protocol ──────────────────────────────────────────────────┐
  │  Arrow keys navigate the menu.  <Enter> selects submenus ---> (or empty submenus ----).  Highlighted letters are     │
  │  hotkeys.  Pressing <Y> includes, <N> excludes, <M> modularizes features.  Press <Esc><Esc> to exit, <?> for Help,   │
  │  </> for Search.  Legend: [*] built-in  [ ] excluded  <M> module  < > module capable                                 │
  │                                                                                                                      │
  │ ┌──────────────────────────────────────────────────────────────────────────────────────────────────────────────────┐ │
  │ │                      --- The IPv6 protocol                                                                       │ │
  │ │                      [ ]   IPv6: Router Preference (RFC 4191) support                                            │ │
  │ │                      [ ]   IPv6: Enable RFC 4429 Optimistic DAD                                                  │ │
  │ │                      <*>   IPv6: AH transformation                                                               │ │
  │ │                      <*>   IPv6: ESP transformation                                                              │ │
  │ │                      < >     IPv6: ESP transformation offload                                                    │ │
  │ │                      [ ]     IPv6: ESP in TCP encapsulation (RFC 8229)                                           │ │
  │ │                      < >   IPv6: IPComp transformation                                                           │ │
  │ │                      < >   IPv6: Mobility                                                                        │ │
  │ │                      < >   IPv6: Identifier Locator Addressing (ILA)                                             │ │
  │ │                      < >   Virtual (secure) IPv6: tunneling                                                      │ │
  │ │                      <*>   IPv6: IPv6-in-IPv4 tunnel (SIT driver)                                                │ │
  │ │                      [ ]     IPv6: IPv6 Rapid Deployment (6RD)                                                   │ │
  │ │                      < >   IPv6: IP-in-IPv6 tunnel (RFC2473)                                                     │ │
  │ │                      [ ]   IPv6: Multiple Routing Tables                                                         │ │
  │ │                      [ ]   IPv6: multicast routing                                                               │ │
  │ │                      [ ]   IPv6: Segment Routing Header encapsulation support                                    │ │
  │ │                      [ ]   IPv6: Segment Routing HMAC support                                                    │ │
  │ │                      [ ]   IPv6: RPL Source Routing Header support                                               │ │
  │ └──────────────────────────────────────────────────────────────────────────────────────────────────────────────────┘ │
  ├──────────────────────────────────────────────────────────────────────────────────────────────────────────────────────┤
  │                               <Select>    < Exit >    < Help >    < Save >    < Load >                               │
  └──────────────────────────────────────────────────────────────────────────────────────────────────────────────────────┘



[menu] WALK MENU: /[*] Networking support/Networking options/<*>   The IPv6 protocol
[menu] visible_entries=19 known_entries=19
[menu] POSITIONED SCREEN for [45]: '[*] Network packet filtering framework (Netfilter)' by moving: delta:5 (prev:40, next:45)
[menu] CHILD SCREEN After ENTER [45]: '[*] Network packet filtering framework (Netfilter)'
 .config - Linux/x86 5.10.270-gentoo-hardened1 Kernel Configuration
 → Networking support → Networking options → Network packet filtering framework (Netfilter) ────────────────────────────────
  ┌─────────────────────────────────── Network packet filtering framework (Netfilter) ───────────────────────────────────┐
  │  Arrow keys navigate the menu.  <Enter> selects submenus ---> (or empty submenus ----).  Highlighted letters are     │
  │  hotkeys.  Pressing <Y> includes, <N> excludes, <M> modularizes features.  Press <Esc><Esc> to exit, <?> for Help,   │
  │  </> for Search.  Legend: [*] built-in  [ ] excluded  <M> module  < > module capable                                 │
  │                                                                                                                      │
  │ ┌──────────────────────────────────────────────────────────────────────────────────────────────────────────────────┐ │
  │ │                      --- Network packet filtering framework (Netfilter)                                          │ │
  │ │                      [ ]   Advanced netfilter configuration                                                      │ │
  │ │                            Core Netfilter Configuration  --->                                                    │ │
  │ │                      < >   IP set support  ----                                                                  │ │
  │ │                      < >   IP virtual server support  ----                                                       │ │
  │ │                            IP: Netfilter Configuration  --->                                                     │ │
  │ │                            IPv6: Netfilter Configuration  --->                                                   │ │
  │ │                      < >   IPv4/IPV6 bridge connection tracking support                                          │ │
  │ └──────────────────────────────────────────────────────────────────────────────────────────────────────────────────┘ │
  ├──────────────────────────────────────────────────────────────────────────────────────────────────────────────────────┤
  │                               <Select>    < Exit >    < Help >    < Save >    < Load >                               │
  └──────────────────────────────────────────────────────────────────────────────────────────────────────────────────────┘



[menu] WALK MENU: /[*] Networking support/Networking options/[*] Network packet filtering framework (Netfilter)
[menu] visible_entries=8 known_entries=8
[menu] POSITIONED SCREEN for [2]: 'Core Netfilter Configuration' by moving: delta:2 (prev:0, next:2)
[menu] CHILD SCREEN After ENTER [2]: 'Core Netfilter Configuration'
 .config - Linux/x86 5.10.270-gentoo-hardened1 Kernel Configuration
 → Networking support → Networking options → Network packet filtering framework (Netfilter) → Core Netfilter Configuration ─
  ┌──────────────────────────────────────────── Core Netfilter Configuration ────────────────────────────────────────────┐
  │  Arrow keys navigate the menu.  <Enter> selects submenus ---> (or empty submenus ----).  Highlighted letters are     │
  │  hotkeys.  Pressing <Y> includes, <N> excludes, <M> modularizes features.  Press <Esc><Esc> to exit, <?> for Help,   │
  │  </> for Search.  Legend: [*] built-in  [ ] excluded  <M> module  < > module capable                                 │
  │                                                                                                                      │
  │ ┌──────────────────────────────────────────────────────────────────────────────────────────────────────────────────┐ │
  │ │                      [*] Netfilter ingress support                                                               │ │
  │ │                      -*- Netfilter LOG over NFNETLINK interface                                                  │ │
  │ │                      <*> Netfilter connection tracking support                                                   │ │
  │ │                      < > Netdev packet logging                                                                   │ │
  │ │                      [*] Connection tracking security mark support                                               │ │
  │ │                      [ ] Supply CT list in procfs (OBSOLETE)                                                     │ │
  │ │                      [ ] Connection tracking labels                                                              │ │
  │ │                      <*> FTP protocol support                                                                    │ │
  │ │                      <*> IRC protocol support                                                                    │ │
  │ │                      < > NetBIOS name service protocol support                                                   │ │
  │ │                      <*> SIP protocol support                                                                    │ │
  │ │                      <*> Connection tracking netlink interface                                                   │ │
  │ │                      [ ] NFQUEUE and NFLOG integration with Connection Tracking                                  │ │
  │ │                      {*} Network Address Translation support                                                     │ │
  │ │                      < > Netfilter nf_tables support                                                             │ │
  │ │                      -*- Netfilter Xtables support (required for ip_tables)                                      │ │
  │ │                            *** Xtables combined modules ***                                                      │ │
  │ │                      <M>   nfmark target and match support                                                       │ │
  │ │                            *** Xtables targets ***                                                               │ │
  │ │                      <*>   "CONNSECMARK" target support                                                          │ │
  │ │                      <M>   LOG target support                                                                    │ │
  │ │                      {M}   "SNAT and DNAT" targets support                                                       │ │
  │ │                      < >   "NETMAP" target support                                                               │ │
  │ │                      <*>   "NFLOG" target support                                                                │ │
  │ │                      < >   REDIRECT target support                                                               │ │
  │ │                      {M}   MASQUERADE target support                                                             │ │
  │ │                      <*>   "SECMARK" target support                                                              │ │
  │ │                      <*>   "TCPMSS" target support                                                               │ │
  │ │                            *** Xtables matches ***                                                               │ │
  │ │                      <M>   "addrtype" address type match support                                                 │ │
  │ │                      <*>   "conntrack" connection tracking match support                                         │ │
  │ │                      <*>   IPsec "policy" match support                                                          │ │
  │ │                      <*>   "state" match support                                                                 │ │
  │ └──────────────────────────────────────────────────────────────────────────────────────────────────────────────────┘ │
  ├──────────────────────────────────────────────────────────────────────────────────────────────────────────────────────┤
  │                               <Select>    < Exit >    < Help >    < Save >    < Load >                               │
  └──────────────────────────────────────────────────────────────────────────────────────────────────────────────────────┘



[menu] WALK MENU: /[*] Networking support/Networking options/[*] Network packet filtering framework (Netfilter)/Core Netfilter Configuration
[menu] visible_entries=27 known_entries=27
[menu] POSITIONED SCREEN for [5]: 'IP: Netfilter Configuration' by moving: delta:3 (prev:2, next:5)
[menu] CHILD SCREEN After ENTER [5]: 'IP: Netfilter Configuration'
 .config - Linux/x86 5.10.270-gentoo-hardened1 Kernel Configuration
 → Networking support → Networking options → Network packet filtering framework (Netfilter) → IP: Netfilter Configuration ──
  ┌──────────────────────────────────────────── IP: Netfilter Configuration ─────────────────────────────────────────────┐
  │  Arrow keys navigate the menu.  <Enter> selects submenus ---> (or empty submenus ----).  Highlighted letters are     │
  │  hotkeys.  Pressing <Y> includes, <N> excludes, <M> modularizes features.  Press <Esc><Esc> to exit, <?> for Help,   │
  │  </> for Search.  Legend: [*] built-in  [ ] excluded  <M> module  < > module capable                                 │
  │                                                                                                                      │
  │ ┌──────────────────────────────────────────────────────────────────────────────────────────────────────────────────┐ │
  │ │                      < > IPv4 socket lookup support                                                              │ │
  │ │                      < > IPv4 tproxy support                                                                     │ │
  │ │                      < > Netfilter IPv4 packet duplication to alternate destination                              │ │
  │ │                      <M> ARP packet logging                                                                      │ │
  │ │                      {M} IPv4 packet logging                                                                     │ │
  │ │                      -*- IPv4 packet rejection                                                                   │ │
  │ │                      <*> IP tables support (required for filtering/masq/NAT)                                     │ │
  │ │                      <*>   Packet filtering                                                                      │ │
  │ │                      <*>     REJECT target support                                                               │ │
  │ │                      <M>   iptables NAT support                                                                  │ │
  │ │                      <M>     MASQUERADE target support                                                           │ │
  │ │                      <*>   Packet mangling                                                                       │ │
  │ │                      < >   raw table support (required for NOTRACK/TRACE)                                        │ │
  │ └──────────────────────────────────────────────────────────────────────────────────────────────────────────────────┘ │
  ├──────────────────────────────────────────────────────────────────────────────────────────────────────────────────────┤
  │                               <Select>    < Exit >    < Help >    < Save >    < Load >                               │
  └──────────────────────────────────────────────────────────────────────────────────────────────────────────────────────┘



[menu] WALK MENU: /[*] Networking support/Networking options/[*] Network packet filtering framework (Netfilter)/IP: Netfilter Configuration
[menu] visible_entries=12 known_entries=12
[menu] POSITIONED SCREEN for [6]: 'IPv6: Netfilter Configuration' by moving: delta:1 (prev:5, next:6)
[menu] CHILD SCREEN After ENTER [6]: 'IPv6: Netfilter Configuration'
 .config - Linux/x86 5.10.270-gentoo-hardened1 Kernel Configuration
 → Networking support → Networking options → Network packet filtering framework (Netfilter) → IPv6: Netfilter Configuration
  ┌─────────────────────────────────────────── IPv6: Netfilter Configuration ────────────────────────────────────────────┐
  │  Arrow keys navigate the menu.  <Enter> selects submenus ---> (or empty submenus ----).  Highlighted letters are     │
  │  hotkeys.  Pressing <Y> includes, <N> excludes, <M> modularizes features.  Press <Esc><Esc> to exit, <?> for Help,   │
  │  </> for Search.  Legend: [*] built-in  [ ] excluded  <M> module  < > module capable                                 │
  │                                                                                                                      │
  │ ┌──────────────────────────────────────────────────────────────────────────────────────────────────────────────────┐ │
  │ │                      < > IPv6 socket lookup support                                                              │ │
  │ │                      < > IPv6 tproxy support                                                                     │ │
  │ │                      < > Netfilter IPv6 packet duplication to alternate destination                              │ │
  │ │                      -*- IPv6 packet rejection                                                                   │ │
  │ │                      {M} IPv6 packet logging                                                                     │ │
  │ │                      <*> IP6 tables support (required for filtering)                                             │ │
  │ │                      <*>   "ipv6header" IPv6 Extension Headers Match                                             │ │
  │ │                      <*>   Packet filtering                                                                      │ │
  │ │                      <*>     REJECT target support                                                               │ │
  │ │                      <*>   Packet mangling                                                                       │ │
  │ │                      < >   raw table support (required for TRACE)                                                │ │
  │ └──────────────────────────────────────────────────────────────────────────────────────────────────────────────────┘ │
  ├──────────────────────────────────────────────────────────────────────────────────────────────────────────────────────┤
  │                               <Select>    < Exit >    < Help >    < Save >    < Load >                               │
  └──────────────────────────────────────────────────────────────────────────────────────────────────────────────────────┘



[menu] WALK MENU: /[*] Networking support/Networking options/[*] Network packet filtering framework (Netfilter)/IPv6: Netfilter Configuration
[menu] visible_entries=10 known_entries=10
[menu] POSITIONED SCREEN for [63]: '[*] QoS and/or fair queueing' by moving: delta:18 (prev:45, next:63)
[menu] CHILD SCREEN After ENTER [63]: '[*] QoS and/or fair queueing'
 .config - Linux/x86 5.10.270-gentoo-hardened1 Kernel Configuration
 → Networking support → Networking options → QoS and/or fair queueing ──────────────────────────────────────────────────────
  ┌────────────────────────────────────────────── QoS and/or fair queueing ──────────────────────────────────────────────┐
  │  Arrow keys navigate the menu.  <Enter> selects submenus ---> (or empty submenus ----).  Highlighted letters are     │
  │  hotkeys.  Pressing <Y> includes, <N> excludes, <M> modularizes features.  Press <Esc><Esc> to exit, <?> for Help,   │
  │  </> for Search.  Legend: [*] built-in  [ ] excluded  <M> module  < > module capable                                 │
  │                                                                                                                      │
  │ ┌──────────────────────────────────────────────────────────────────────────────────────────────────────────────────┐ │
  │ │                      --- QoS and/or fair queueing                                                                │ │
  │ │                            *** Queueing/Scheduling ***                                                           │ │
  │ │                      < >   Hierarchical Token Bucket (HTB)                                                       │ │
  │ │                      < >   Hierarchical Fair Service Curve (HFSC)                                                │ │
  │ │                      < >   Multi Band Priority Queueing (PRIO)                                                   │ │
  │ │                      < >   Hardware Multiqueue-aware Multi Band Queuing (MULTIQ)                                 │ │
  │ │                      < >   Random Early Detection (RED)                                                          │ │
  │ │                      < >   Stochastic Fair Blue (SFB)                                                            │ │
  │ │                      < >   Stochastic Fairness Queueing (SFQ)                                                    │ │
  │ │                      < >   True Link Equalizer (TEQL)                                                            │ │
  │ │                      < >   Token Bucket Filter (TBF)                                                             │ │
  │ │                      < >   Credit Based Shaper (CBS)                                                             │ │
  │ │                      < >   Earliest TxTime First (ETF)                                                           │ │
  │ │                      < >   Time Aware Priority (taprio) Scheduler                                                │ │
  │ │                      < >   Generic Random Early Detection (GRED)                                                 │ │
  │ │                      < >   Network emulator (NETEM)                                                              │ │
  │ │                      < >   Deficit Round Robin scheduler (DRR)                                                   │ │
  │ │                      < >   Multi-queue priority scheduler (MQPRIO)                                               │ │
  │ │                      < >   SKB priority queue scheduler (SKBPRIO)                                                │ │
  │ │                      < >   CHOose and Keep responsive flow scheduler (CHOKE)                                     │ │
  │ │                      < >   Quick Fair Queueing scheduler (QFQ)                                                   │ │
  │ │                      < >   Controlled Delay AQM (CODEL)                                                          │ │
  │ │                      < >   Fair Queue Controlled Delay AQM (FQ_CODEL)                                            │ │
  │ │                      < >   Common Applications Kept Enhanced (CAKE)                                              │ │
  │ │                      < >   Fair Queue                                                                            │ │
  │ │                      < >   Heavy-Hitter Filter (HHF)                                                             │ │
  │ │                      < >   Proportional Integral controller Enhanced (PIE) scheduler                             │ │
  │ │                      < >   Ingress/classifier-action Qdisc                                                       │ │
  │ │                      < >   Plug network traffic until release (PLUG)                                             │ │
  │ │                      < >   Enhanced transmission selection scheduler (ETS)                                       │ │
  │ │                      [ ]   Allow override default queue discipline  ----                                         │ │
  │ │                            *** Classification ***                                                                │ │
  │ │                      < >   Elementary classification (BASIC)                                                     │ │
  │ │                      < >   Routing decision (ROUTE)                                                              │ │
  │ │                      < >   Netfilter mark (FW)                                                                   │ │
  │ │                      < >   Universal 32bit comparisons w/ hashing (U32)                                          │ │
  │ │                      < >   Flow classifier                                                                       │ │
  │ │                      < >   Control Group Classifier                                                              │ │
  │ │                      < >   BPF-based classifier                                                                  │ │
  │ │                      < >   Flower classifier                                                                     │ │
  │ │                      < >   Match-all classifier                                                                  │ │
  │ │                      [*]   Extended Matches                                                                      │ │
  │ │                      (32)    Stack size                                                                          │ │
  │ │                      < >     Simple packet data comparison                                                       │ │
  │ │                      < >     Multi byte comparison                                                               │ │
  │ │                      < >     U32 key                                                                             │ │
  │ └──────────────────────↓(+)────────────────────────────────────────────────────────────────────────────────────────┘ │
  ├──────────────────────────────────────────────────────────────────────────────────────────────────────────────────────┤
  │                               <Select>    < Exit >    < Help >    < Save >    < Load >                               │
  └──────────────────────────────────────────────────────────────────────────────────────────────────────────────────────┘



[menu] WALK MENU: /[*] Networking support/Networking options/[*] QoS and/or fair queueing
[menu] visible_entries=45 known_entries=66
[menu] POSITIONED SCREEN for [80]: 'Network testing' by moving: delta:17 (prev:63, next:80)
[menu] CHILD SCREEN After ENTER [80]: 'Network testing'
 .config - Linux/x86 5.10.270-gentoo-hardened1 Kernel Configuration
 → Networking support → Networking options → Network testing ───────────────────────────────────────────────────────────────
  ┌────────────────────────────────────────────────── Network testing ───────────────────────────────────────────────────┐
  │  Arrow keys navigate the menu.  <Enter> selects submenus ---> (or empty submenus ----).  Highlighted letters are     │
  │  hotkeys.  Pressing <Y> includes, <N> excludes, <M> modularizes features.  Press <Esc><Esc> to exit, <?> for Help,   │
  │  </> for Search.  Legend: [*] built-in  [ ] excluded  <M> module  < > module capable                                 │
  │                                                                                                                      │
  │ ┌──────────────────────────────────────────────────────────────────────────────────────────────────────────────────┐ │
  │ │                      < > Packet Generator (USE WITH CAUTION)                                                     │ │
  │ │                      < > Network packet drop alerting service                                                    │ │
  │ └──────────────────────────────────────────────────────────────────────────────────────────────────────────────────┘ │
  ├──────────────────────────────────────────────────────────────────────────────────────────────────────────────────────┤
  │                               <Select>    < Exit >    < Help >    < Save >    < Load >                               │
  └──────────────────────────────────────────────────────────────────────────────────────────────────────────────────────┘



[menu] WALK MENU: /[*] Networking support/Networking options/Network testing
[menu] visible_entries=2 known_entries=2
[menu] POSITIONED SCREEN for [7]: '-*-   Wireless' by moving: delta:6 (prev:1, next:7)
[menu] CHILD SCREEN After ENTER [7]: '-*-   Wireless'
 .config - Linux/x86 5.10.270-gentoo-hardened1 Kernel Configuration
 → Networking support → Wireless ───────────────────────────────────────────────────────────────────────────────────────────
  ┌────────────────────────────────────────────────────── Wireless ──────────────────────────────────────────────────────┐
  │  Arrow keys navigate the menu.  <Enter> selects submenus ---> (or empty submenus ----).  Highlighted letters are     │
  │  hotkeys.  Pressing <Y> includes, <N> excludes, <M> modularizes features.  Press <Esc><Esc> to exit, <?> for Help,   │
  │  </> for Search.  Legend: [*] built-in  [ ] excluded  <M> module  < > module capable                                 │
  │                                                                                                                      │
  │ ┌──────────────────────────────────────────────────────────────────────────────────────────────────────────────────┐ │
  │ │                      --- Wireless                                                                                │ │
  │ │                      <*>   cfg80211 - wireless configuration API                                                 │ │
  │ │                      [ ]     nl80211 testmode command                                                            │ │
  │ │                      [ ]     enable developer warnings                                                           │ │
  │ │                      [*]     enable powersave by default                                                         │ │
  │ │                      [ ]     cfg80211 DebugFS entries                                                            │ │
  │ │                      [ ]     cfg80211 wireless extensions compatibility                                          │ │
  │ │                      <*>   Generic IEEE 802.11 Networking Stack (mac80211)                                       │ │
  │ │                            Default rate control algorithm (Minstrel)  --->                                       │ │
  │ │                      [ ]   Enable mac80211 mesh networking support                                               │ │
  │ │                      [*]   Enable LED triggers                                                                   │ │
  │ │                      [ ]   Export mac80211 internals in DebugFS                                                  │ │
  │ │                      [ ]   Trace all mac80211 debug messages                                                     │ │
  │ │                      [ ]   Select mac80211 debugging features  ----                                              │ │
  │ └──────────────────────────────────────────────────────────────────────────────────────────────────────────────────┘ │
  ├──────────────────────────────────────────────────────────────────────────────────────────────────────────────────────┤
  │                               <Select>    < Exit >    < Help >    < Save >    < Load >                               │
  └──────────────────────────────────────────────────────────────────────────────────────────────────────────────────────┘



[menu] WALK MENU: /[*] Networking support/-*-   Wireless
[menu] visible_entries=14 known_entries=14
[menu] POSITIONED SCREEN for [8]: 'Default rate control algorithm (Minstrel)' by moving: delta:8 (prev:0, next:8)
[menu] CHILD SCREEN After ENTER [8]: 'Default rate control algorithm (Minstrel)'
 .config - Linux/x86 5.10.270-gentoo-hardened1 Kernel Configuration
 → Networking support → Wireless ───────────────────────────────────────────────────────────────────────────────────────────




















                              ┌─────────────── Default rate control algorithm ────────────────┐
                              │  Use the arrow keys to navigate this window or press the      │
                              │  hotkey of the item you wish to select followed by the <SPACE │
                              │  BAR>. Press <?> for additional information about this        │
                              │ ┌───────────────────────────────────────────────────────────┐ │
                              │ │                       (X) Minstrel                        │ │
                              │ │                                                           │ │
                              │ │                                                           │ │
                              │ │                                                           │ │
                              │ │                                                           │ │
                              │ │                                                           │ │
                              │ └───────────────────────────────────────────────────────────┘ │
                              ├───────────────────────────────────────────────────────────────┤
                              │                    <Select>      < Help >                     │
                              └───────────────────────────────────────────────────────────────┘
























[menu] POSITIONED SCREEN for [16]: 'Device Drivers' by moving: delta:1 (prev:15, next:16)
[menu] CHILD SCREEN After ENTER [16]: 'Device Drivers'
 .config - Linux/x86 5.10.270-gentoo-hardened1 Kernel Configuration
 → Device Drivers ──────────────────────────────────────────────────────────────────────────────────────────────────────────
  ┌─────────────────────────────────────────────────── Device Drivers ───────────────────────────────────────────────────┐
  │  Arrow keys navigate the menu.  <Enter> selects submenus ---> (or empty submenus ----).  Highlighted letters are     │
  │  hotkeys.  Pressing <Y> includes, <N> excludes, <M> modularizes features.  Press <Esc><Esc> to exit, <?> for Help,   │
  │  </> for Search.  Legend: [*] built-in  [ ] excluded  <M> module  < > module capable                                 │
  │                                                                                                                      │
  │ ┌──────────────────────────────────────────────────────────────────────────────────────────────────────────────────┐ │
  │ │                      [*] PCI support  --->                                                                       │ │
  │ │                      <*> PCCard (PCMCIA/CardBus) support  --->                                                   │ │
  │ │                      < > RapidIO support  ----                                                                   │ │
  │ │                          Generic Driver Options  --->                                                            │ │
  │ │                          Bus devices  --->                                                                       │ │
  │ │                      <*> Connector - unified userspace <-> kernelspace linker  --->                              │ │
  │ │                      < > GNSS receiver support  ----                                                             │ │
  │ │                      < > Memory Technology Device (MTD) support  ----                                            │ │
  │ │                      [ ] Device Tree and Open Firmware support  ----                                             │ │
  │ │                      < > Parallel port support  ----                                                             │ │
  │ │                      -*- Plug and Play support  --->                                                             │ │
  │ │                      [*] Block devices  --->                                                                     │ │
  │ │                          NVME Support  --->                                                                      │ │
  │ │                          Misc devices  --->                                                                      │ │
  │ │                      < > ATA/ATAPI/MFM/RLL support (DEPRECATED)  ----                                            │ │
  │ │                          SCSI device support  --->                                                               │ │
  │ │                      <*> Serial ATA and Parallel ATA drivers (libata)  --->                                      │ │
  │ │                      [*] Multiple devices driver support (RAID and LVM)  --->                                    │ │
  │ │                      < > Generic Target Core Mod (TCM) and ConfigFS Infrastructure  ----                         │ │
  │ │                      [ ] Fusion MPT device support  ----                                                         │ │
  │ │                          IEEE 1394 (FireWire) support  --->                                                      │ │
  │ │                      [*] Macintosh device drivers  --->                                                          │ │
  │ │                      [*] Network device support  --->                                                            │ │
  │ │                          Input device support  --->                                                              │ │
  │ │                          Character devices  --->                                                                 │ │
  │ │                          I2C support  --->                                                                       │ │
  │ │                      < > I3C support  ----                                                                       │ │
  │ │                      [ ] SPI support  ----                                                                       │ │
  │ │                      < > SPMI support  ----                                                                      │ │
  │ │                      < > HSI support  ----                                                                       │ │
  │ │                      -*- PPS support  --->                                                                       │ │
  │ │                          PTP clock support  --->                                                                 │ │
  │ │                      [ ] Pin controllers  ----                                                                   │ │
  │ │                      [ ] GPIO Support  ----                                                                      │ │
  │ │                      < > Dallas's 1-wire support  ----                                                           │ │
  │ │                      [ ] Board level reset or power off  ----                                                    │ │
  │ │                      -*- Power supply class support  --->                                                        │ │
  │ │                      -*- Hardware Monitoring support  --->                                                       │ │
  │ │                      -*- Thermal drivers  --->                                                                   │ │
  │ │                      [*] Watchdog Timer Support  --->                                                            │ │
  │ │                      < > Sonics Silicon Backplane support  ----                                                  │ │
  │ │                      < > Broadcom specific AMBA  ----                                                            │ │
  │ │                          Multifunction device drivers  --->                                                      │ │
  │ │                      [ ] Voltage and Current Regulator Support  ----                                             │ │
  │ │                      < > Remote Controller support  ----                                                         │ │
  │ │                      [ ] HDMI CEC drivers  ----                                                                  │ │
  │ └──────────────────────↓(+)────────────────────────────────────────────────────────────────────────────────────────┘ │
  ├──────────────────────────────────────────────────────────────────────────────────────────────────────────────────────┤
  │                               <Select>    < Exit >    < Help >    < Save >    < Load >                               │
  └──────────────────────────────────────────────────────────────────────────────────────────────────────────────────────┘



[menu] WALK MENU: /Device Drivers
[menu] visible_entries=46 known_entries=111
[menu] POSITIONED SCREEN for [0]: '[*] PCI support' by moving: delta:0 (prev:0, next:0)
[menu] CHILD SCREEN After ENTER [0]: '[*] PCI support'
 .config - Linux/x86 5.10.270-gentoo-hardened1 Kernel Configuration
 → Device Drivers → PCI support ────────────────────────────────────────────────────────────────────────────────────────────
  ┌──────────────────────────────────────────────────── PCI support ─────────────────────────────────────────────────────┐
  │  Arrow keys navigate the menu.  <Enter> selects submenus ---> (or empty submenus ----).  Highlighted letters are     │
  │  hotkeys.  Pressing <Y> includes, <N> excludes, <M> modularizes features.  Press <Esc><Esc> to exit, <?> for Help,   │
  │  </> for Search.  Legend: [*] built-in  [ ] excluded  <M> module  < > module capable                                 │
  │                                                                                                                      │
  │ ┌──────────────────────────────────────────────────────────────────────────────────────────────────────────────────┐ │
  │ │                      --- PCI support                                                                             │ │
  │ │                      [*]   PCI Express Port Bus support                                                          │ │
  │ │                      [ ]     PCI Express Hotplug driver                                                          │ │
  │ │                      [ ]     PCI Express Advanced Error Reporting support                                        │ │
  │ │                      -*-   PCI Express ASPM control                                                              │ │
  │ │                              Default ASPM policy (BIOS default)  --->                                            │ │
  │ │                      [ ]   PCI Express Precision Time Measurement support                                        │ │
  │ │                      -*-   Message Signaled Interrupts (MSI and MSI-X)                                           │ │
  │ │                      [ ]   PCI Debugging                                                                         │ │
  │ │                      < >   PCI Stub driver                                                                       │ │
  │ │                      [ ]   PCI IOV support                                                                       │ │
  │ │                      -*-   PCI PRI support                                                                       │ │
  │ │                      -*-   PCI PASID support                                                                     │ │
  │ │                      [*]   Support for PCI Hotplug  --->                                                         │ │
  │ │                            PCI controller drivers  --->                                                          │ │
  │ │                            PCI Endpoint  --->                                                                    │ │
  │ │                            PCI switch controller drivers  --->                                                   │ │
  │ └──────────────────────────────────────────────────────────────────────────────────────────────────────────────────┘ │
  ├──────────────────────────────────────────────────────────────────────────────────────────────────────────────────────┤
  │                               <Select>    < Exit >    < Help >    < Save >    < Load >                               │
  └──────────────────────────────────────────────────────────────────────────────────────────────────────────────────────┘



[menu] WALK MENU: /Device Drivers/[*] PCI support
[menu] visible_entries=17 known_entries=17
[menu] POSITIONED SCREEN for [5]: 'Default ASPM policy (BIOS default)' by moving: delta:5 (prev:0, next:5)
[menu] CHILD SCREEN After ENTER [5]: 'Default ASPM policy (BIOS default)'
 .config - Linux/x86 5.10.270-gentoo-hardened1 Kernel Configuration
 → Device Drivers → PCI support ────────────────────────────────────────────────────────────────────────────────────────────




















                              ┌───────────────────── Default ASPM policy ─────────────────────┐
                              │  Use the arrow keys to navigate this window or press the      │
                              │  hotkey of the item you wish to select followed by the <SPACE │
                              │  BAR>. Press <?> for additional information about this        │
                              │ ┌───────────────────────────────────────────────────────────┐ │
                              │ │                    (X) BIOS default                       │ │
                              │ │                    ( ) Powersave                          │ │
                              │ │                    ( ) Power Supersave                    │ │
                              │ │                    ( ) Performance                        │ │
                              │ │                                                           │ │
                              │ │                                                           │ │
                              │ └───────────────────────────────────────────────────────────┘ │
                              ├───────────────────────────────────────────────────────────────┤
                              │                    <Select>      < Help >                     │
                              └───────────────────────────────────────────────────────────────┘
























[menu] POSITIONED SCREEN for [13]: '[*]   Support for PCI Hotplug' by moving: delta:8 (prev:5, next:13)
[menu] CHILD SCREEN After ENTER [13]: '[*]   Support for PCI Hotplug'
 .config - Linux/x86 5.10.270-gentoo-hardened1 Kernel Configuration
 → Device Drivers → PCI support → Support for PCI Hotplug ──────────────────────────────────────────────────────────────────
  ┌────────────────────────────────────────────── Support for PCI Hotplug ───────────────────────────────────────────────┐
  │  Arrow keys navigate the menu.  <Enter> selects submenus ---> (or empty submenus ----).  Highlighted letters are     │
  │  hotkeys.  Pressing <Y> includes, <N> excludes, <M> modularizes features.  Press <Esc><Esc> to exit, <?> for Help,   │
  │  </> for Search.  Legend: [*] built-in  [ ] excluded  <M> module  < > module capable                                 │
  │                                                                                                                      │
  │ ┌──────────────────────────────────────────────────────────────────────────────────────────────────────────────────┐ │
  │ │                      --- Support for PCI Hotplug                                                                 │ │
  │ │                      [ ]   ACPI PCI Hotplug driver                                                               │ │
  │ │                      [ ]   CompactPCI Hotplug driver                                                             │ │
  │ │                      [ ]   SHPC PCI Hotplug driver                                                               │ │
  │ └──────────────────────────────────────────────────────────────────────────────────────────────────────────────────┘ │
  ├──────────────────────────────────────────────────────────────────────────────────────────────────────────────────────┤
  │                               <Select>    < Exit >    < Help >    < Save >    < Load >                               │
  └──────────────────────────────────────────────────────────────────────────────────────────────────────────────────────┘



[menu] WALK MENU: /Device Drivers/[*] PCI support/[*]   Support for PCI Hotplug
[menu] visible_entries=4 known_entries=4
[menu] POSITIONED SCREEN for [14]: 'PCI controller drivers' by moving: delta:1 (prev:13, next:14)
[menu] CHILD SCREEN After ENTER [14]: 'PCI controller drivers'
 .config - Linux/x86 5.10.270-gentoo-hardened1 Kernel Configuration
 → Device Drivers → PCI support → PCI controller drivers ───────────────────────────────────────────────────────────────────
  ┌─────────────────────────────────────────────── PCI controller drivers ───────────────────────────────────────────────┐
  │  Arrow keys navigate the menu.  <Enter> selects submenus ---> (or empty submenus ----).  Highlighted letters are     │
  │  hotkeys.  Pressing <Y> includes, <N> excludes, <M> modularizes features.  Press <Esc><Esc> to exit, <?> for Help,   │
  │  </> for Search.  Legend: [*] built-in  [ ] excluded  <M> module  < > module capable                                 │
  │                                                                                                                      │
  │ ┌──────────────────────────────────────────────────────────────────────────────────────────────────────────────────┐ │
  │ │                      < > Intel Volume Management Device Driver                                                   │ │
  │ │                          DesignWare PCI Core Support  --->                                                       │ │
  │ │                          Mobiveil PCIe Core Support  ----                                                        │ │
  │ │                          Cadence PCIe controllers support  ----                                                  │ │
  │ └──────────────────────────────────────────────────────────────────────────────────────────────────────────────────┘ │
  ├──────────────────────────────────────────────────────────────────────────────────────────────────────────────────────┤
  │                               <Select>    < Exit >    < Help >    < Save >    < Load >                               │
  └──────────────────────────────────────────────────────────────────────────────────────────────────────────────────────┘



[menu] WALK MENU: /Device Drivers/[*] PCI support/PCI controller drivers
[menu] visible_entries=4 known_entries=4
[menu] POSITIONED SCREEN for [1]: 'DesignWare PCI Core Support' by moving: delta:1 (prev:0, next:1)
[menu] CHILD SCREEN After ENTER [1]: 'DesignWare PCI Core Support'
 .config - Linux/x86 5.10.270-gentoo-hardened1 Kernel Configuration
 → Device Drivers → PCI support → PCI controller drivers → DesignWare PCI Core Support ─────────────────────────────────────
  ┌──────────────────────────────────────────── DesignWare PCI Core Support ─────────────────────────────────────────────┐
  │  Arrow keys navigate the menu.  <Enter> selects submenus ---> (or empty submenus ----).  Highlighted letters are     │
  │  hotkeys.  Pressing <Y> includes, <N> excludes, <M> modularizes features.  Press <Esc><Esc> to exit, <?> for Help,   │
  │  </> for Search.  Legend: [*] built-in  [ ] excluded  <M> module  < > module capable                                 │
  │                                                                                                                      │
  │ ┌──────────────────────────────────────────────────────────────────────────────────────────────────────────────────┐ │
  │ │                      [ ] Platform bus based DesignWare PCIe Controller - Host mode                               │ │
  │ │                      < > MESON PCIe controller                                                                   │ │
  │ └──────────────────────────────────────────────────────────────────────────────────────────────────────────────────┘ │
  ├──────────────────────────────────────────────────────────────────────────────────────────────────────────────────────┤
  │                               <Select>    < Exit >    < Help >    < Save >    < Load >                               │
  └──────────────────────────────────────────────────────────────────────────────────────────────────────────────────────┘



[menu] WALK MENU: /Device Drivers/[*] PCI support/PCI controller drivers/DesignWare PCI Core Support
[menu] visible_entries=2 known_entries=2
[menu] POSITIONED SCREEN for [15]: 'PCI Endpoint' by moving: delta:1 (prev:14, next:15)
[menu] CHILD SCREEN After ENTER [15]: 'PCI Endpoint'
 .config - Linux/x86 5.10.270-gentoo-hardened1 Kernel Configuration
 → Device Drivers → PCI support → PCI Endpoint ─────────────────────────────────────────────────────────────────────────────
  ┌──────────────────────────────────────────────────── PCI Endpoint ────────────────────────────────────────────────────┐
  │  Arrow keys navigate the menu.  <Enter> selects submenus ---> (or empty submenus ----).  Highlighted letters are     │
  │  hotkeys.  Pressing <Y> includes, <N> excludes, <M> modularizes features.  Press <Esc><Esc> to exit, <?> for Help,   │
  │  </> for Search.  Legend: [*] built-in  [ ] excluded  <M> module  < > module capable                                 │
  │                                                                                                                      │
  │ ┌──────────────────────────────────────────────────────────────────────────────────────────────────────────────────┐ │
  │ │                      [ ] PCI Endpoint Support                                                                    │ │
  │ └──────────────────────────────────────────────────────────────────────────────────────────────────────────────────┘ │
  ├──────────────────────────────────────────────────────────────────────────────────────────────────────────────────────┤
  │                               <Select>    < Exit >    < Help >    < Save >    < Load >                               │
  └──────────────────────────────────────────────────────────────────────────────────────────────────────────────────────┘



[menu] WALK MENU: /Device Drivers/[*] PCI support/PCI Endpoint
[menu] visible_entries=1 known_entries=1
[menu] POSITIONED SCREEN for [16]: 'PCI switch controller drivers' by moving: delta:1 (prev:15, next:16)
[menu] CHILD SCREEN After ENTER [16]: 'PCI switch controller drivers'
 .config - Linux/x86 5.10.270-gentoo-hardened1 Kernel Configuration
 → Device Drivers → PCI support → PCI switch controller drivers ────────────────────────────────────────────────────────────
  ┌─────────────────────────────────────────── PCI switch controller drivers ────────────────────────────────────────────┐
  │  Arrow keys navigate the menu.  <Enter> selects submenus ---> (or empty submenus ----).  Highlighted letters are     │
  │  hotkeys.  Pressing <Y> includes, <N> excludes, <M> modularizes features.  Press <Esc><Esc> to exit, <?> for Help,   │
  │  </> for Search.  Legend: [*] built-in  [ ] excluded  <M> module  < > module capable                                 │
  │                                                                                                                      │
  │ ┌──────────────────────────────────────────────────────────────────────────────────────────────────────────────────┐ │
  │ │                      < > MicroSemi Switchtec PCIe Switch Management Driver                                       │ │
  │ └──────────────────────────────────────────────────────────────────────────────────────────────────────────────────┘ │
  ├──────────────────────────────────────────────────────────────────────────────────────────────────────────────────────┤
  │                               <Select>    < Exit >    < Help >    < Save >    < Load >                               │
  └──────────────────────────────────────────────────────────────────────────────────────────────────────────────────────┘



[menu] WALK MENU: /Device Drivers/[*] PCI support/PCI switch controller drivers
[menu] visible_entries=1 known_entries=1
[menu] POSITIONED SCREEN for [1]: '<*> PCCard (PCMCIA/CardBus) support' by moving: delta:1 (prev:0, next:1)
[menu] CHILD SCREEN After ENTER [1]: '<*> PCCard (PCMCIA/CardBus) support'
 .config - Linux/x86 5.10.270-gentoo-hardened1 Kernel Configuration
 → Device Drivers → PCCard (PCMCIA/CardBus) support ────────────────────────────────────────────────────────────────────────
  ┌────────────────────────────────────────── PCCard (PCMCIA/CardBus) support ───────────────────────────────────────────┐
  │  Arrow keys navigate the menu.  <Enter> selects submenus ---> (or empty submenus ----).  Highlighted letters are     │
  │  hotkeys.  Pressing <Y> includes, <N> excludes, <M> modularizes features.  Press <Esc><Esc> to exit, <?> for Help,   │
  │  </> for Search.  Legend: [*] built-in  [ ] excluded  <M> module  < > module capable                                 │
  │                                                                                                                      │
  │ ┌──────────────────────────────────────────────────────────────────────────────────────────────────────────────────┐ │
  │ │                      --- PCCard (PCMCIA/CardBus) support                                                         │ │
  │ │                      <*>   16-bit PCMCIA support                                                                 │ │
  │ │                      [*]     Load CIS updates from userspace                                                     │ │
  │ │                      -*-   32-bit CardBus support                                                                │ │
  │ │                            *** PC-card bridges ***                                                               │ │
  │ │                      <*>   CardBus yenta-compatible bridge support                                               │ │
  │ │                      < >   Cirrus PD6729 compatible bridge support                                               │ │
  │ │                      < >   i82092 compatible bridge support                                                      │ │
  │ └──────────────────────────────────────────────────────────────────────────────────────────────────────────────────┘ │
  ├──────────────────────────────────────────────────────────────────────────────────────────────────────────────────────┤
  │                               <Select>    < Exit >    < Help >    < Save >    < Load >                               │
  └──────────────────────────────────────────────────────────────────────────────────────────────────────────────────────┘



[menu] WALK MENU: /Device Drivers/<*> PCCard (PCMCIA/CardBus) support
[menu] visible_entries=7 known_entries=7
[menu] POSITIONED SCREEN for [3]: 'Generic Driver Options' by moving: delta:2 (prev:1, next:3)
[menu] CHILD SCREEN After ENTER [3]: 'Generic Driver Options'
 .config - Linux/x86 5.10.270-gentoo-hardened1 Kernel Configuration
 → Device Drivers → Generic Driver Options ─────────────────────────────────────────────────────────────────────────────────
  ┌─────────────────────────────────────────────── Generic Driver Options ───────────────────────────────────────────────┐
  │  Arrow keys navigate the menu.  <Enter> selects submenus ---> (or empty submenus ----).  Highlighted letters are     │
  │  hotkeys.  Pressing <Y> includes, <N> excludes, <M> modularizes features.  Press <Esc><Esc> to exit, <?> for Help,   │
  │  </> for Search.  Legend: [*] built-in  [ ] excluded  <M> module  < > module capable                                 │
  │                                                                                                                      │
  │ ┌──────────────────────────────────────────────────────────────────────────────────────────────────────────────────┐ │
  │ │                      [ ] Support for uevent helper                                                               │ │
  │ │                      -*- Maintain a devtmpfs filesystem to mount at /dev                                         │ │
  │ │                      [*]   Automount devtmpfs at /dev, after the kernel mounted the rootfs                       │ │
  │ │                      [*] Select only drivers that don't need compile-time external firmware                      │ │
  │ │                      [*] Disable drivers features which enable custom firmware building                          │ │
  │ │                          Firmware loader  --->                                                                   │ │
  │ │                      [ ] Driver Core verbose debug messages                                                      │ │
  │ │                      [*] Managed device resources verbose debug messages                                         │ │
  │ │                      [ ] Test driver remove calls during probe (UNSTABLE)                                        │ │
  │ │                      < > Build kernel module to test asynchronous driver probing                                 │ │
  │ │                      [ ] Enable verbose DMA_FENCE_TRACE messages                                                 │ │
  │ └──────────────────────────────────────────────────────────────────────────────────────────────────────────────────┘ │
  ├──────────────────────────────────────────────────────────────────────────────────────────────────────────────────────┤
  │                               <Select>    < Exit >    < Help >    < Save >    < Load >                               │
  └──────────────────────────────────────────────────────────────────────────────────────────────────────────────────────┘



[menu] WALK MENU: /Device Drivers/Generic Driver Options
[menu] visible_entries=11 known_entries=11
[menu] POSITIONED SCREEN for [5]: 'Firmware loader' by moving: delta:5 (prev:0, next:5)
[menu] CHILD SCREEN After ENTER [5]: 'Firmware loader'
 .config - Linux/x86 5.10.270-gentoo-hardened1 Kernel Configuration
 → Device Drivers → Generic Driver Options → Firmware loader ───────────────────────────────────────────────────────────────
  ┌────────────────────────────────────────────────── Firmware loader ───────────────────────────────────────────────────┐
  │  Arrow keys navigate the menu.  <Enter> selects submenus ---> (or empty submenus ----).  Highlighted letters are     │
  │  hotkeys.  Pressing <Y> includes, <N> excludes, <M> modularizes features.  Press <Esc><Esc> to exit, <?> for Help,   │
  │  </> for Search.  Legend: [*] built-in  [ ] excluded  <M> module  < > module capable                                 │
  │                                                                                                                      │
  │ ┌──────────────────────────────────────────────────────────────────────────────────────────────────────────────────┐ │
  │ │                      -*- Firmware loading facility                                                               │ │
  │ │                      ()    Build named firmware blobs into the kernel binary                                     │ │
  │ │                      [ ]   Enable the firmware sysfs fallback mechanism                                          │ │
  │ │                      [ ]   Enable compressed firmware support                                                    │ │
  │ │                      [*]   Enable firmware caching during suspend                                                │ │
  │ └──────────────────────────────────────────────────────────────────────────────────────────────────────────────────┘ │
  ├──────────────────────────────────────────────────────────────────────────────────────────────────────────────────────┤
  │                               <Select>    < Exit >    < Help >    < Save >    < Load >                               │
  └──────────────────────────────────────────────────────────────────────────────────────────────────────────────────────┘



[menu] WALK MENU: /Device Drivers/Generic Driver Options/Firmware loader
[menu] visible_entries=5 known_entries=5
[menu] POSITIONED SCREEN for [4]: 'Bus devices' by moving: delta:1 (prev:3, next:4)
[menu] CHILD SCREEN After ENTER [4]: 'Bus devices'
 .config - Linux/x86 5.10.270-gentoo-hardened1 Kernel Configuration
 → Device Drivers → Bus devices ────────────────────────────────────────────────────────────────────────────────────────────
  ┌──────────────────────────────────────────────────── Bus devices ─────────────────────────────────────────────────────┐
  │  Arrow keys navigate the menu.  <Enter> selects submenus ---> (or empty submenus ----).  Highlighted letters are     │
  │  hotkeys.  Pressing <Y> includes, <N> excludes, <M> modularizes features.  Press <Esc><Esc> to exit, <?> for Help,   │
  │  </> for Search.  Legend: [*] built-in  [ ] excluded  <M> module  < > module capable                                 │
  │                                                                                                                      │
  │ ┌──────────────────────────────────────────────────────────────────────────────────────────────────────────────────┐ │
  │ │                      < > Modem Host Interface (MHI) bus                                                          │ │
  │ └──────────────────────────────────────────────────────────────────────────────────────────────────────────────────┘ │
  ├──────────────────────────────────────────────────────────────────────────────────────────────────────────────────────┤
  │                               <Select>    < Exit >    < Help >    < Save >    < Load >                               │
  └──────────────────────────────────────────────────────────────────────────────────────────────────────────────────────┘



[menu] WALK MENU: /Device Drivers/Bus devices
[menu] visible_entries=1 known_entries=1
[menu] POSITIONED SCREEN for [5]: '<*> Connector - unified userspace <-> kernelspace linker' by moving: delta:1 (prev:4, next:5)
[menu] CHILD SCREEN After ENTER [5]: '<*> Connector - unified userspace <-> kernelspace linker'
 .config - Linux/x86 5.10.270-gentoo-hardened1 Kernel Configuration
 → Device Drivers → Connector - unified userspace <-> kernelspace linker ───────────────────────────────────────────────────
  ┌──────────────────────────────── Connector - unified userspace <-> kernelspace linker ────────────────────────────────┐
  │  Arrow keys navigate the menu.  <Enter> selects submenus ---> (or empty submenus ----).  Highlighted letters are     │
  │  hotkeys.  Pressing <Y> includes, <N> excludes, <M> modularizes features.  Press <Esc><Esc> to exit, <?> for Help,   │
  │  </> for Search.  Legend: [*] built-in  [ ] excluded  <M> module  < > module capable                                 │
  │                                                                                                                      │
  │ ┌──────────────────────────────────────────────────────────────────────────────────────────────────────────────────┐ │
  │ │                      --- Connector - unified userspace <-> kernelspace linker                                    │ │
  │ │                      [*]   Report process events to userspace                                                    │ │
  │ └──────────────────────────────────────────────────────────────────────────────────────────────────────────────────┘ │
  ├──────────────────────────────────────────────────────────────────────────────────────────────────────────────────────┤
  │                               <Select>    < Exit >    < Help >    < Save >    < Load >                               │
  └──────────────────────────────────────────────────────────────────────────────────────────────────────────────────────┘



[menu] WALK MENU: /Device Drivers/<*> Connector - unified userspace <-> kernelspace linker
[menu] visible_entries=2 known_entries=2
[menu] POSITIONED SCREEN for [10]: '-*- Plug and Play support' by moving: delta:5 (prev:5, next:10)
[menu] CHILD SCREEN After ENTER [10]: '-*- Plug and Play support'
 .config - Linux/x86 5.10.270-gentoo-hardened1 Kernel Configuration
 → Device Drivers → Plug and Play support ──────────────────────────────────────────────────────────────────────────────────
  ┌─────────────────────────────────────────────── Plug and Play support ────────────────────────────────────────────────┐
  │  Arrow keys navigate the menu.  <Enter> selects submenus ---> (or empty submenus ----).  Highlighted letters are     │
  │  hotkeys.  Pressing <Y> includes, <N> excludes, <M> modularizes features.  Press <Esc><Esc> to exit, <?> for Help,   │
  │  </> for Search.  Legend: [*] built-in  [ ] excluded  <M> module  < > module capable                                 │
  │                                                                                                                      │
  │ ┌──────────────────────────────────────────────────────────────────────────────────────────────────────────────────┐ │
  │ │                      --- Plug and Play support                                                                   │ │
  │ │                      [*]   PNP debugging messages                                                                │ │
  │ │                            *** Protocols ***                                                                     │ │
  │ └──────────────────────────────────────────────────────────────────────────────────────────────────────────────────┘ │
  ├──────────────────────────────────────────────────────────────────────────────────────────────────────────────────────┤
  │                               <Select>    < Exit >    < Help >    < Save >    < Load >                               │
  └──────────────────────────────────────────────────────────────────────────────────────────────────────────────────────┘



[menu] WALK MENU: /Device Drivers/-*- Plug and Play support
[menu] visible_entries=2 known_entries=2
[menu] POSITIONED SCREEN for [11]: '[*] Block devices' by moving: delta:1 (prev:10, next:11)
[menu] CHILD SCREEN After ENTER [11]: '[*] Block devices'
 .config - Linux/x86 5.10.270-gentoo-hardened1 Kernel Configuration
 → Device Drivers → Block devices ──────────────────────────────────────────────────────────────────────────────────────────
  ┌─────────────────────────────────────────────────── Block devices ────────────────────────────────────────────────────┐
  │  Arrow keys navigate the menu.  <Enter> selects submenus ---> (or empty submenus ----).  Highlighted letters are     │
  │  hotkeys.  Pressing <Y> includes, <N> excludes, <M> modularizes features.  Press <Esc><Esc> to exit, <?> for Help,   │
  │  </> for Search.  Legend: [*] built-in  [ ] excluded  <M> module  < > module capable                                 │
  │                                                                                                                      │
  │ ┌──────────────────────────────────────────────────────────────────────────────────────────────────────────────────┐ │
  │ │                      --- Block devices                                                                           │ │
  │ │                      < >   Null test block driver                                                                │ │
  │ │                      < >   Normal floppy disk support                                                            │ │
  │ │                      < >   Block Device Driver for Micron PCIe SSDs                                              │ │
  │ │                      < >   Micro Memory MM5415 Battery Backed RAM support                                        │ │
  │ │                      <*>   Loopback device support                                                               │ │
  │ │                      (8)     Number of loop devices to pre-create at init time                                   │ │
  │ │                      < >     Cryptoloop Support (DEPRECATED)                                                     │ │
  │ │                      < >   DRBD Distributed Replicated Block Device support                                      │ │
  │ │                      < >   Network block device support                                                          │ │
  │ │                      < >   STEC S1120 Block Driver                                                               │ │
  │ │                      < >   RAM block device support                                                              │ │
  │ │                      < >   Packet writing on CD/DVD media (DEPRECATED)                                           │ │
  │ │                      < >   ATA over Ethernet support                                                             │ │
  │ │                      < >   Rados block device (RBD)                                                              │ │
  │ │                      < >   IBM Flash Adapter 900GB Full Height PCIe Device Driver                                │ │
  │ └──────────────────────────────────────────────────────────────────────────────────────────────────────────────────┘ │
  ├──────────────────────────────────────────────────────────────────────────────────────────────────────────────────────┤
  │                               <Select>    < Exit >    < Help >    < Save >    < Load >                               │
  └──────────────────────────────────────────────────────────────────────────────────────────────────────────────────────┘



[menu] WALK MENU: /Device Drivers/[*] Block devices
[menu] visible_entries=16 known_entries=16
[menu] POSITIONED SCREEN for [12]: 'NVME Support' by moving: delta:1 (prev:11, next:12)
[menu] CHILD SCREEN After ENTER [12]: 'NVME Support'
 .config - Linux/x86 5.10.270-gentoo-hardened1 Kernel Configuration
 → Device Drivers → NVME Support ───────────────────────────────────────────────────────────────────────────────────────────
  ┌──────────────────────────────────────────────────── NVME Support ────────────────────────────────────────────────────┐
  │  Arrow keys navigate the menu.  <Enter> selects submenus ---> (or empty submenus ----).  Highlighted letters are     │
  │  hotkeys.  Pressing <Y> includes, <N> excludes, <M> modularizes features.  Press <Esc><Esc> to exit, <?> for Help,   │
  │  </> for Search.  Legend: [*] built-in  [ ] excluded  <M> module  < > module capable                                 │
  │                                                                                                                      │
  │ ┌──────────────────────────────────────────────────────────────────────────────────────────────────────────────────┐ │
  │ │                      < > NVM Express block device                                                                │ │
  │ │                      < > NVM Express over Fabrics FC host driver                                                 │ │
  │ │                      < > NVM Express over Fabrics TCP host driver                                                │ │
  │ └──────────────────────────────────────────────────────────────────────────────────────────────────────────────────┘ │
  ├──────────────────────────────────────────────────────────────────────────────────────────────────────────────────────┤
  │                               <Select>    < Exit >    < Help >    < Save >    < Load >                               │
  └──────────────────────────────────────────────────────────────────────────────────────────────────────────────────────┘



[menu] WALK MENU: /Device Drivers/NVME Support
[menu] visible_entries=3 known_entries=3
[menu] POSITIONED SCREEN for [13]: 'Misc devices' by moving: delta:1 (prev:12, next:13)
[menu] CHILD SCREEN After ENTER [13]: 'Misc devices'
 .config - Linux/x86 5.10.270-gentoo-hardened1 Kernel Configuration
 → Device Drivers → Misc devices ───────────────────────────────────────────────────────────────────────────────────────────
  ┌──────────────────────────────────────────────────── Misc devices ────────────────────────────────────────────────────┐
  │  Arrow keys navigate the menu.  <Enter> selects submenus ---> (or empty submenus ----).  Highlighted letters are     │
  │  hotkeys.  Pressing <Y> includes, <N> excludes, <M> modularizes features.  Press <Esc><Esc> to exit, <?> for Help,   │
  │  </> for Search.  Legend: [*] built-in  [ ] excluded  <M> module  < > module capable                                 │
  │                                                                                                                      │
  │ ┌──────────────────────────────────────────────────────────────────────────────────────────────────────────────────┐ │
  │ │                      < > Dummy IRQ handler                                                                       │ │
  │ │                      < > Device driver for IBM RSA service processor                                             │ │
  │ │                      < > Sensable PHANToM (PCI)                                                                  │ │
  │ │                      < > TI Flash Media interface support                                                        │ │
  │ │                      < > Enclosure Services                                                                      │ │
  │ │                      < > Channel interface driver for the HP iLO processor                                       │ │
  │ │                      [ ] Generic on-chip SRAM driver                                                             │ │
  │ │                      < > PCI Endpoint Test driver                                                                │ │
  │ │                      < > Xilinx SDFEC 16                                                                         │ │
  │ │                      < > pvpanic device support                                                                  │ │
  │ │                      < > Silicon Labs C2 port support  ----                                                      │ │
  │ │                          EEPROM support  --->                                                                    │ │
  │ │                      < > ENE CB710/720 Flash memory card reader support                                          │ │
  │ │                          Texas Instruments shared transport line discipline  ----                                │ │
  │ │                          *** Altera FPGA firmware download module (requires I2C) ***                             │ │
  │ │                      < > Intel Management Engine Interface                                                       │ │
  │ │                      < > ME Enabled Intel Chipsets                                                               │ │
  │ │                      < > Intel Trusted Execution Environment with ME Interface                                   │ │
  │ │                      < > Intel HDCP2.2 services of ME Interface                                                  │ │
  │ │                      < > VMware VMCI Driver                                                                      │ │
  │ │                      < > GenWQE PCIe Accelerator  ----                                                           │ │
  │ │                      < > Line Echo Canceller support                                                             │ │
  │ │                      < > Alcor Micro/Alcor Link PCI-E card reader                                                │ │
  │ │                      < > Realtek PCI-E card reader                                                               │ │
  │ │                      < > Realtek USB card reader                                                                 │ │
  │ │                      < > HabanaAI accelerators (habanalabs)                                                      │ │
  │ │                      < > Accelerator Framework for User Land                                                     │ │
  │ └──────────────────────────────────────────────────────────────────────────────────────────────────────────────────┘ │
  ├──────────────────────────────────────────────────────────────────────────────────────────────────────────────────────┤
  │                               <Select>    < Exit >    < Help >    < Save >    < Load >                               │
  └──────────────────────────────────────────────────────────────────────────────────────────────────────────────────────┘



[menu] WALK MENU: /Device Drivers/Misc devices
[menu] visible_entries=26 known_entries=26
[menu] POSITIONED SCREEN for [11]: 'EEPROM support' by moving: delta:11 (prev:0, next:11)
[menu] CHILD SCREEN After ENTER [11]: 'EEPROM support'
 .config - Linux/x86 5.10.270-gentoo-hardened1 Kernel Configuration
 → Device Drivers → Misc devices → EEPROM support ──────────────────────────────────────────────────────────────────────────
  ┌─────────────────────────────────────────────────── EEPROM support ───────────────────────────────────────────────────┐
  │  Arrow keys navigate the menu.  <Enter> selects submenus ---> (or empty submenus ----).  Highlighted letters are     │
  │  hotkeys.  Pressing <Y> includes, <N> excludes, <M> modularizes features.  Press <Esc><Esc> to exit, <?> for Help,   │
  │  </> for Search.  Legend: [*] built-in  [ ] excluded  <M> module  < > module capable                                 │
  │                                                                                                                      │
  │ ┌──────────────────────────────────────────────────────────────────────────────────────────────────────────────────┐ │
  │ │                      < > EEPROM 93CX6 support                                                                    │ │
  │ └──────────────────────────────────────────────────────────────────────────────────────────────────────────────────┘ │
  ├──────────────────────────────────────────────────────────────────────────────────────────────────────────────────────┤
  │                               <Select>    < Exit >    < Help >    < Save >    < Load >                               │
  └──────────────────────────────────────────────────────────────────────────────────────────────────────────────────────┘



[menu] WALK MENU: /Device Drivers/Misc devices/EEPROM support
[menu] visible_entries=1 known_entries=1
[menu] POSITIONED SCREEN for [15]: 'SCSI device support' by moving: delta:2 (prev:13, next:15)
[menu] CHILD SCREEN After ENTER [15]: 'SCSI device support'
 .config - Linux/x86 5.10.270-gentoo-hardened1 Kernel Configuration
 → Device Drivers → SCSI device support ────────────────────────────────────────────────────────────────────────────────────
  ┌──────────────────────────────────────────────── SCSI device support ─────────────────────────────────────────────────┐
  │  Arrow keys navigate the menu.  <Enter> selects submenus ---> (or empty submenus ----).  Highlighted letters are     │
  │  hotkeys.  Pressing <Y> includes, <N> excludes, <M> modularizes features.  Press <Esc><Esc> to exit, <?> for Help,   │
  │  </> for Search.  Legend: [*] built-in  [ ] excluded  <M> module  < > module capable                                 │
  │                                                                                                                      │
  │ ┌──────────────────────────────────────────────────────────────────────────────────────────────────────────────────┐ │
  │ │                      < > RAID Transport Class                                                                    │ │
  │ │                      -*- SCSI device support                                                                     │ │
  │ │                      [*] legacy /proc/scsi/ support                                                              │ │
  │ │                          *** SCSI support type (disk, tape, CD-ROM) ***                                          │ │
  │ │                      <*> SCSI disk support                                                                       │ │
  │ │                      < > SCSI tape support                                                                       │ │
  │ │                      <*> SCSI CDROM support                                                                      │ │
  │ │                      <*> SCSI generic support                                                                    │ │
  │ │                      < > SCSI media changer support                                                              │ │
  │ │                      [*] Verbose SCSI error reporting (kernel size += 36K)                                       │ │
  │ │                      [ ] SCSI logging facility                                                                   │ │
  │ │                      [ ] Asynchronous SCSI scanning                                                              │ │
  │ │                          SCSI Transports  --->                                                                   │ │
  │ │                      [ ] SCSI low-level drivers  ----                                                            │ │
  │ │                      [ ] SCSI Device Handlers  ----                                                              │ │
  │ └──────────────────────────────────────────────────────────────────────────────────────────────────────────────────┘ │
  ├──────────────────────────────────────────────────────────────────────────────────────────────────────────────────────┤
  │                               <Select>    < Exit >    < Help >    < Save >    < Load >                               │
  └──────────────────────────────────────────────────────────────────────────────────────────────────────────────────────┘



[menu] WALK MENU: /Device Drivers/SCSI device support
[menu] visible_entries=14 known_entries=14
[menu] POSITIONED SCREEN for [11]: 'SCSI Transports' by moving: delta:11 (prev:0, next:11)
[menu] CHILD SCREEN After ENTER [11]: 'SCSI Transports'
 .config - Linux/x86 5.10.270-gentoo-hardened1 Kernel Configuration
 → Device Drivers → SCSI device support ────────────────────────────────────────────────────────────────────────────────────
  ┌──────────────────────────────────────────────── SCSI device support ─────────────────────────────────────────────────┐
  │  Arrow keys navigate the menu.  <Enter> selects submenus ---> (or empty submenus ----).  Highlighted letters are     │
  │  hotkeys.  Pressing <Y> includes, <N> excludes, <M> modularizes features.  Press <Esc><Esc> to exit, <?> for Help,   │
  │  </> for Search.  Legend: [*] built-in  [ ] excluded  <M> module  < > module capable                                 │
  │                                                                                                                      │
  │ ┌──────────────────────────────────────────────────────────────────────────────────────────────────────────────────┐ │
  │ │                      < > RAID Transport Class                                                                    │ │
  │ │                      -*- SCSI device support                                                                     │ │
  │ │                      [*] legacy /proc/scsi/ support                                                              │ │
  │ │                          *** SCSI support type (disk, tape, CD-ROM) ***                                          │ │
  │ │                      <*> SCSI disk support                                                                       │ │
  │ │                      < > SCSI tape support                                                                       │ │
  │ │                      <*> SCSI CDROM support                                                                      │ │
  │ │                      <*> SCSI generic support                                                                    │ │
  │ │                      < > SCSI media changer support                                                              │ │
  │ │                      [*] Verbose SCSI error reporting (kernel size += 36K)                                       │ │
  │ │                      [ ] SCSI logging facility                                                                   │ │
  │ │                      [ ] Asynchronous SCSI scanning                                                              │ │
  │ │                          SCSI Transports  --->                                                                   │ │
  │ │                      [ ] SCSI low-level drivers  ----                                                            │ │
  │ │                      [ ] SCSI Device Handlers  ----                                                              │ │
  │ └──────────────────────────────────────────────────────────────────────────────────────────────────────────────────┘ │
  ├──────────────────────────────────────────────────────────────────────────────────────────────────────────────────────┤
  │                               <Select>    < Exit >    < Help >    < Save >    < Load >                               │
  └──────────────────────────────────────────────────────────────────────────────────────────────────────────────────────┘



[menu] POSITIONED SCREEN for [16]: '<*> Serial ATA and Parallel ATA drivers (libata)' by moving: delta:1 (prev:15, next:16)
[menu] CHILD SCREEN After ENTER [16]: '<*> Serial ATA and Parallel ATA drivers (libata)'
 .config - Linux/x86 5.10.270-gentoo-hardened1 Kernel Configuration
 → Device Drivers → Serial ATA and Parallel ATA drivers (libata) ───────────────────────────────────────────────────────────
  ┌──────────────────────────────────── Serial ATA and Parallel ATA drivers (libata) ────────────────────────────────────┐
  │  Arrow keys navigate the menu.  <Enter> selects submenus ---> (or empty submenus ----).  Highlighted letters are     │
  │  hotkeys.  Pressing <Y> includes, <N> excludes, <M> modularizes features.  Press <Esc><Esc> to exit, <?> for Help,   │
  │  </> for Search.  Legend: [*] built-in  [ ] excluded  <M> module  < > module capable                                 │
  │                                                                                                                      │
  │ ┌──────────────────────────────────────────────────────────────────────────────────────────────────────────────────┐ │
  │ │                      --- Serial ATA and Parallel ATA drivers (libata)                                            │ │
  │ │                      [*]   Verbose ATA error reporting                                                           │ │
  │ │                      [*]   ATA ACPI Support                                                                      │ │
  │ │                      [ ]     SATA Zero Power Optical Disc Drive (ZPODD) support                                  │ │
  │ │                      [*]   SATA Port Multiplier support                                                          │ │
  │ │                            *** Controllers with non-SFF native interface ***                                     │ │
  │ │                      <*>   AHCI SATA support                                                                     │ │
  │ │                      (0)     Default SATA Link Power Management policy for mobile chipsets                       │ │
  │ │                      < >   Platform AHCI SATA support                                                            │ │
  │ │                      < >   Initio 162x SATA support (Very Experimental)                                          │ │
  │ │                      < >   ACard AHCI variant (ATP 8620)                                                         │ │
  │ │                      < >   Silicon Image 3124/3132 SATA support                                                  │ │
  │ │                      [*]   ATA SFF support (for legacy IDE and PATA)                                             │ │
  │ │                              *** SFF controllers with custom DMA interface ***                                   │ │
  │ │                      < >     Pacific Digital ADMA support                                                        │ │
  │ │                      < >     Pacific Digital SATA QStor support                                                  │ │
  │ │                      < >     Promise SATA SX4 support (Experimental)                                             │ │
  │ │                      [*]     ATA BMDMA support                                                                   │ │
  │ │                                *** SATA SFF controllers with BMDMA ***                                           │ │
  │ │                      <*>       Intel ESB, ICH, PIIX3, PIIX4 PATA/SATA support                                    │ │
  │ │                      < >       DesignWare Cores SATA support                                                     │ │
  │ │                      < >       Marvell SATA support                                                              │ │
  │ │                      < >       NVIDIA SATA support                                                               │ │
  │ │                      < >       Promise SATA TX2/TX4 support                                                      │ │
  │ │                      < >       Silicon Image SATA support                                                        │ │
  │ │                      < >       SiS 964/965/966/180 SATA support                                                  │ │
  │ │                      < >       ServerWorks Frodo / Apple K2 SATA support                                         │ │
  │ │                      < >       ULi Electronics SATA support                                                      │ │
  │ │                      < >       VIA SATA support                                                                  │ │
  │ │                      < >       VITESSE VSC-7174 / INTEL 31244 SATA support                                       │ │
  │ │                                *** PATA SFF controllers with BMDMA ***                                           │ │
  │ │                      < >       ALi PATA support                                                                  │ │
  │ │                      <*>       AMD/NVidia PATA support                                                           │ │
  │ │                      < >       ARTOP 6210/6260 PATA support                                                      │ │
  │ │                      < >       ATI PATA support                                                                  │ │
  │ │                      < >       ARTOP/Acard ATP867X PATA support                                                  │ │
  │ │                      < >       CMD64x PATA support                                                               │ │
  │ │                      < >       Cypress CY82C693 PATA support (Very Experimental)                                 │ │
  │ │                      < >       EFAR SLC90E66 support                                                             │ │
  │ │                      < >       HPT 366/368 PATA support                                                          │ │
  │ │                      < >       HPT 370/370A/371/372/374/302 PATA support                                         │ │
  │ │                      < >       HPT 371N/372N/302N PATA support                                                   │ │
  │ │                      < >       HPT 343/363 PATA support                                                          │ │
  │ │                      < >       IT8213 PATA support (Experimental)                                                │ │
  │ │                      < >       IT8211/2 PATA support                                                             │ │
  │ │                      < >       JMicron PATA support                                                              │ │
  │ └──────────────────────↓(+)────────────────────────────────────────────────────────────────────────────────────────┘ │
  ├──────────────────────────────────────────────────────────────────────────────────────────────────────────────────────┤
  │                               <Select>    < Exit >    < Help >    < Save >    < Load >                               │
  └──────────────────────────────────────────────────────────────────────────────────────────────────────────────────────┘



[menu] WALK MENU: /Device Drivers/<*> Serial ATA and Parallel ATA drivers (libata)
[menu] visible_entries=43 known_entries=69
[menu] POSITIONED SCREEN for [17]: '[*] Multiple devices driver support (RAID and LVM)' by moving: delta:1 (prev:16, next:17)
[menu] CHILD SCREEN After ENTER [17]: '[*] Multiple devices driver support (RAID and LVM)'
 .config - Linux/x86 5.10.270-gentoo-hardened1 Kernel Configuration
 → Device Drivers → Multiple devices driver support (RAID and LVM) ─────────────────────────────────────────────────────────
  ┌─────────────────────────────────── Multiple devices driver support (RAID and LVM) ───────────────────────────────────┐
  │  Arrow keys navigate the menu.  <Enter> selects submenus ---> (or empty submenus ----).  Highlighted letters are     │
  │  hotkeys.  Pressing <Y> includes, <N> excludes, <M> modularizes features.  Press <Esc><Esc> to exit, <?> for Help,   │
  │  </> for Search.  Legend: [*] built-in  [ ] excluded  <M> module  < > module capable                                 │
  │                                                                                                                      │
  │ ┌──────────────────────────────────────────────────────────────────────────────────────────────────────────────────┐ │
  │ │                      --- Multiple devices driver support (RAID and LVM)                                          │ │
  │ │                      <*>   RAID support                                                                          │ │
  │ │                      [*]     Autodetect RAID arrays during kernel boot                                           │ │
  │ │                      < >     Linear (append) mode                                                                │ │
  │ │                      < >     RAID-0 (striping) mode                                                              │ │
  │ │                      < >     RAID-1 (mirroring) mode                                                             │ │
  │ │                      < >     RAID-10 (mirrored striping) mode                                                    │ │
  │ │                      < >     RAID-4/RAID-5/RAID-6 mode                                                           │ │
  │ │                      < >     Multipath I/O support                                                               │ │
  │ │                      < >     Faulty test module for MD                                                           │ │
  │ │                      < >   Block device as cache                                                                 │ │
  │ │                      <*>   Device mapper support                                                                 │ │
  │ │                      [ ]     Device mapper debugging support                                                     │ │
  │ │                      < >     Unstriped target                                                                    │ │
  │ │                      < >     Crypt target support                                                                │ │
  │ │                      < >     Snapshot target                                                                     │ │
  │ │                      < >     Thin provisioning target                                                            │ │
  │ │                      < >     Cache target (EXPERIMENTAL)                                                         │ │
  │ │                      < >     Writecache target                                                                   │ │
  │ │                      < >     Emulated block size target (EXPERIMENTAL)                                           │ │
  │ │                      < >     Era target (EXPERIMENTAL)                                                           │ │
  │ │                      < >     Clone target (EXPERIMENTAL)                                                         │ │
  │ │                      <*>     Mirror target                                                                       │ │
  │ │                      < >       Mirror userspace logging                                                          │ │
  │ │                      < >     RAID 1/4/5/6/10 target                                                              │ │
  │ │                      <*>     Zero target                                                                         │ │
  │ │                      < >     Multipath target                                                                    │ │
  │ │                      < >     I/O delaying target                                                                 │ │
  │ │                      < >     Bad sector simulation target                                                        │ │
  │ │                      [ ]     DM "dm-mod.create=" parameter support                                               │ │
  │ │                      [ ]     DM uevents                                                                          │ │
  │ │                      < >     Flakey target                                                                       │ │
  │ │                      < >     Verity target support                                                               │ │
  │ │                      < >     Switch target support (EXPERIMENTAL)                                                │ │
  │ │                      < >     Log writes target support                                                           │ │
  │ │                      < >     Integrity target support                                                            │ │
  │ └──────────────────────────────────────────────────────────────────────────────────────────────────────────────────┘ │
  ├──────────────────────────────────────────────────────────────────────────────────────────────────────────────────────┤
  │                               <Select>    < Exit >    < Help >    < Save >    < Load >                               │
  └──────────────────────────────────────────────────────────────────────────────────────────────────────────────────────┘



[menu] WALK MENU: /Device Drivers/[*] Multiple devices driver support (RAID and LVM)
[menu] visible_entries=36 known_entries=36
[menu] POSITIONED SCREEN for [20]: 'IEEE 1394 (FireWire) support' by moving: delta:3 (prev:17, next:20)
[menu] CHILD SCREEN After ENTER [20]: 'IEEE 1394 (FireWire) support'
 .config - Linux/x86 5.10.270-gentoo-hardened1 Kernel Configuration
 → Device Drivers → IEEE 1394 (FireWire) support ───────────────────────────────────────────────────────────────────────────
  ┌──────────────────────────────────────────── IEEE 1394 (FireWire) support ────────────────────────────────────────────┐
  │  Arrow keys navigate the menu.  <Enter> selects submenus ---> (or empty submenus ----).  Highlighted letters are     │
  │  hotkeys.  Pressing <Y> includes, <N> excludes, <M> modularizes features.  Press <Esc><Esc> to exit, <?> for Help,   │
  │  </> for Search.  Legend: [*] built-in  [ ] excluded  <M> module  < > module capable                                 │
  │                                                                                                                      │
  │ ┌──────────────────────────────────────────────────────────────────────────────────────────────────────────────────┐ │
  │ │                      < > FireWire driver stack                                                                   │ │
  │ │                      < > Nosy - a FireWire traffic sniffer for PCILynx cards                                     │ │
  │ └──────────────────────────────────────────────────────────────────────────────────────────────────────────────────┘ │
  ├──────────────────────────────────────────────────────────────────────────────────────────────────────────────────────┤
  │                               <Select>    < Exit >    < Help >    < Save >    < Load >                               │
  └──────────────────────────────────────────────────────────────────────────────────────────────────────────────────────┘



[menu] WALK MENU: /Device Drivers/IEEE 1394 (FireWire) support
[menu] visible_entries=2 known_entries=2
[menu] POSITIONED SCREEN for [21]: '[*] Macintosh device drivers' by moving: delta:1 (prev:20, next:21)
[menu] CHILD SCREEN After ENTER [21]: '[*] Macintosh device drivers'
 .config - Linux/x86 5.10.270-gentoo-hardened1 Kernel Configuration
 → Device Drivers → Macintosh device drivers ───────────────────────────────────────────────────────────────────────────────
  ┌────────────────────────────────────────────── Macintosh device drivers ──────────────────────────────────────────────┐
  │  Arrow keys navigate the menu.  <Enter> selects submenus ---> (or empty submenus ----).  Highlighted letters are     │
  │  hotkeys.  Pressing <Y> includes, <N> excludes, <M> modularizes features.  Press <Esc><Esc> to exit, <?> for Help,   │
  │  </> for Search.  Legend: [*] built-in  [ ] excluded  <M> module  < > module capable                                 │
  │                                                                                                                      │
  │ ┌──────────────────────────────────────────────────────────────────────────────────────────────────────────────────┐ │
  │ │                      --- Macintosh device drivers                                                                │ │
  │ │                      <*>   Support for mouse button 2+3 emulation                                                │ │
  │ └──────────────────────────────────────────────────────────────────────────────────────────────────────────────────┘ │
  ├──────────────────────────────────────────────────────────────────────────────────────────────────────────────────────┤
  │                               <Select>    < Exit >    < Help >    < Save >    < Load >                               │
  └──────────────────────────────────────────────────────────────────────────────────────────────────────────────────────┘



[menu] WALK MENU: /Device Drivers/[*] Macintosh device drivers
[menu] visible_entries=2 known_entries=2
[menu] POSITIONED SCREEN for [22]: '[*] Network device support' by moving: delta:1 (prev:21, next:22)
[menu] CHILD SCREEN After ENTER [22]: '[*] Network device support'
 .config - Linux/x86 5.10.270-gentoo-hardened1 Kernel Configuration
 → Device Drivers → Network device support ─────────────────────────────────────────────────────────────────────────────────
  ┌─────────────────────────────────────────────── Network device support ───────────────────────────────────────────────┐
  │  Arrow keys navigate the menu.  <Enter> selects submenus ---> (or empty submenus ----).  Highlighted letters are     │
  │  hotkeys.  Pressing <Y> includes, <N> excludes, <M> modularizes features.  Press <Esc><Esc> to exit, <?> for Help,   │
  │  </> for Search.  Legend: [*] built-in  [ ] excluded  <M> module  < > module capable                                 │
  │                                                                                                                      │
  │ ┌──────────────────────────────────────────────────────────────────────────────────────────────────────────────────┐ │
  │ │                      --- Network device support                                                                  │ │
  │ │                      [*]   Network core driver support                                                           │ │
  │ │                      < >     Bonding driver support                                                              │ │
  │ │                      < >     Dummy net driver support                                                            │ │
  │ │                      < >     WireGuard secure network tunnel                                                     │ │
  │ │                      < >     EQL (serial line load balancing) support                                            │ │
  │ │                      [ ]     Fibre Channel driver support                                                        │ │
  │ │                      < >     Ethernet team driver support  ----                                                  │ │
  │ │                      < >     MAC-VLAN support                                                                    │ │
  │ │                      < >     IP-VLAN support                                                                     │ │
  │ │                      < >     Virtual eXtensible Local Area Network (VXLAN)                                       │ │
  │ │                      < >     Generic Network Virtualization Encapsulation                                        │ │
  │ │                      < >     Bare UDP Encapsulation                                                              │ │
  │ │                      < >     GPRS Tunneling Protocol datapath (GTP-U)                                            │ │
  │ │                      < >     IEEE 802.1AE MAC-level encryption (MACsec)                                          │ │
  │ │                      <*>     Network console logging support                                                     │ │
  │ │                      < >     Universal TUN/TAP device driver support                                             │ │
  │ │                      [ ]     Support for cross-endian vnet headers on little-endian kernels                      │ │
  │ │                      < >     Virtual ethernet pair device                                                        │ │
  │ │                      < >     Virtual netlink monitoring device                                                   │ │
  │ │                      < >   ARCnet support  ----                                                                  │ │
  │ │                            Distributed Switch Architecture drivers  ----                                         │ │
  │ │                      [*]   Ethernet driver support  --->                                                         │ │
  │ │                      < >   FDDI driver support                                                                   │ │
  │ │                      [ ]   HIPPI driver support                                                                  │ │
  │ │                      < >   General Instruments Surfboard 1000                                                    │ │
  │ │                      -*-   PHY Device support and infrastructure  --->                                           │ │
  │ │                      -*-   MDIO bus device drivers  --->                                                         │ │
  │ │                            PCS device drivers  --->                                                              │ │
  │ │                      < >   PPP (point-to-point protocol) support                                                 │ │
  │ │                      < >   SLIP (serial line) support                                                            │ │
  │ │                      <*>   USB Network Adapters  --->                                                            │ │
  │ │                      [*]   Wireless LAN  --->                                                                    │ │
  │ │                            *** Enable WiMAX (Networking options) to see the WiMAX drivers ***                    │ │
  │ │                      [ ]   Wan interfaces support  ----                                                          │ │
  │ │                      < >   VMware VMXNET3 ethernet driver                                                        │ │
  │ │                      < >   FUJITSU Extended Socket Network Device driver                                         │ │
  │ │                      < >   Simulated networking device                                                           │ │
  │ │                      < >   Failover driver                                                                       │ │
  │ │                      [ ]   ISDN support  ----                                                                    │ │
  │ └──────────────────────────────────────────────────────────────────────────────────────────────────────────────────┘ │
  ├──────────────────────────────────────────────────────────────────────────────────────────────────────────────────────┤
  │                               <Select>    < Exit >    < Help >    < Save >    < Load >                               │
  └──────────────────────────────────────────────────────────────────────────────────────────────────────────────────────┘



[menu] WALK MENU: /Device Drivers/[*] Network device support
[menu] visible_entries=39 known_entries=39
[menu] POSITIONED SCREEN for [22]: '[*]   Ethernet driver support' by moving: delta:22 (prev:0, next:22)
[menu] CHILD SCREEN After ENTER [22]: '[*]   Ethernet driver support'
 .config - Linux/x86 5.10.270-gentoo-hardened1 Kernel Configuration
 → Device Drivers → Network device support → Ethernet driver support ───────────────────────────────────────────────────────
  ┌────────────────────────────────────────────── Ethernet driver support ───────────────────────────────────────────────┐
  │  Arrow keys navigate the menu.  <Enter> selects submenus ---> (or empty submenus ----).  Highlighted letters are     │
  │  hotkeys.  Pressing <Y> includes, <N> excludes, <M> modularizes features.  Press <Esc><Esc> to exit, <?> for Help,   │
  │  </> for Search.  Legend: [*] built-in  [ ] excluded  <M> module  < > module capable                                 │
  │                                                                                                                      │
  │ ┌──────────────────────────────────────────────────────────────────────────────────────────────────────────────────┐ │
  │ │                      --- Ethernet driver support                                                                 │ │
  │ │                      [*]   3Com devices                                                                          │ │
  │ │                      < >     3Com 3c574 PCMCIA support                                                           │ │
  │ │                      < >     3Com 3c589 PCMCIA support                                                           │ │
  │ │                      < >     3c590/3c900 series (592/595/597) "Vortex/Boomerang" support                         │ │
  │ │                      < >     3cr990 series "Typhoon" support                                                     │ │
  │ │                      [*]   Adaptec devices                                                                       │ │
  │ │                      < >     Adaptec Starfire/DuraLAN support                                                    │ │
  │ │                      [*]   Agere devices                                                                         │ │
  │ │                      < >     Agere ET-1310 Gigabit Ethernet support                                              │ │
  │ │                      [*]   Alacritech devices                                                                    │ │
  │ │                      < >     Alacritech Slicoss support                                                          │ │
  │ │                      [*]   Alteon devices                                                                        │ │
  │ │                      < >     Alteon AceNIC/3Com 3C985/NetGear GA620 Gigabit support                              │ │
  │ │                      < >   Altera Triple-Speed Ethernet MAC support                                              │ │
  │ │                      [*]   Amazon Devices                                                                        │ │
  │ │                      < >     Elastic Network Adapter (ENA) support                                               │ │
  │ │                      [*]   AMD devices                                                                           │ │
  │ │                      < >     AMD 8111 (new PCI LANCE) support                                                    │ │
  │ │                      < >     AMD PCnet32 PCI support                                                             │ │
  │ │                      < >     New Media PCMCIA support                                                            │ │
  │ │                      < >     AMD 10GbE Ethernet driver                                                           │ │
  │ │                      [*]   aQuantia devices                                                                      │ │
  │ │                      < >     aQuantia AQtion(tm) Support                                                         │ │
  │ │                      [*]   ARC devices                                                                           │ │
  │ │                      [*]   Atheros devices                                                                       │ │
  │ │                      < >     Atheros L2 Fast Ethernet support                                                    │ │
  │ │                      < >     Atheros/Attansic L1 Gigabit Ethernet support                                        │ │
  │ │                      < >     Atheros L1E Gigabit Ethernet support                                                │ │
  │ │                      < >     Atheros L1C Gigabit Ethernet support                                                │ │
  │ │                      < >     Qualcomm Atheros AR816x/AR817x support                                              │ │
  │ │                      [*]   Aurora VLSI devices                                                                   │ │
  │ │                      < >     Aurora AU-NB8800 support                                                            │ │
  │ │                      [*]   Broadcom devices                                                                      │ │
  │ │                      < >     Broadcom 440x/47xx ethernet support                                                 │ │
  │ │                      < >     Broadcom GENET internal MAC support                                                 │ │
  │ │                      < >     QLogic bnx2 support                                                                 │ │
  │ │                      < >     QLogic CNIC support                                                                 │ │
  │ │                      <*>     Broadcom Tigon3 support                                                             │ │
  │ │                      [*]       Broadcom Tigon3 HWMON support                                                     │ │
  │ │                      < >     Broadcom NetXtremeII 10Gb support                                                   │ │
  │ │                      < >     Broadcom SYSTEMPORT internal MAC support                                            │ │
  │ │                      < >     Broadcom NetXtreme-C/E support                                                      │ │
  │ │                      [*]   QLogic BR-series devices                                                              │ │
  │ │                      < >     QLogic BR-series 1010/1020/1860 10Gb Ethernet Driver support                        │ │
  │ │                      [*]   Cadence devices                                                                       │ │
  │ └──────────────────────↓(+)────────────────────────────────────────────────────────────────────────────────────────┘ │
  ├──────────────────────────────────────────────────────────────────────────────────────────────────────────────────────┤
  │                               <Select>    < Exit >    < Help >    < Save >    < Load >                               │
  └──────────────────────────────────────────────────────────────────────────────────────────────────────────────────────┘



[menu] WALK MENU: /Device Drivers/[*] Network device support/[*]   Ethernet driver support
[menu] visible_entries=46 known_entries=208
[menu] POSITIONED SCREEN for [26]: '-*-   PHY Device support and infrastructure' by moving: delta:4 (prev:22, next:26)
[menu] CHILD SCREEN After ENTER [26]: '-*-   PHY Device support and infrastructure'
 .config - Linux/x86 5.10.270-gentoo-hardened1 Kernel Configuration
 → Device Drivers → Network device support → PHY Device support and infrastructure ─────────────────────────────────────────
  ┌─────────────────────────────────────── PHY Device support and infrastructure ────────────────────────────────────────┐
  │  Arrow keys navigate the menu.  <Enter> selects submenus ---> (or empty submenus ----).  Highlighted letters are     │
  │  hotkeys.  Pressing <Y> includes, <N> excludes, <M> modularizes features.  Press <Esc><Esc> to exit, <?> for Help,   │
  │  </> for Search.  Legend: [*] built-in  [ ] excluded  <M> module  < > module capable                                 │
  │                                                                                                                      │
  │ ┌──────────────────────────────────────────────────────────────────────────────────────────────────────────────────┐ │
  │ │                      --- PHY Device support and infrastructure                                                   │ │
  │ │                      [ ]   Support LED triggers for tracking link state                                          │ │
  │ │                      < >   MDIO Bus/PHY emulation with fixed speed/link PHYs                                     │ │
  │ │                            *** MII PHY device drivers ***                                                        │ │
  │ │                      < >   AMD PHYs                                                                              │ │
  │ │                      < >   Analog Devices Industrial Ethernet PHYs                                               │ │
  │ │                      < >   Aquantia PHYs                                                                         │ │
  │ │                      < >   Asix PHYs                                                                             │ │
  │ │                      < >   Broadcom 54XX PHYs                                                                    │ │
  │ │                      < >   Broadcom BCM54140 PHY                                                                 │ │
  │ │                      < >   Broadcom 7xxx SOCs internal PHYs                                                      │ │
  │ │                      < >   Broadcom BCM84881 PHY                                                                 │ │
  │ │                      < >   Broadcom BCM8706 and BCM8727 PHYs                                                     │ │
  │ │                      < >   Cicada PHYs                                                                           │ │
  │ │                      < >   Cortina EDC CDR 10G Ethernet PHY                                                      │ │
  │ │                      < >   Davicom PHYs                                                                          │ │
  │ │                      < >   ICPlus PHYs                                                                           │ │
  │ │                      < >   Intel LXT PHYs                                                                        │ │
  │ │                      < >   Intel XWAY PHYs                                                                       │ │
  │ │                      < >   LSI ET1011C PHY                                                                       │ │
  │ │                      < >   Marvell Alaska PHYs                                                                   │ │
  │ │                      < >   Marvell Alaska 10Gbit PHYs                                                            │ │
  │ │                      < >   Micrel PHYs                                                                           │ │
  │ │                      < >   Microchip PHYs                                                                        │ │
  │ │                      < >   Microchip T1 PHYs                                                                     │ │
  │ │                      < >   Microsemi PHYs                                                                        │ │
  │ │                      < >   National Semiconductor PHYs                                                           │ │
  │ │                      < >   NXP TJA11xx PHYs support                                                              │ │
  │ │                      < >   Quality Semiconductor PHYs                                                            │ │
  │ │                      -*-   Realtek PHYs                                                                          │ │
  │ │                      < >   Renesas PHYs                                                                          │ │
  │ │                      < >   Rockchip Ethernet PHYs                                                                │ │
  │ │                      < >   SMSC PHYs                                                                             │ │
  │ │                      < >   STMicroelectronics STe10Xp PHYs                                                       │ │
  │ │                      < >   Teranetics PHYs                                                                       │ │
  │ │                      < >   Texas Instruments DP83822/825/826 PHYs                                                │ │
  │ │                      < >   Texas Instruments DP83TC811 PHY                                                       │ │
  │ │                      < >   Texas Instruments DP83848 PHY                                                         │ │
  │ │                      < >   Texas Instruments DP83867 Gigabit PHY                                                 │ │
  │ │                      < >   Texas Instruments DP83869 Gigabit PHY                                                 │ │
  │ │                      < >   Vitesse PHYs                                                                          │ │
  │ │                      < >   Xilinx GMII2RGMII converter driver                                                    │ │
  │ └──────────────────────────────────────────────────────────────────────────────────────────────────────────────────┘ │
  ├──────────────────────────────────────────────────────────────────────────────────────────────────────────────────────┤
  │                               <Select>    < Exit >    < Help >    < Save >    < Load >                               │
  └──────────────────────────────────────────────────────────────────────────────────────────────────────────────────────┘



[menu] WALK MENU: /Device Drivers/[*] Network device support/-*-   PHY Device support and infrastructure
[menu] visible_entries=41 known_entries=41
[menu] POSITIONED SCREEN for [27]: '-*-   MDIO bus device drivers' by moving: delta:1 (prev:26, next:27)
[menu] CHILD SCREEN After ENTER [27]: '-*-   MDIO bus device drivers'
 .config - Linux/x86 5.10.270-gentoo-hardened1 Kernel Configuration
 → Device Drivers → Network device support → MDIO bus device drivers ───────────────────────────────────────────────────────
  ┌────────────────────────────────────────────── MDIO bus device drivers ───────────────────────────────────────────────┐
  │  Arrow keys navigate the menu.  <Enter> selects submenus ---> (or empty submenus ----).  Highlighted letters are     │
  │  hotkeys.  Pressing <Y> includes, <N> excludes, <M> modularizes features.  Press <Esc><Esc> to exit, <?> for Help,   │
  │  </> for Search.  Legend: [*] built-in  [ ] excluded  <M> module  < > module capable                                 │
  │                                                                                                                      │
  │ ┌──────────────────────────────────────────────────────────────────────────────────────────────────────────────────┐ │
  │ │                      --- MDIO bus device drivers                                                                 │ │
  │ │                      < >   Bitbanged MDIO buses                                                                  │ │
  │ │                      < >   Broadcom UniMAC MDIO bus controller                                                   │ │
  │ │                      < >   Marvell USB to MDIO Adapter                                                           │ │
  │ │                      < >   Microsemi MIIM interface support                                                      │ │
  │ │                      < >   ThunderX SOCs MDIO buses                                                              │ │
  │ │                            *** MDIO Multiplexers ***                                                             │ │
  │ └──────────────────────────────────────────────────────────────────────────────────────────────────────────────────┘ │
  ├──────────────────────────────────────────────────────────────────────────────────────────────────────────────────────┤
  │                               <Select>    < Exit >    < Help >    < Save >    < Load >                               │
  └──────────────────────────────────────────────────────────────────────────────────────────────────────────────────────┘



[menu] WALK MENU: /Device Drivers/[*] Network device support/-*-   MDIO bus device drivers
[menu] visible_entries=6 known_entries=6
[menu] POSITIONED SCREEN for [28]: 'PCS device drivers' by moving: delta:1 (prev:27, next:28)
[menu] CHILD SCREEN After ENTER [28]: 'PCS device drivers'
 .config - Linux/x86 5.10.270-gentoo-hardened1 Kernel Configuration
 → Device Drivers → Network device support → PCS device drivers ────────────────────────────────────────────────────────────
  ┌───────────────────────────────────────────────── PCS device drivers ─────────────────────────────────────────────────┐
  │  Arrow keys navigate the menu.  <Enter> selects submenus ---> (or empty submenus ----).  Highlighted letters are     │
  │  hotkeys.  Pressing <Y> includes, <N> excludes, <M> modularizes features.  Press <Esc><Esc> to exit, <?> for Help,   │
  │  </> for Search.  Legend: [*] built-in  [ ] excluded  <M> module  < > module capable                                 │
  │                                                                                                                      │
  │ ┌──────────────────────────────────────────────────────────────────────────────────────────────────────────────────┐ │
  │ │                      < > Synopsys DesignWare XPCS controller                                                     │ │
  │ └──────────────────────────────────────────────────────────────────────────────────────────────────────────────────┘ │
  ├──────────────────────────────────────────────────────────────────────────────────────────────────────────────────────┤
  │                               <Select>    < Exit >    < Help >    < Save >    < Load >                               │
  └──────────────────────────────────────────────────────────────────────────────────────────────────────────────────────┘



[menu] WALK MENU: /Device Drivers/[*] Network device support/PCS device drivers
[menu] visible_entries=1 known_entries=1
[menu] POSITIONED SCREEN for [31]: '<*>   USB Network Adapters' by moving: delta:3 (prev:28, next:31)
[menu] CHILD SCREEN After ENTER [31]: '<*>   USB Network Adapters'
 .config - Linux/x86 5.10.270-gentoo-hardened1 Kernel Configuration
 → Device Drivers → Network device support → USB Network Adapters ──────────────────────────────────────────────────────────
  ┌──────────────────────────────────────────────── USB Network Adapters ────────────────────────────────────────────────┐
  │  Arrow keys navigate the menu.  <Enter> selects submenus ---> (or empty submenus ----).  Highlighted letters are     │
  │  hotkeys.  Pressing <Y> includes, <N> excludes, <M> modularizes features.  Press <Esc><Esc> to exit, <?> for Help,   │
  │  </> for Search.  Legend: [*] built-in  [ ] excluded  <M> module  < > module capable                                 │
  │                                                                                                                      │
  │ ┌──────────────────────────────────────────────────────────────────────────────────────────────────────────────────┐ │
  │ │                      --- USB Network Adapters                                                                    │ │
  │ │                      < >   USB CATC NetMate-based Ethernet device support                                        │ │
  │ │                      < >   USB KLSI KL5USB101-based ethernet device support                                      │ │
  │ │                      < >   USB Pegasus/Pegasus-II based ethernet device support                                  │ │
  │ │                      < >   USB RTL8150 based ethernet device support                                             │ │
  │ │                      < >   Realtek RTL8152/RTL8153 Based USB Ethernet Adapters                                   │ │
  │ │                      < >   Microchip LAN78XX Based USB Ethernet Adapters                                         │ │
  │ │                      < >   Multi-purpose USB Networking Framework                                                │ │
  │ │                      < >   Option USB High Speed Mobile Devices                                                  │ │
  │ │                      < >   Apple iPhone USB Ethernet driver                                                      │ │
  │ └──────────────────────────────────────────────────────────────────────────────────────────────────────────────────┘ │
  ├──────────────────────────────────────────────────────────────────────────────────────────────────────────────────────┤
  │                               <Select>    < Exit >    < Help >    < Save >    < Load >                               │
  └──────────────────────────────────────────────────────────────────────────────────────────────────────────────────────┘



[menu] WALK MENU: /Device Drivers/[*] Network device support/<*>   USB Network Adapters
[menu] visible_entries=10 known_entries=10
[menu] POSITIONED SCREEN for [32]: '[*]   Wireless LAN' by moving: delta:1 (prev:31, next:32)
[menu] CHILD SCREEN After ENTER [32]: '[*]   Wireless LAN'
 .config - Linux/x86 5.10.270-gentoo-hardened1 Kernel Configuration
 → Device Drivers → Network device support → Wireless LAN ──────────────────────────────────────────────────────────────────
  ┌──────────────────────────────────────────────────── Wireless LAN ────────────────────────────────────────────────────┐
  │  Arrow keys navigate the menu.  <Enter> selects submenus ---> (or empty submenus ----).  Highlighted letters are     │
  │  hotkeys.  Pressing <Y> includes, <N> excludes, <M> modularizes features.  Press <Esc><Esc> to exit, <?> for Help,   │
  │  </> for Search.  Legend: [*] built-in  [ ] excluded  <M> module  < > module capable                                 │
  │                                                                                                                      │
  │ ┌──────────────────────────────────────────────────────────────────────────────────────────────────────────────────┐ │
  │ │                      --- Wireless LAN                                                                            │ │
  │ │                      [*]   ADMtek devices                                                                        │ │
  │ │                      < >     ADMtek ADM8211 support                                                              │ │
  │ │                      [*]   Atheros/Qualcomm devices                                                              │ │
  │ │                      [ ]     Atheros wireless debugging                                                          │ │
  │ │                      < >     Atheros 5xxx wireless cards support                                                 │ │
  │ │                      [ ]     Atheros 5xxx PCI bus support                                                        │ │
  │ │                      < >     Atheros 802.11n wireless cards support                                              │ │
  │ │                      < >     Atheros HTC based wireless cards support                                            │ │
  │ │                      < >     Linux Community AR9170 802.11n USB support                                          │ │
  │ │                      < >     Atheros mobile chipsets support                                                     │ │
  │ │                      < >     Atheros AR5523 wireless driver support                                              │ │
  │ │                      < >     Wilocity 60g WiFi card wil6210 support                                              │ │
  │ │                      < >     Atheros 802.11ac wireless cards support                                             │ │
  │ │                      < >     Qualcomm Atheros WCN3660/3680 support                                               │ │
  │ │                      [*]   Atmel devices                                                                         │ │
  │ │                      < >     Atmel at76c50x chipset  802.11b support                                             │ │
  │ │                      < >     Atmel at76c503/at76c505/at76c505a USB cards                                         │ │
  │ │                      [*]   Broadcom devices                                                                      │ │
  │ │                      < >     Broadcom 43xx wireless support (mac80211 stack)                                     │ │
  │ │                      < >     Broadcom 43xx-legacy wireless support (mac80211 stack)                              │ │
  │ │                      < >     Broadcom IEEE802.11n PCIe SoftMAC WLAN driver                                       │ │
  │ │                      < >     Broadcom FullMAC WLAN driver                                                        │ │
  │ │                      [*]   Cisco devices                                                                         │ │
  │ │                      < >     Cisco/Aironet 34X/35X/4500/4800 ISA and PCI cards                                   │ │
  │ │                      < >     Cisco/Aironet 34X/35X/4500/4800 PCMCIA cards                                        │ │
  │ │                      [*]   Intel devices                                                                         │ │
  │ │                      < >     Intel PRO/Wireless 2100 Network Connection                                          │ │
  │ │                      < >     Intel PRO/Wireless 2200BG and 2915ABG Network Connection                            │ │
  │ │                      < >     Intel Wireless WiFi 4965AGN (iwl4965)                                               │ │
  │ │                      < >     Intel PRO/Wireless 3945ABG/BG Network Connection (iwl3945)                          │ │
  │ │                      < >     Intel Wireless WiFi Next Gen AGN - Wireless-N/Advanced-N/Ultimate-N (iwlwifi)       │ │
  │ │                      [*]   Intersil devices                                                                      │ │
  │ │                      < >     IEEE 802.11 for Host AP (Prism2/2.5/3 and WEP/TKIP/CCMP)                            │ │
  │ │                      < >     Hermes chipset 802.11b support (Orinoco/Prism2/Symbol)                              │ │
  │ │                      < >     Softmac Prism54 support                                                             │ │
  │ │                      < >     Intersil Prism GT/Duette/Indigo PCI/Cardbus (DEPRECATED)                            │ │
  │ │                      [*]   Marvell devices                                                                       │ │
  │ │                      < >     Marvell 8xxx Libertas WLAN driver support                                           │ │
  │ │                      < >     Marvell 8xxx Libertas WLAN driver support with thin firmware                        │ │
  │ │                      < >     Marvell WiFi-Ex Driver                                                              │ │
  │ │                      < >     Marvell 88W8xxx PCI/PCIe Wireless support                                           │ │
  │ │                      [*]   MediaTek devices                                                                      │ │
  │ │                      < >     MediaTek MT7601U (USB) support                                                      │ │
  │ │                      < >     MediaTek MT76x0U (USB) support                                                      │ │
  │ │                      < >     MediaTek MT76x0E (PCIe) support                                                     │ │
  │ └──────────────────────↓(+)────────────────────────────────────────────────────────────────────────────────────────┘ │
  ├──────────────────────────────────────────────────────────────────────────────────────────────────────────────────────┤
  │                               <Select>    < Exit >    < Help >    < Save >    < Load >                               │
  └──────────────────────────────────────────────────────────────────────────────────────────────────────────────────────┘



[menu] WALK MENU: /Device Drivers/[*] Network device support/[*]   Wireless LAN
[menu] visible_entries=46 known_entries=80
[menu] POSITIONED SCREEN for [58]: '<*>     Realtek rtlwifi family of devices' by moving: delta:58 (prev:0, next:58)
[menu] CHILD SCREEN After ENTER [58]: '<*>     Realtek rtlwifi family of devices'
 .config - Linux/x86 5.10.270-gentoo-hardened1 Kernel Configuration
 → Device Drivers → Network device support → Wireless LAN → Realtek rtlwifi family of devices ──────────────────────────────
  ┌───────────────────────────────────────── Realtek rtlwifi family of devices ──────────────────────────────────────────┐
  │  Arrow keys navigate the menu.  <Enter> selects submenus ---> (or empty submenus ----).  Highlighted letters are     │
  │  hotkeys.  Pressing <Y> includes, <N> excludes, <M> modularizes features.  Press <Esc><Esc> to exit, <?> for Help,   │
  │  </> for Search.  Legend: [*] built-in  [ ] excluded  <M> module  < > module capable                                 │
  │                                                                                                                      │
  │ ┌──────────────────────────────────────────────────────────────────────────────────────────────────────────────────┐ │
  │ │                      --- Realtek rtlwifi family of devices                                                       │ │
  │ │                      < >   Realtek RTL8192CE/RTL8188CE Wireless Network Adapter                                  │ │
  │ │                      < >   Realtek RTL8192SE/RTL8191SE PCIe Wireless Network Adapter                             │ │
  │ │                      < >   Realtek RTL8192DE/RTL8188DE PCIe Wireless Network Adapter                             │ │
  │ │                      < >   Realtek RTL8723AE PCIe Wireless Network Adapter                                       │ │
  │ │                      < >   Realtek RTL8723BE PCIe Wireless Network Adapter                                       │ │
  │ │                      < >   Realtek RTL8188EE Wireless Network Adapter                                            │ │
  │ │                      < >   Realtek RTL8192EE Wireless Network Adapter                                            │ │
  │ │                      < >   Realtek RTL8821AE/RTL8812AE Wireless Network Adapter                                  │ │
  │ │                      < >   Realtek RTL8192CU/RTL8188CU USB Wireless Network Adapter                              │ │
  │ └──────────────────────────────────────────────────────────────────────────────────────────────────────────────────┘ │
  ├──────────────────────────────────────────────────────────────────────────────────────────────────────────────────────┤
  │                               <Select>    < Exit >    < Help >    < Save >    < Load >                               │
  └──────────────────────────────────────────────────────────────────────────────────────────────────────────────────────┘



[menu] WALK MENU: /Device Drivers/[*] Network device support/[*]   Wireless LAN/<*>     Realtek rtlwifi family of devices
[menu] visible_entries=10 known_entries=10
[menu] POSITIONED SCREEN for [23]: 'Input device support' by moving: delta:1 (prev:22, next:23)
[menu] CHILD SCREEN After ENTER [23]: 'Input device support'
 .config - Linux/x86 5.10.270-gentoo-hardened1 Kernel Configuration
 → Device Drivers → Input device support ───────────────────────────────────────────────────────────────────────────────────
  ┌──────────────────────────────────────────────── Input device support ────────────────────────────────────────────────┐
  │  Arrow keys navigate the menu.  <Enter> selects submenus ---> (or empty submenus ----).  Highlighted letters are     │
  │  hotkeys.  Pressing <Y> includes, <N> excludes, <M> modularizes features.  Press <Esc><Esc> to exit, <?> for Help,   │
  │  </> for Search.  Legend: [*] built-in  [ ] excluded  <M> module  < > module capable                                 │
  │                                                                                                                      │
  │ ┌──────────────────────────────────────────────────────────────────────────────────────────────────────────────────┐ │
  │ │                      -*- Generic input layer (needed for keyboard, mouse, ...)                                   │ │
  │ │                      <*>   Export input device LEDs in sysfs                                                     │ │
  │ │                      < >   Support for memoryless force-feedback devices                                         │ │
  │ │                      <*>   Polled input device skeleton                                                          │ │
  │ │                      -*-   Sparse keymap support library                                                         │ │
  │ │                      < >   Matrix keymap support library                                                         │ │
  │ │                            *** Userland interfaces ***                                                           │ │
  │ │                      < >   Mouse interface                                                                       │ │
  │ │                      < >   Joystick interface                                                                    │ │
  │ │                      <*>   Event interface                                                                       │ │
  │ │                      < >   Event debugging                                                                       │ │
  │ │                            *** Input Device Drivers ***                                                          │ │
  │ │                      [*]   Keyboards  --->                                                                       │ │
  │ │                      [*]   Mice  --->                                                                            │ │
  │ │                      [*]   Joysticks/Gamepads  --->                                                              │ │
  │ │                      [*]   Tablets  --->                                                                         │ │
  │ │                      [*]   Touchscreens  --->                                                                    │ │
  │ │                      [*]   Miscellaneous devices  --->                                                           │ │
  │ │                      < >   Synaptics RMI4 bus support                                                            │ │
  │ │                          Hardware I/O ports  --->                                                                │ │
  │ └──────────────────────────────────────────────────────────────────────────────────────────────────────────────────┘ │
  ├──────────────────────────────────────────────────────────────────────────────────────────────────────────────────────┤
  │                               <Select>    < Exit >    < Help >    < Save >    < Load >                               │
  └──────────────────────────────────────────────────────────────────────────────────────────────────────────────────────┘



[menu] WALK MENU: /Device Drivers/Input device support
[menu] visible_entries=18 known_entries=18
[menu] POSITIONED SCREEN for [10]: '[*]   Keyboards' by moving: delta:10 (prev:0, next:10)
[menu] CHILD SCREEN After ENTER [10]: '[*]   Keyboards'
 .config - Linux/x86 5.10.270-gentoo-hardened1 Kernel Configuration
 → Device Drivers → Input device support ───────────────────────────────────────────────────────────────────────────────────
  ┌──────────────────────────────────────────────── Input device support ────────────────────────────────────────────────┐
  │  Arrow keys navigate the menu.  <Enter> selects submenus ---> (or empty submenus ----).  Highlighted letters are     │
  │  hotkeys.  Pressing <Y> includes, <N> excludes, <M> modularizes features.  Press <Esc><Esc> to exit, <?> for Help,   │
  │  </> for Search.  Legend: [*] built-in  [ ] excluded  <M> module  < > module capable                                 │
  │                                                                                                                      │
  │ ┌──────────────────────────────────────────────────────────────────────────────────────────────────────────────────┐ │
  │ │                      -*- Generic input layer (needed for keyboard, mouse, ...)                                   │ │
  │ │                      <*>   Export input device LEDs in sysfs                                                     │ │
  │ │                      < >   Support for memoryless force-feedback devices                                         │ │
  │ │                      <*>   Polled input device skeleton                                                          │ │
  │ │                      -*-   Sparse keymap support library                                                         │ │
  │ │                      < >   Matrix keymap support library                                                         │ │
  │ │                            *** Userland interfaces ***                                                           │ │
  │ │                      < >   Mouse interface                                                                       │ │
  │ │                      < >   Joystick interface                                                                    │ │
  │ │                      <*>   Event interface                                                                       │ │
  │ │                      < >   Event debugging                                                                       │ │
  │ │                            *** Input Device Drivers ***                                                          │ │
  │ │                      [*]   Keyboards  --->                                                                       │ │
  │ │                      [*]   Mice  --->                                                                            │ │
  │ │                      [*]   Joysticks/Gamepads  --->                                                              │ │
  │ │                      [*]   Tablets  --->                                                                         │ │
  │ │                      [*]   Touchscreens  --->                                                                    │ │
  │ │                      [*]   Miscellaneous devices  --->                                                           │ │
  │ │                      < >   Synaptics RMI4 bus support                                                            │ │
  │ │                          Hardware I/O ports  --->                                                                │ │
  │ └──────────────────────────────────────────────────────────────────────────────────────────────────────────────────┘ │
  ├──────────────────────────────────────────────────────────────────────────────────────────────────────────────────────┤
  │                               <Select>    < Exit >    < Help >    < Save >    < Load >                               │
  └──────────────────────────────────────────────────────────────────────────────────────────────────────────────────────┘



[menu] POSITIONED SCREEN for [11]: '[*]   Mice' by moving: delta:1 (prev:10, next:11)
[menu] CHILD SCREEN After ENTER [11]: '[*]   Mice'
 .config - Linux/x86 5.10.270-gentoo-hardened1 Kernel Configuration
 → Device Drivers → Input device support ───────────────────────────────────────────────────────────────────────────────────
  ┌──────────────────────────────────────────────── Input device support ────────────────────────────────────────────────┐
  │  Arrow keys navigate the menu.  <Enter> selects submenus ---> (or empty submenus ----).  Highlighted letters are     │
  │  hotkeys.  Pressing <Y> includes, <N> excludes, <M> modularizes features.  Press <Esc><Esc> to exit, <?> for Help,   │
  │  </> for Search.  Legend: [*] built-in  [ ] excluded  <M> module  < > module capable                                 │
  │                                                                                                                      │
  │ ┌──────────────────────────────────────────────────────────────────────────────────────────────────────────────────┐ │
  │ │                      -*- Generic input layer (needed for keyboard, mouse, ...)                                   │ │
  │ │                      <*>   Export input device LEDs in sysfs                                                     │ │
  │ │                      < >   Support for memoryless force-feedback devices                                         │ │
  │ │                      <*>   Polled input device skeleton                                                          │ │
  │ │                      -*-   Sparse keymap support library                                                         │ │
  │ │                      < >   Matrix keymap support library                                                         │ │
  │ │                            *** Userland interfaces ***                                                           │ │
  │ │                      < >   Mouse interface                                                                       │ │
  │ │                      < >   Joystick interface                                                                    │ │
  │ │                      <*>   Event interface                                                                       │ │
  │ │                      < >   Event debugging                                                                       │ │
  │ │                            *** Input Device Drivers ***                                                          │ │
  │ │                      [*]   Keyboards  --->                                                                       │ │
  │ │                      [*]   Mice  --->                                                                            │ │
  │ │                      [*]   Joysticks/Gamepads  --->                                                              │ │
  │ │                      [*]   Tablets  --->                                                                         │ │
  │ │                      [*]   Touchscreens  --->                                                                    │ │
  │ │                      [*]   Miscellaneous devices  --->                                                           │ │
  │ │                      < >   Synaptics RMI4 bus support                                                            │ │
  │ │                          Hardware I/O ports  --->                                                                │ │
  │ └──────────────────────────────────────────────────────────────────────────────────────────────────────────────────┘ │
  ├──────────────────────────────────────────────────────────────────────────────────────────────────────────────────────┤
  │                               <Select>    < Exit >    < Help >    < Save >    < Load >                               │
  └──────────────────────────────────────────────────────────────────────────────────────────────────────────────────────┘



[menu] POSITIONED SCREEN for [12]: '[*]   Joysticks/Gamepads' by moving: delta:1 (prev:11, next:12)
[menu] CHILD SCREEN After ENTER [12]: '[*]   Joysticks/Gamepads'
 .config - Linux/x86 5.10.270-gentoo-hardened1 Kernel Configuration
 → Device Drivers → Input device support → Keyboards ───────────────────────────────────────────────────────────────────────
  ┌───────────────────────────────────────────────────── Keyboards ──────────────────────────────────────────────────────┐
  │  Arrow keys navigate the menu.  <Enter> selects submenus ---> (or empty submenus ----).  Highlighted letters are     │
  │  hotkeys.  Pressing <Y> includes, <N> excludes, <M> modularizes features.  Press <Esc><Esc> to exit, <?> for Help,   │
  │  </> for Search.  Legend: [*] built-in  [ ] excluded  <M> module  < > module capable                                 │
  │                                                                                                                      │
  │ ┌──────────────────────────────────────────────────────────────────────────────────────────────────────────────────┐ │
  │ │                      --- Keyboards                                                                               │ │
  │ │                      <*>   AT keyboard                                                                           │ │
  │ │                      < >   DECstation/VAXstation LK201/LK401 keyboard                                            │ │
  │ │                      < >   Newton keyboard                                                                       │ │
  │ │                      < >   OpenCores Keyboard Controller                                                         │ │
  │ │                      < >   Samsung keypad support                                                                │ │
  │ │                      < >   Stowaway keyboard                                                                     │ │
  │ │                      < >   Sun Type 4 and Type 5 keyboard                                                        │ │
  │ │                      < >   XT keyboard                                                                           │ │
  │ └──────────────────────────────────────────────────────────────────────────────────────────────────────────────────┘ │
  ├──────────────────────────────────────────────────────────────────────────────────────────────────────────────────────┤
  │                               <Select>    < Exit >    < Help >    < Save >    < Load >                               │
  └──────────────────────────────────────────────────────────────────────────────────────────────────────────────────────┘



[menu] WALK MENU: /Device Drivers/Input device support/[*]   Joysticks/Gamepads
[menu] visible_entries=9 known_entries=9
[menu] POSITIONED SCREEN for [13]: '[*]   Tablets' by moving: delta:1 (prev:12, next:13)
[menu] CHILD SCREEN After ENTER [13]: '[*]   Tablets'
 .config - Linux/x86 5.10.270-gentoo-hardened1 Kernel Configuration
 → Device Drivers → Input device support → Mice ────────────────────────────────────────────────────────────────────────────
  ┌──────────────────────────────────────────────────────── Mice ────────────────────────────────────────────────────────┐
  │  Arrow keys navigate the menu.  <Enter> selects submenus ---> (or empty submenus ----).  Highlighted letters are     │
  │  hotkeys.  Pressing <Y> includes, <N> excludes, <M> modularizes features.  Press <Esc><Esc> to exit, <?> for Help,   │
  │  </> for Search.  Legend: [*] built-in  [ ] excluded  <M> module  < > module capable                                 │
  │                                                                                                                      │
  │ ┌──────────────────────────────────────────────────────────────────────────────────────────────────────────────────┐ │
  │ │                      --- Mice                                                                                    │ │
  │ │                      <*>   PS/2 mouse                                                                            │ │
  │ │                      [ ]     Elantech PS/2 protocol extension                                                    │ │
  │ │                      [ ]     Sentelic Finger Sensing Pad PS/2 protocol extension                                 │ │
  │ │                      [ ]     eGalax TouchKit PS/2 protocol extension                                             │ │
  │ │                      < >   Serial mouse                                                                          │ │
  │ │                      < >   Apple USB Touchpad support                                                            │ │
  │ │                      < >   Apple USB BCM5974 Multitouch trackpad support                                         │ │
  │ │                      < >   DEC VSXXX-AA/GA mouse and VSXXX-AB tablet                                             │ │
  │ │                      < >   Synaptics USB device support                                                          │ │
  │ └──────────────────────────────────────────────────────────────────────────────────────────────────────────────────┘ │
  ├──────────────────────────────────────────────────────────────────────────────────────────────────────────────────────┤
  │                               <Select>    < Exit >    < Help >    < Save >    < Load >                               │
  └──────────────────────────────────────────────────────────────────────────────────────────────────────────────────────┘



[menu] WALK MENU: /Device Drivers/Input device support/[*]   Tablets
[menu] visible_entries=10 known_entries=10
[menu] POSITIONED SCREEN for [14]: '[*]   Touchscreens' by moving: delta:1 (prev:13, next:14)
[menu] CHILD SCREEN After ENTER [14]: '[*]   Touchscreens'
 .config - Linux/x86 5.10.270-gentoo-hardened1 Kernel Configuration
 → Device Drivers → Input device support → Joysticks/Gamepads ──────────────────────────────────────────────────────────────
  ┌───────────────────────────────────────────────── Joysticks/Gamepads ─────────────────────────────────────────────────┐
  │  Arrow keys navigate the menu.  <Enter> selects submenus ---> (or empty submenus ----).  Highlighted letters are     │
  │  hotkeys.  Pressing <Y> includes, <N> excludes, <M> modularizes features.  Press <Esc><Esc> to exit, <?> for Help,   │
  │  </> for Search.  Legend: [*] built-in  [ ] excluded  <M> module  < > module capable                                 │
  │                                                                                                                      │
  │ ┌──────────────────────────────────────────────────────────────────────────────────────────────────────────────────┐ │
  │ │                      --- Joysticks/Gamepads                                                                      │ │
  │ │                      < >   Classic PC analog joysticks and gamepads                                              │ │
  │ │                      < >   Assassin 3D and MadCatz Panther devices                                               │ │
  │ │                      < >   Logitech ADI digital joysticks and gamepads                                           │ │
  │ │                      < >   Creative Labs Blaster Cobra gamepad                                                   │ │
  │ │                      < >   Genius Flight2000 Digital joysticks and gamepads                                      │ │
  │ │                      < >   Gravis GrIP joysticks and gamepads                                                    │ │
  │ │                      < >   Gravis GrIP MultiPort                                                                 │ │
  │ │                      < >   Guillemot joysticks and gamepads                                                      │ │
  │ │                      < >   InterAct digital joysticks and gamepads                                               │ │
  │ │                      < >   Microsoft SideWinder digital joysticks and gamepads                                   │ │
  │ │                      < >   ThrustMaster DirectConnect joysticks and gamepads                                     │ │
  │ │                      < >   I-Force devices                                                                       │ │
  │ │                      < >   Logitech WingMan Warrior joystick                                                     │ │
  │ │                      < >   LogiCad3d Magellan/SpaceMouse 6dof controllers                                        │ │
  │ │                      < >   SpaceTec SpaceOrb/Avenger 6dof controllers                                            │ │
  │ │                      < >   SpaceTec SpaceBall 6dof controllers                                                   │ │
  │ │                      < >   Gravis Stinger gamepad                                                                │ │
  │ │                      < >   Twiddler as a joystick                                                                │ │
  │ │                      < >   5-byte Zhenhua RC transmitter                                                         │ │
  │ │                      < >   Gameport data dumper                                                                  │ │
  │ │                      < >   X-Box gamepad support                                                                 │ │
  │ │                      < >   PhoenixRC Flight Controller Adapter                                                   │ │
  │ │                      < >   FlySky FS-iA6B RC Receiver                                                            │ │
  │ └──────────────────────────────────────────────────────────────────────────────────────────────────────────────────┘ │
  ├──────────────────────────────────────────────────────────────────────────────────────────────────────────────────────┤
  │                               <Select>    < Exit >    < Help >    < Save >    < Load >                               │
  └──────────────────────────────────────────────────────────────────────────────────────────────────────────────────────┘



[menu] WALK MENU: /Device Drivers/Input device support/[*]   Touchscreens
[menu] visible_entries=24 known_entries=24
[menu] POSITIONED SCREEN for [15]: '[*]   Miscellaneous devices' by moving: delta:1 (prev:14, next:15)
[menu] CHILD SCREEN After ENTER [15]: '[*]   Miscellaneous devices'
 .config - Linux/x86 5.10.270-gentoo-hardened1 Kernel Configuration
 → Device Drivers → Input device support → Tablets ─────────────────────────────────────────────────────────────────────────
  ┌────────────────────────────────────────────────────── Tablets ───────────────────────────────────────────────────────┐
  │  Arrow keys navigate the menu.  <Enter> selects submenus ---> (or empty submenus ----).  Highlighted letters are     │
  │  hotkeys.  Pressing <Y> includes, <N> excludes, <M> modularizes features.  Press <Esc><Esc> to exit, <?> for Help,   │
  │  </> for Search.  Legend: [*] built-in  [ ] excluded  <M> module  < > module capable                                 │
  │                                                                                                                      │
  │ ┌──────────────────────────────────────────────────────────────────────────────────────────────────────────────────┐ │
  │ │                      --- Tablets                                                                                 │ │
  │ │                      < >   Acecad Flair tablet support (USB)                                                     │ │
  │ │                      < >   Aiptek 6000U/8000U and Genius G_PEN tablet support (USB)                              │ │
  │ │                      < >   GTCO CalComp/InterWrite USB Support                                                   │ │
  │ │                      < >   Hanwang Art Master III tablet support (USB)                                           │ │
  │ │                      < >   KB Gear JamStudio tablet support (USB)                                                │ │
  │ │                      < >   Pegasus Mobile Notetaker Pen input tablet support                                     │ │
  │ │                      < >   Wacom protocol 4 serial tablet support                                                │ │
  │ └──────────────────────────────────────────────────────────────────────────────────────────────────────────────────┘ │
  ├──────────────────────────────────────────────────────────────────────────────────────────────────────────────────────┤
  │                               <Select>    < Exit >    < Help >    < Save >    < Load >                               │
  └──────────────────────────────────────────────────────────────────────────────────────────────────────────────────────┘



[menu] WALK MENU: /Device Drivers/Input device support/[*]   Miscellaneous devices
[menu] visible_entries=8 known_entries=8
[menu] POSITIONED SCREEN for [17]: 'Hardware I/O ports' by moving: delta:2 (prev:15, next:17)
[menu] CHILD SCREEN After ENTER [17]: 'Hardware I/O ports'
 .config - Linux/x86 5.10.270-gentoo-hardened1 Kernel Configuration
 → Device Drivers → Input device support → Miscellaneous devices ───────────────────────────────────────────────────────────
  ┌─────────────────────────────────────────────── Miscellaneous devices ────────────────────────────────────────────────┐
  │  Arrow keys navigate the menu.  <Enter> selects submenus ---> (or empty submenus ----).  Highlighted letters are     │
  │  hotkeys.  Pressing <Y> includes, <N> excludes, <M> modularizes features.  Press <Esc><Esc> to exit, <?> for Help,   │
  │  </> for Search.  Legend: [*] built-in  [ ] excluded  <M> module  < > module capable                                 │
  │                                                                                                                      │
  │ ┌──────────────────────────────────────────────────────────────────────────────────────────────────────────────────┐ │
  │ │                      --- Miscellaneous devices                                                                   │ │
  │ │                      < >   Analog Devices AD714x Capacitance Touch Sensor                                        │ │
  │ │                      < >   NI Ettus Research USRP E3xx Button support.                                           │ │
  │ │                      < >   PC Speaker support                                                                    │ │
  │ │                      < >   x86 Atlas button interface                                                            │ │
  │ │                      < >   ATI / Philips USB RF remote control                                                   │ │
  │ │                      < >   Keyspan DMR USB remote control                                                        │ │
  │ │                      < >   Griffin PowerMate and Contour Jog support                                             │ │
  │ │                      < >   Yealink usb-p1k voip phone                                                            │ │
  │ │                      < >   C-Media CM109 USB I/O Controller                                                      │ │
  │ │                      < >   User level driver support                                                             │ │
  │ │                      < >   Analog Devices ADXL34x Three-Axis Digital Accelerometer                               │ │
  │ │                      < >   IMS Passenger Control Unit driver                                                     │ │
  │ │                      < >   VTI CMA3000 Tri-axis accelerometer                                                    │ │
  │ │                      < >   IdeaPad Laptop Slidebar                                                               │ │
  │ └──────────────────────────────────────────────────────────────────────────────────────────────────────────────────┘ │
  ├──────────────────────────────────────────────────────────────────────────────────────────────────────────────────────┤
  │                               <Select>    < Exit >    < Help >    < Save >    < Load >                               │
  └──────────────────────────────────────────────────────────────────────────────────────────────────────────────────────┘



[menu] WALK MENU: /Device Drivers/Input device support/Hardware I/O ports
[menu] visible_entries=15 known_entries=15
[menu] POSITIONED SCREEN for [24]: 'Character devices' by moving: delta:1 (prev:23, next:24)
[menu] CHILD SCREEN After ENTER [24]: 'Character devices'
 .config - Linux/x86 5.10.270-gentoo-hardened1 Kernel Configuration
 → Device Drivers → Character devices ──────────────────────────────────────────────────────────────────────────────────────
  ┌───────────────────────────────────────────────── Character devices ──────────────────────────────────────────────────┐
  │  Arrow keys navigate the menu.  <Enter> selects submenus ---> (or empty submenus ----).  Highlighted letters are     │
  │  hotkeys.  Pressing <Y> includes, <N> excludes, <M> modularizes features.  Press <Esc><Esc> to exit, <?> for Help,   │
  │  </> for Search.  Legend: [*] built-in  [ ] excluded  <M> module  < > module capable                                 │
  │                                                                                                                      │
  │ ┌──────────────────────────────────────────────────────────────────────────────────────────────────────────────────┐ │
  │ │                      -*- Enable TTY                                                                              │ │
  │ │                      -*-   Virtual terminal                                                                      │ │
  │ │                      -*-     Support for binding and unbinding console drivers                                   │ │
  │ │                      [ ]   Legacy (BSD) PTY support                                                              │ │
  │ │                      [*]   Allow legacy TIOCSTI usage                                                            │ │
  │ │                      [*]   Allow legacy TIOCSTI usage                                                            │ │
  │ │                      [*]   Automatically load TTY Line Disciplines                                               │ │
  │ │                            Serial drivers  --->                                                                  │ │
  │ │                      [*]   Non-standard serial port support                                                      │ │
  │ │                      < >     Comtrol RocketPort support                                                          │ │
  │ │                      < >     Cyclades async mux support                                                          │ │
  │ │                      < >     Moxa Intellio support                                                               │ │
  │ │                      < >     Moxa SmartIO support v. 2.0                                                         │ │
  │ │                      < >     Microgate SyncLink card support                                                     │ │
  │ │                      < >     SyncLink Multiport support                                                          │ │
  │ │                      < >     SyncLink GT/AC support                                                              │ │
  │ │                      < >     Multi-Tech multiport card support                                                   │ │
  │ │                      < >     HDLC line discipline support                                                        │ │
  │ │                      < >   GSM MUX line discipline support (EXPERIMENTAL)                                        │ │
  │ │                      < >   HSDPA Broadband Wireless Data Card - Globe Trotter                                    │ │
  │ │                      < >   NULL TTY driver                                                                       │ │
  │ │                      < >   Trace data sink for MIPI P1149.7 cJTAG standard                                       │ │
  │ │                      < > Serial device bus  ----                                                                 │ │
  │ │                      < > Virtio console                                                                          │ │
  │ │                      < > IPMI top-level message handler  ----                                                    │ │
  │ │                      <*> Hardware Random Number Generator Core support  --->                                     │ │
  │ │                      < > Applicom intelligent fieldbus card support                                              │ │
  │ │                          PCMCIA character devices  --->                                                          │ │
  │ │                      < > ACP Modem (Mwave) support                                                               │ │
  │ │                      [ ] /dev/mem virtual device support                                                         │ │
  │ │                      [ ] /dev/kmem virtual device support                                                        │ │
  │ │                      <*> /dev/nvram support                                                                      │ │
  │ │                      < > RAW driver (/dev/raw/rawN)                                                              │ │
  │ │                      [ ] /dev/port character device                                                              │ │
  │ │                      [*] HPET - High Precision Event Timer                                                       │ │
  │ │                      [ ]   Allow mmap of HPET                                                                    │ │
  │ │                      < > Hangcheck timer                                                                         │ │
  │ │                      < > TPM Hardware Support  ----                                                              │ │
  │ │                      < > Telecom clock driver for ATCA SBC                                                       │ │
  │ │                      < > Xillybus generic FPGA interface                                                         │ │
  │ │                      [*] Initialize RNG using CPU RNG instructions                                               │ │
  │ │                      [*] Initialize RNG using bootloader-supplied seed                                           │ │
  │ └──────────────────────────────────────────────────────────────────────────────────────────────────────────────────┘ │
  ├──────────────────────────────────────────────────────────────────────────────────────────────────────────────────────┤
  │                               <Select>    < Exit >    < Help >    < Save >    < Load >                               │
  └──────────────────────────────────────────────────────────────────────────────────────────────────────────────────────┘



[menu] WALK MENU: /Device Drivers/Character devices
[menu] visible_entries=42 known_entries=41
[menu] POSITIONED SCREEN for [6]: 'Serial drivers' by moving: delta:6 (prev:0, next:6)
[menu] CHILD SCREEN After ENTER [6]: 'Serial drivers'
 .config - Linux/x86 5.10.270-gentoo-hardened1 Kernel Configuration
 → Device Drivers → Character devices ──────────────────────────────────────────────────────────────────────────────────────
  ┌───────────────────────────────────────────────── Character devices ──────────────────────────────────────────────────┐
  │  Arrow keys navigate the menu.  <Enter> selects submenus ---> (or empty submenus ----).  Highlighted letters are     │
  │  hotkeys.  Pressing <Y> includes, <N> excludes, <M> modularizes features.  Press <Esc><Esc> to exit, <?> for Help,   │
  │  </> for Search.  Legend: [*] built-in  [ ] excluded  <M> module  < > module capable                                 │
  │                                                                                                                      │
  │ ┌──────────────────────────────────────────────────────────────────────────────────────────────────────────────────┐ │
  │ │                      -*- Enable TTY                                                                              │ │
  │ │                      -*-   Virtual terminal                                                                      │ │
  │ │                      -*-     Support for binding and unbinding console drivers                                   │ │
  │ │                      [ ]   Legacy (BSD) PTY support                                                              │ │
  │ │                      [*]   Allow legacy TIOCSTI usage                                                            │ │
  │ │                      [*]   Allow legacy TIOCSTI usage                                                            │ │
  │ │                      [*]   Automatically load TTY Line Disciplines                                               │ │
  │ │                            Serial drivers  --->                                                                  │ │
  │ │                      [*]   Non-standard serial port support                                                      │ │
  │ │                      < >     Comtrol RocketPort support                                                          │ │
  │ │                      < >     Cyclades async mux support                                                          │ │
  │ │                      < >     Moxa Intellio support                                                               │ │
  │ │                      < >     Moxa SmartIO support v. 2.0                                                         │ │
  │ │                      < >     Microgate SyncLink card support                                                     │ │
  │ │                      < >     SyncLink Multiport support                                                          │ │
  │ │                      < >     SyncLink GT/AC support                                                              │ │
  │ │                      < >     Multi-Tech multiport card support                                                   │ │
  │ │                      < >     HDLC line discipline support                                                        │ │
  │ │                      < >   GSM MUX line discipline support (EXPERIMENTAL)                                        │ │
  │ │                      < >   HSDPA Broadband Wireless Data Card - Globe Trotter                                    │ │
  │ │                      < >   NULL TTY driver                                                                       │ │
  │ │                      < >   Trace data sink for MIPI P1149.7 cJTAG standard                                       │ │
  │ │                      < > Serial device bus  ----                                                                 │ │
  │ │                      < > Virtio console                                                                          │ │
  │ │                      < > IPMI top-level message handler  ----                                                    │ │
  │ │                      <*> Hardware Random Number Generator Core support  --->                                     │ │
  │ │                      < > Applicom intelligent fieldbus card support                                              │ │
  │ │                          PCMCIA character devices  --->                                                          │ │
  │ │                      < > ACP Modem (Mwave) support                                                               │ │
  │ │                      [ ] /dev/mem virtual device support                                                         │ │
  │ │                      [ ] /dev/kmem virtual device support                                                        │ │
  │ │                      <*> /dev/nvram support                                                                      │ │
  │ │                      < > RAW driver (/dev/raw/rawN)                                                              │ │
  │ │                      [ ] /dev/port character device                                                              │ │
  │ │                      [*] HPET - High Precision Event Timer                                                       │ │
  │ │                      [ ]   Allow mmap of HPET                                                                    │ │
  │ │                      < > Hangcheck timer                                                                         │ │
  │ │                      < > TPM Hardware Support  ----                                                              │ │
  │ │                      < > Telecom clock driver for ATCA SBC                                                       │ │
  │ │                      < > Xillybus generic FPGA interface                                                         │ │
  │ │                      [*] Initialize RNG using CPU RNG instructions                                               │ │
  │ │                      [*] Initialize RNG using bootloader-supplied seed                                           │ │
  │ └──────────────────────────────────────────────────────────────────────────────────────────────────────────────────┘ │
  ├──────────────────────────────────────────────────────────────────────────────────────────────────────────────────────┤
  │                               <Select>    < Exit >    < Help >    < Save >    < Load >                               │
  └──────────────────────────────────────────────────────────────────────────────────────────────────────────────────────┘



[menu] POSITIONED SCREEN for [24]: '<*> Hardware Random Number Generator Core support' by moving: delta:18 (prev:6, next:24)
[menu] CHILD SCREEN After ENTER [24]: '<*> Hardware Random Number Generator Core support'
 .config - Linux/x86 5.10.270-gentoo-hardened1 Kernel Configuration
 → Device Drivers → Character devices → IPMI top-level message handler ─────────────────────────────────────────────────────
  ┌─────────────────────────────────────────── IPMI top-level message handler ───────────────────────────────────────────┐
  │  Arrow keys navigate the menu.  <Enter> selects submenus ---> (or empty submenus ----).  Highlighted letters are     │
  │  hotkeys.  Pressing <Y> includes, <N> excludes, <M> modularizes features.  Press <Esc><Esc> to exit, <?> for Help,   │
  │  </> for Search.  Legend: [*] built-in  [ ] excluded  <M> module  < > module capable                                 │
  │                                                                                                                      │
  │ ┌──────────────────────────────────────────────────────────────────────────────────────────────────────────────────┐ │
  │ │                      --- IPMI top-level message handler                                                          │ │
  │ └──────────────────────────────────────────────────────────────────────────────────────────────────────────────────┘ │
  ├──────────────────────────────────────────────────────────────────────────────────────────────────────────────────────┤
  │                               <Select>    < Exit >    < Help >    < Save >    < Load >                               │
  └──────────────────────────────────────────────────────────────────────────────────────────────────────────────────────┘



[menu] WALK MENU: /Device Drivers/Character devices/<*> Hardware Random Number Generator Core support
[menu] visible_entries=1 known_entries=1
[menu] POSITIONED SCREEN for [26]: 'PCMCIA character devices' by moving: delta:2 (prev:24, next:26)
[menu] CHILD SCREEN After ENTER [26]: 'PCMCIA character devices'
 .config - Linux/x86 5.10.270-gentoo-hardened1 Kernel Configuration
 → Device Drivers → Character devices ──────────────────────────────────────────────────────────────────────────────────────
  ┌───────────────────────────────────────────────── Character devices ──────────────────────────────────────────────────┐
  │  Arrow keys navigate the menu.  <Enter> selects submenus ---> (or empty submenus ----).  Highlighted letters are     │
  │  hotkeys.  Pressing <Y> includes, <N> excludes, <M> modularizes features.  Press <Esc><Esc> to exit, <?> for Help,   │
  │  </> for Search.  Legend: [*] built-in  [ ] excluded  <M> module  < > module capable                                 │
  │                                                                                                                      │
  │ ┌──────────────────────────────────────────────────────────────────────────────────────────────────────────────────┐ │
  │ │                      -*- Enable TTY                                                                              │ │
  │ │                      -*-   Virtual terminal                                                                      │ │
  │ │                      -*-     Support for binding and unbinding console drivers                                   │ │
  │ │                      [ ]   Legacy (BSD) PTY support                                                              │ │
  │ │                      [*]   Allow legacy TIOCSTI usage                                                            │ │
  │ │                      [*]   Allow legacy TIOCSTI usage                                                            │ │
  │ │                      [*]   Automatically load TTY Line Disciplines                                               │ │
  │ │                            Serial drivers  --->                                                                  │ │
  │ │                      [*]   Non-standard serial port support                                                      │ │
  │ │                      < >     Comtrol RocketPort support                                                          │ │
  │ │                      < >     Cyclades async mux support                                                          │ │
  │ │                      < >     Moxa Intellio support                                                               │ │
  │ │                      < >     Moxa SmartIO support v. 2.0                                                         │ │
  │ │                      < >     Microgate SyncLink card support                                                     │ │
  │ │                      < >     SyncLink Multiport support                                                          │ │
  │ │                      < >     SyncLink GT/AC support                                                              │ │
  │ │                      < >     Multi-Tech multiport card support                                                   │ │
  │ │                      < >     HDLC line discipline support                                                        │ │
  │ │                      < >   GSM MUX line discipline support (EXPERIMENTAL)                                        │ │
  │ │                      < >   HSDPA Broadband Wireless Data Card - Globe Trotter                                    │ │
  │ │                      < >   NULL TTY driver                                                                       │ │
  │ │                      < >   Trace data sink for MIPI P1149.7 cJTAG standard                                       │ │
  │ │                      < > Serial device bus  ----                                                                 │ │
  │ │                      < > Virtio console                                                                          │ │
  │ │                      < > IPMI top-level message handler  ----                                                    │ │
  │ │                      <*> Hardware Random Number Generator Core support  --->                                     │ │
  │ │                      < > Applicom intelligent fieldbus card support                                              │ │
  │ │                          PCMCIA character devices  --->                                                          │ │
  │ │                      < > ACP Modem (Mwave) support                                                               │ │
  │ │                      [ ] /dev/mem virtual device support                                                         │ │
  │ │                      [ ] /dev/kmem virtual device support                                                        │ │
  │ │                      <*> /dev/nvram support                                                                      │ │
  │ │                      < > RAW driver (/dev/raw/rawN)                                                              │ │
  │ │                      [ ] /dev/port character device                                                              │ │
  │ │                      [*] HPET - High Precision Event Timer                                                       │ │
  │ │                      [ ]   Allow mmap of HPET                                                                    │ │
  │ │                      < > Hangcheck timer                                                                         │ │
  │ │                      < > TPM Hardware Support  ----                                                              │ │
  │ │                      < > Telecom clock driver for ATCA SBC                                                       │ │
  │ │                      < > Xillybus generic FPGA interface                                                         │ │
  │ │                      [*] Initialize RNG using CPU RNG instructions                                               │ │
  │ │                      [*] Initialize RNG using bootloader-supplied seed                                           │ │
  │ └──────────────────────────────────────────────────────────────────────────────────────────────────────────────────┘ │
  ├──────────────────────────────────────────────────────────────────────────────────────────────────────────────────────┤
  │                               <Select>    < Exit >    < Help >    < Save >    < Load >                               │
  └──────────────────────────────────────────────────────────────────────────────────────────────────────────────────────┘



[menu] POSITIONED SCREEN for [25]: 'I2C support' by moving: delta:1 (prev:24, next:25)
[menu] CHILD SCREEN After ENTER [25]: 'I2C support'
 .config - Linux/x86 5.10.270-gentoo-hardened1 Kernel Configuration
 → Device Drivers → I2C support ────────────────────────────────────────────────────────────────────────────────────────────
  ┌──────────────────────────────────────────────────── I2C support ─────────────────────────────────────────────────────┐
  │  Arrow keys navigate the menu.  <Enter> selects submenus ---> (or empty submenus ----).  Highlighted letters are     │
  │  hotkeys.  Pressing <Y> includes, <N> excludes, <M> modularizes features.  Press <Esc><Esc> to exit, <?> for Help,   │
  │  </> for Search.  Legend: [*] built-in  [ ] excluded  <M> module  < > module capable                                 │
  │                                                                                                                      │
  │ ┌──────────────────────────────────────────────────────────────────────────────────────────────────────────────────┐ │
  │ │                      < > I2C support                                                                             │ │
  │ └──────────────────────────────────────────────────────────────────────────────────────────────────────────────────┘ │
  ├──────────────────────────────────────────────────────────────────────────────────────────────────────────────────────┤
  │                               <Select>    < Exit >    < Help >    < Save >    < Load >                               │
  └──────────────────────────────────────────────────────────────────────────────────────────────────────────────────────┘



[menu] WALK MENU: /Device Drivers/I2C support
[menu] visible_entries=1 known_entries=1
[menu] POSITIONED SCREEN for [30]: '-*- PPS support' by moving: delta:5 (prev:25, next:30)
[menu] CHILD SCREEN After ENTER [30]: '-*- PPS support'
 .config - Linux/x86 5.10.270-gentoo-hardened1 Kernel Configuration
 → Device Drivers → PPS support ────────────────────────────────────────────────────────────────────────────────────────────
  ┌──────────────────────────────────────────────────── PPS support ─────────────────────────────────────────────────────┐
  │  Arrow keys navigate the menu.  <Enter> selects submenus ---> (or empty submenus ----).  Highlighted letters are     │
  │  hotkeys.  Pressing <Y> includes, <N> excludes, <M> modularizes features.  Press <Esc><Esc> to exit, <?> for Help,   │
  │  </> for Search.  Legend: [*] built-in  [ ] excluded  <M> module  < > module capable                                 │
  │                                                                                                                      │
  │ ┌──────────────────────────────────────────────────────────────────────────────────────────────────────────────────┐ │
  │ │                      --- PPS support                                                                             │ │
  │ │                      [ ]   PPS debugging messages                                                                │ │
  │ │                            *** PPS clients support ***                                                           │ │
  │ │                      < >   Kernel timer client (Testing client, use for debug)                                   │ │
  │ │                      < >   PPS line discipline                                                                   │ │
  │ │                      < >   PPS client using GPIO                                                                 │ │
  │ │                            *** PPS generators support ***                                                        │ │
  │ └──────────────────────────────────────────────────────────────────────────────────────────────────────────────────┘ │
  ├──────────────────────────────────────────────────────────────────────────────────────────────────────────────────────┤
  │                               <Select>    < Exit >    < Help >    < Save >    < Load >                               │
  └──────────────────────────────────────────────────────────────────────────────────────────────────────────────────────┘



[menu] WALK MENU: /Device Drivers/-*- PPS support
[menu] visible_entries=5 known_entries=5
[menu] POSITIONED SCREEN for [31]: 'PTP clock support' by moving: delta:1 (prev:30, next:31)
[menu] CHILD SCREEN After ENTER [31]: 'PTP clock support'
 .config - Linux/x86 5.10.270-gentoo-hardened1 Kernel Configuration
 → Device Drivers → PTP clock support ──────────────────────────────────────────────────────────────────────────────────────
  ┌───────────────────────────────────────────────── PTP clock support ──────────────────────────────────────────────────┐
  │  Arrow keys navigate the menu.  <Enter> selects submenus ---> (or empty submenus ----).  Highlighted letters are     │
  │  hotkeys.  Pressing <Y> includes, <N> excludes, <M> modularizes features.  Press <Esc><Esc> to exit, <?> for Help,   │
  │  </> for Search.  Legend: [*] built-in  [ ] excluded  <M> module  < > module capable                                 │
  │                                                                                                                      │
  │ ┌──────────────────────────────────────────────────────────────────────────────────────────────────────────────────┐ │
  │ │                      <*> PTP clock support                                                                       │ │
  │ │                          *** Enable PHYLIB and NETWORK_PHY_TIMESTAMPING to see the additional clocks. ***        │ │
  │ └──────────────────────────────────────────────────────────────────────────────────────────────────────────────────┘ │
  ├──────────────────────────────────────────────────────────────────────────────────────────────────────────────────────┤
  │                               <Select>    < Exit >    < Help >    < Save >    < Load >                               │
  └──────────────────────────────────────────────────────────────────────────────────────────────────────────────────────┘



[menu] WALK MENU: /Device Drivers/PTP clock support
[menu] visible_entries=1 known_entries=1
[menu] POSITIONED SCREEN for [36]: '-*- Power supply class support' by moving: delta:5 (prev:31, next:36)
[menu] CHILD SCREEN After ENTER [36]: '-*- Power supply class support'
 .config - Linux/x86 5.10.270-gentoo-hardened1 Kernel Configuration
 → Device Drivers → Power supply class support ─────────────────────────────────────────────────────────────────────────────
  ┌───────────────────────────────────────────── Power supply class support ─────────────────────────────────────────────┐
  │  Arrow keys navigate the menu.  <Enter> selects submenus ---> (or empty submenus ----).  Highlighted letters are     │
  │  hotkeys.  Pressing <Y> includes, <N> excludes, <M> modularizes features.  Press <Esc><Esc> to exit, <?> for Help,   │
  │  </> for Search.  Legend: [*] built-in  [ ] excluded  <M> module  < > module capable                                 │
  │                                                                                                                      │
  │ ┌──────────────────────────────────────────────────────────────────────────────────────────────────────────────────┐ │
  │ │                      --- Power supply class support                                                              │ │
  │ │                      [ ]   Power supply debug                                                                    │ │
  │ │                      [*]   Expose power supply sensors as hwmon device                                           │ │
  │ │                      < >   Generic PDA/phone power driver                                                        │ │
  │ │                      < >   Test power driver                                                                     │ │
  │ │                      < >   DS2780 battery driver                                                                 │ │
  │ │                      < >   DS2781 battery driver                                                                 │ │
  │ │                      < >   BQ27xxx battery driver                                                                │ │
  │ │                      < >   MAX8903 Battery DC-DC Charger for USB and Adapter Power                               │ │
  │ └──────────────────────────────────────────────────────────────────────────────────────────────────────────────────┘ │
  ├──────────────────────────────────────────────────────────────────────────────────────────────────────────────────────┤
  │                               <Select>    < Exit >    < Help >    < Save >    < Load >                               │
  └──────────────────────────────────────────────────────────────────────────────────────────────────────────────────────┘



[menu] WALK MENU: /Device Drivers/-*- Power supply class support
[menu] visible_entries=9 known_entries=9
[menu] POSITIONED SCREEN for [37]: '-*- Hardware Monitoring support' by moving: delta:1 (prev:36, next:37)
[menu] CHILD SCREEN After ENTER [37]: '-*- Hardware Monitoring support'
 .config - Linux/x86 5.10.270-gentoo-hardened1 Kernel Configuration
 → Device Drivers → Hardware Monitoring support ────────────────────────────────────────────────────────────────────────────
  ┌──────────────────────────────────────────── Hardware Monitoring support ─────────────────────────────────────────────┐
  │  Arrow keys navigate the menu.  <Enter> selects submenus ---> (or empty submenus ----).  Highlighted letters are     │
  │  hotkeys.  Pressing <Y> includes, <N> excludes, <M> modularizes features.  Press <Esc><Esc> to exit, <?> for Help,   │
  │  </> for Search.  Legend: [*] built-in  [ ] excluded  <M> module  < > module capable                                 │
  │                                                                                                                      │
  │ ┌──────────────────────────────────────────────────────────────────────────────────────────────────────────────────┐ │
  │ │                      --- Hardware Monitoring support                                                             │ │
  │ │                      [ ]   Hardware Monitoring Chip debugging messages                                           │ │
  │ │                            *** Native drivers ***                                                                │ │
  │ │                      < >   Abit uGuru (rev 1 & 2)                                                                │ │
  │ │                      < >   Abit uGuru (rev 3)                                                                    │ │
  │ │                      < >   Synaptics AS370 SoC hardware monitoring driver                                        │ │
  │ │                      < >   Analog Devices FAN Control HDL Core driver                                            │ │
  │ │                      < >   AMD Athlon64/FX or Opteron temperature sensor                                         │ │
  │ │                      < >   AMD Family 10h+ temperature sensor                                                    │ │
  │ │                      < >   AMD Family 15h processor power                                                        │ │
  │ │                      < >   AMD RAPL MSR based Energy driver                                                      │ │
  │ │                      < >   Apple SMC (Motion sensor, light sensor, keyboard backlight)                           │ │
  │ │                      < >   ASPEED AST2400/AST2500 PWM and Fan tach driver                                        │ │
  │ │                      < >   Corsair Commander Pro controller                                                      │ │
  │ │                      < >   Hard disk drives with temperature sensors                                             │ │
  │ │                      < >   Dell laptop SMM BIOS hwmon driver                                                     │ │
  │ │                      < >   FB-DIMM AMB temperature sensor on Intel 5000 series chipsets                          │ │
  │ │                      < >   Fintek F71805F/FG, F71806F/FG and F71872F/FG                                          │ │
  │ │                      < >   Fintek F71882FG and compatibles                                                       │ │
  │ │                      < >   Intel 5500/5520/X58 temperature sensor                                                │ │
  │ │                      < >   Intel Core/Core2/Atom temperature sensor                                              │ │
  │ │                      < >   ITE IT87xx and compatibles                                                            │ │
  │ │                      < >   Maxim MAX197 and compatibles                                                          │ │
  │ │                      < >   Moortec Semiconductor MR75203 PVT Controller                                          │ │
  │ │                      < >   National Semiconductor PC87360 family                                                 │ │
  │ │                      < >   National Semiconductor PC87427                                                        │ │
  │ │                      < >   NTC thermistor support from Murata                                                    │ │
  │ │                      < >   Nuvoton NCT6683D                                                                      │ │
  │ │                      < >   Nuvoton NCT6775F and compatibles                                                      │ │
  │ │                      < >   Nuvoton NPCM750 and compatible PWM and Fan controllers                                │ │
  │ │                      < >   Silicon Integrated Systems Corp. SiS5595                                              │ │
  │ │                      < >   SMSC LPC47M10x and compatibles                                                        │ │
  │ │                      < >   SMSC LPC47B397-NC                                                                     │ │
  │ │                      < >   SMSC SCH5627                                                                          │ │
  │ │                      < >   SMSC SCH5636                                                                          │ │
  │ │                      < >   VIA CPU temperature sensor                                                            │ │
  │ │                      < >   VIA686A                                                                               │ │
  │ │                      < >   VIA VT1211                                                                            │ │
  │ │                      < >   VIA VT8231                                                                            │ │
  │ │                      < >   Winbond W83627HF, W83627THF, W83637HF, W83687THF, W83697HF                            │ │
  │ │                      < >   Winbond W83627EHF/EHG/DHG/UHG, W83667HG                                               │ │
  │ │                      < >   APM X-Gene SoC hardware monitoring driver                                             │ │
  │ │                            *** ACPI drivers ***                                                                  │ │
  │ │                      < >   ACPI 4.0 power meter                                                                  │ │
  │ │                      < >   ASUS ATK0110                                                                          │ │
  │ └──────────────────────────────────────────────────────────────────────────────────────────────────────────────────┘ │
  ├──────────────────────────────────────────────────────────────────────────────────────────────────────────────────────┤
  │                               <Select>    < Exit >    < Help >    < Save >    < Load >                               │
  └──────────────────────────────────────────────────────────────────────────────────────────────────────────────────────┘



[menu] WALK MENU: /Device Drivers/-*- Hardware Monitoring support
[menu] visible_entries=43 known_entries=43
[menu] POSITIONED SCREEN for [38]: '-*- Thermal drivers' by moving: delta:1 (prev:37, next:38)
[menu] CHILD SCREEN After ENTER [38]: '-*- Thermal drivers'
 .config - Linux/x86 5.10.270-gentoo-hardened1 Kernel Configuration
 → Device Drivers → Thermal drivers ────────────────────────────────────────────────────────────────────────────────────────
  ┌────────────────────────────────────────────────── Thermal drivers ───────────────────────────────────────────────────┐
  │  Arrow keys navigate the menu.  <Enter> selects submenus ---> (or empty submenus ----).  Highlighted letters are     │
  │  hotkeys.  Pressing <Y> includes, <N> excludes, <M> modularizes features.  Press <Esc><Esc> to exit, <?> for Help,   │
  │  </> for Search.  Legend: [*] built-in  [ ] excluded  <M> module  < > module capable                                 │
  │                                                                                                                      │
  │ ┌──────────────────────────────────────────────────────────────────────────────────────────────────────────────────┐ │
  │ │                      --- Thermal drivers                                                                         │ │
  │ │                      [ ]   Thermal netlink management                                                            │ │
  │ │                      [ ]   Thermal state transition statistics                                                   │ │
  │ │                      (0)   Emergency poweroff delay in milli-seconds                                             │ │
  │ │                      [*]   Expose thermal sensors as hwmon device                                                │ │
  │ │                      -*-   Enable writable trip points                                                           │ │
  │ │                            Default Thermal governor (step_wise)  --->                                            │ │
  │ │                      [ ]   Fair-share thermal governor                                                           │ │
  │ │                      -*-   Step_wise thermal governor                                                            │ │
  │ │                      [ ]   Bang Bang thermal governor                                                            │ │
  │ │                      -*-   User_space thermal governor                                                           │ │
  │ │                      [ ]   Thermal emulation mode support                                                        │ │
  │ │                            Intel thermal drivers  --->                                                           │ │
  │ └──────────────────────────────────────────────────────────────────────────────────────────────────────────────────┘ │
  ├──────────────────────────────────────────────────────────────────────────────────────────────────────────────────────┤
  │                               <Select>    < Exit >    < Help >    < Save >    < Load >                               │
  └──────────────────────────────────────────────────────────────────────────────────────────────────────────────────────┘



[menu] WALK MENU: /Device Drivers/-*- Thermal drivers
[menu] visible_entries=13 known_entries=13
[menu] POSITIONED SCREEN for [6]: 'Default Thermal governor (step_wise)' by moving: delta:6 (prev:0, next:6)
[menu] CHILD SCREEN After ENTER [6]: 'Default Thermal governor (step_wise)'
 .config - Linux/x86 5.10.270-gentoo-hardened1 Kernel Configuration
 → Device Drivers → Thermal drivers ────────────────────────────────────────────────────────────────────────────────────────




















                              ┌────────────────── Default Thermal governor ───────────────────┐
                              │  Use the arrow keys to navigate this window or press the      │
                              │  hotkey of the item you wish to select followed by the <SPACE │
                              │  BAR>. Press <?> for additional information about this        │
                              │ ┌───────────────────────────────────────────────────────────┐ │
                              │ │                      (X) step_wise                        │ │
                              │ │                      ( ) fair_share                       │ │
                              │ │                      ( ) user_space                       │ │
                              │ │                                                           │ │
                              │ │                                                           │ │
                              │ │                                                           │ │
                              │ └───────────────────────────────────────────────────────────┘ │
                              ├───────────────────────────────────────────────────────────────┤
                              │                    <Select>      < Help >                     │
                              └───────────────────────────────────────────────────────────────┘
























[menu] POSITIONED SCREEN for [12]: 'Intel thermal drivers' by moving: delta:6 (prev:6, next:12)
[menu] CHILD SCREEN After ENTER [12]: 'Intel thermal drivers'
 .config - Linux/x86 5.10.270-gentoo-hardened1 Kernel Configuration
 → Device Drivers → Thermal drivers → Intel thermal drivers ────────────────────────────────────────────────────────────────
  ┌─────────────────────────────────────────────── Intel thermal drivers ────────────────────────────────────────────────┐
  │  Arrow keys navigate the menu.  <Enter> selects submenus ---> (or empty submenus ----).  Highlighted letters are     │
  │  hotkeys.  Pressing <Y> includes, <N> excludes, <M> modularizes features.  Press <Esc><Esc> to exit, <?> for Help,   │
  │  </> for Search.  Legend: [*] built-in  [ ] excluded  <M> module  < > module capable                                 │
  │                                                                                                                      │
  │ ┌──────────────────────────────────────────────────────────────────────────────────────────────────────────────────┐ │
  │ │                      < > Intel PowerClamp idle injection driver                                                  │ │
  │ │                      <M> X86 package temperature thermal driver                                                  │ │
  │ │                      < > Intel SoCs DTS thermal driver                                                           │ │
  │ │                          ACPI INT340X thermal drivers  --->                                                      │ │
  │ │                      < > Intel PCH Thermal Reporting Driver                                                      │ │
  │ └──────────────────────────────────────────────────────────────────────────────────────────────────────────────────┘ │
  ├──────────────────────────────────────────────────────────────────────────────────────────────────────────────────────┤
  │                               <Select>    < Exit >    < Help >    < Save >    < Load >                               │
  └──────────────────────────────────────────────────────────────────────────────────────────────────────────────────────┘



[menu] WALK MENU: /Device Drivers/-*- Thermal drivers/Intel thermal drivers
[menu] visible_entries=5 known_entries=5
[menu] POSITIONED SCREEN for [3]: 'ACPI INT340X thermal drivers' by moving: delta:3 (prev:0, next:3)
[menu] CHILD SCREEN After ENTER [3]: 'ACPI INT340X thermal drivers'
 .config - Linux/x86 5.10.270-gentoo-hardened1 Kernel Configuration
 → Device Drivers → Thermal drivers → Intel thermal drivers → ACPI INT340X thermal drivers ─────────────────────────────────
  ┌──────────────────────────────────────────── ACPI INT340X thermal drivers ────────────────────────────────────────────┐
  │  Arrow keys navigate the menu.  <Enter> selects submenus ---> (or empty submenus ----).  Highlighted letters are     │
  │  hotkeys.  Pressing <Y> includes, <N> excludes, <M> modularizes features.  Press <Esc><Esc> to exit, <?> for Help,   │
  │  </> for Search.  Legend: [*] built-in  [ ] excluded  <M> module  < > module capable                                 │
  │                                                                                                                      │
  │ ┌──────────────────────────────────────────────────────────────────────────────────────────────────────────────────┐ │
  │ │                      < > ACPI INT340X thermal drivers                                                            │ │
  │ └──────────────────────────────────────────────────────────────────────────────────────────────────────────────────┘ │
  ├──────────────────────────────────────────────────────────────────────────────────────────────────────────────────────┤
  │                               <Select>    < Exit >    < Help >    < Save >    < Load >                               │
  └──────────────────────────────────────────────────────────────────────────────────────────────────────────────────────┘



[menu] WALK MENU: /Device Drivers/-*- Thermal drivers/Intel thermal drivers/ACPI INT340X thermal drivers
[menu] visible_entries=1 known_entries=1
[menu] POSITIONED SCREEN for [39]: '[*] Watchdog Timer Support' by moving: delta:1 (prev:38, next:39)
[menu] CHILD SCREEN After ENTER [39]: '[*] Watchdog Timer Support'
 .config - Linux/x86 5.10.270-gentoo-hardened1 Kernel Configuration
 → Device Drivers → Watchdog Timer Support ─────────────────────────────────────────────────────────────────────────────────
  ┌─────────────────────────────────────────────── Watchdog Timer Support ───────────────────────────────────────────────┐
  │  Arrow keys navigate the menu.  <Enter> selects submenus ---> (or empty submenus ----).  Highlighted letters are     │
  │  hotkeys.  Pressing <Y> includes, <N> excludes, <M> modularizes features.  Press <Esc><Esc> to exit, <?> for Help,   │
  │  </> for Search.  Legend: [*] built-in  [ ] excluded  <M> module  < > module capable                                 │
  │                                                                                                                      │
  │ ┌──────────────────────────────────────────────────────────────────────────────────────────────────────────────────┐ │
  │ │                      --- Watchdog Timer Support                                                                  │ │
  │ │                      < >   WatchDog Timer Driver Core                                                            │ │
  │ │                      [ ]   Disable watchdog shutdown on close                                                    │ │
  │ │                      [*]   Update boot-enabled watchdog until userspace takes over                               │ │
  │ │                      (0)   Timeout value for opening watchdog device                                             │ │
  │ │                      [ ]   Read different watchdog information through sysfs                                     │ │
  │ │                            *** Watchdog Pretimeout Governors ***                                                 │ │
  │ │                            *** Watchdog Device Drivers ***                                                       │ │
  │ │                      < >   Software watchdog                                                                     │ │
  │ │                      < >   ACPI Watchdog Action Table (WDAT)                                                     │ │
  │ │                      < >   Xilinx Watchdog timer                                                                 │ │
  │ │                      < >   Cadence Watchdog Timer                                                                │ │
  │ │                      < >   Synopsys DesignWare watchdog                                                          │ │
  │ │                      < >   Max63xx watchdog                                                                      │ │
  │ │                      < >   Acquire SBC Watchdog Timer                                                            │ │
  │ │                      < >   Advantech SBC Watchdog Timer                                                          │ │
  │ │                      < >   ALi M1535 PMU Watchdog Timer                                                          │ │
  │ │                      < >   ALi M7101 PMU Computer Watchdog                                                       │ │
  │ │                      < >   WinSystems EBC-C384 Watchdog Timer                                                    │ │
  │ │                      < >   Fintek F718xx, F818xx Super I/O Watchdog                                              │ │
  │ │                      < >   AMD/ATI SP5100 TCO Timer/Watchdog                                                     │ │
  │ │                      < >   Compulab SBC-FITPC2 watchdog                                                          │ │
  │ │                      < >   Eurotech CPU-1220/1410 Watchdog Timer                                                 │ │
  │ │                      < >   IB700 SBC Watchdog Timer                                                              │ │
  │ │                      < >   IBM Automatic Server Restart                                                          │ │
  │ │                      < >   ICP Single Board Computer Watchdog Timer                                              │ │
  │ │                      < >   Intel 6300ESB Timer/Watchdog                                                          │ │
  │ │                      < >   Intel Atom E6xx Watchdog                                                              │ │
  │ │                      < >   Intel TCO Timer/Watchdog                                                              │ │
  │ │                      < >   IT8712F (Smart Guardian) Watchdog Timer                                               │ │
  │ │                      < >   IT87 Watchdog Timer                                                                   │ │
  │ │                      < >   HP ProLiant iLO2+ Hardware Watchdog Timer                                             │ │
  │ │                      < >   National Semiconductor PC87307/PC97307 (ala SC1200) Watchdog                          │ │
  │ │                      < >   NS PC87413 watchdog                                                                   │ │
  │ │                      < >   nVidia TCO Timer/Watchdog                                                             │ │
  │ │                      < >   SBC-60XX Watchdog Timer                                                               │ │
  │ │                      < >   SMA CPU5 Watchdog                                                                     │ │
  │ │                      < >   SMSC SCH311X Watchdog Timer                                                           │ │
  │ │                      < >   Winbond SMsC37B787 Watchdog Timer                                                     │ │
  │ │                      < >   TQ-Systems TQMX86 Watchdog Timer                                                      │ │
  │ │                      < >   VIA Watchdog Timer                                                                    │ │
  │ │                      < >   Watchdog timer for W83627HF/W83627DHG and compatibles                                 │ │
  │ │                      < >   W83877F (EMACS) Watchdog Timer                                                        │ │
  │ │                      < >   W83977F (PCM-5335) Watchdog Timer                                                     │ │
  │ │                      < >   ZF MachZ Watchdog                                                                     │ │
  │ │                      < >   Winsystems SBC EPX-C3 watchdog                                                        │ │
  │ └──────────────────────↓(+)────────────────────────────────────────────────────────────────────────────────────────┘ │
  ├──────────────────────────────────────────────────────────────────────────────────────────────────────────────────────┤
  │                               <Select>    < Exit >    < Help >    < Save >    < Load >                               │
  └──────────────────────────────────────────────────────────────────────────────────────────────────────────────────────┘



[menu] WALK MENU: /Device Drivers/[*] Watchdog Timer Support
[menu] visible_entries=43 known_entries=49
[menu] POSITIONED SCREEN for [42]: 'Multifunction device drivers' by moving: delta:3 (prev:39, next:42)
[menu] CHILD SCREEN After ENTER [42]: 'Multifunction device drivers'
 .config - Linux/x86 5.10.270-gentoo-hardened1 Kernel Configuration
 → Device Drivers → Multifunction device drivers ───────────────────────────────────────────────────────────────────────────
  ┌──────────────────────────────────────────── Multifunction device drivers ────────────────────────────────────────────┐
  │  Arrow keys navigate the menu.  <Enter> selects submenus ---> (or empty submenus ----).  Highlighted letters are     │
  │  hotkeys.  Pressing <Y> includes, <N> excludes, <M> modularizes features.  Press <Esc><Esc> to exit, <?> for Help,   │
  │  </> for Search.  Legend: [*] built-in  [ ] excluded  <M> module  < > module capable                                 │
  │                                                                                                                      │
  │ ┌──────────────────────────────────────────────────────────────────────────────────────────────────────────────────┐ │
  │ │                      < > Cirrus Logic Madera codecs                                                              │ │
  │ │                      < > Diolan DLN2 support                                                                     │ │
  │ │                      < > HTC PASIC3 LED/DS1WM chip support                                                       │ │
  │ │                      < > Intel Quark MFD I2C GPIO                                                                │ │
  │ │                      < > Intel ICH LPC                                                                           │ │
  │ │                      < > Intel SCH LPC                                                                           │ │
  │ │                      < > Intel Low Power Subsystem support in ACPI mode                                          │ │
  │ │                      < > Intel Low Power Subsystem support in PCI mode                                           │ │
  │ │                      < > Intel PMC Driver for Broxton                                                            │ │
  │ │                      < > Janz CMOD-IO PCI MODULbus Carrier Board                                                 │ │
  │ │                      < > Kontron module PLD device                                                               │ │
  │ │                      < > MediaTek MT6397 PMIC Support                                                            │ │
  │ │                      < > Nano River Technologies Viperboard                                                      │ │
  │ │                      < > RDC R-321x southbridge                                                                  │ │
  │ │                      < > Silicon Motion SM501                                                                    │ │
  │ │                      [ ] ST-Ericsson ABX500 Mixed Signal Circuit register functions                              │ │
  │ │                      [ ] System Controller Register R/W Based on Regmap                                          │ │
  │ │                      < > TQ-Systems IO controller TQMX86                                                         │ │
  │ │                      < > VIA VX855/VX875 integrated south bridge                                                 │ │
  │ └──────────────────────────────────────────────────────────────────────────────────────────────────────────────────┘ │
  ├──────────────────────────────────────────────────────────────────────────────────────────────────────────────────────┤
  │                               <Select>    < Exit >    < Help >    < Save >    < Load >                               │
  └──────────────────────────────────────────────────────────────────────────────────────────────────────────────────────┘



[menu] WALK MENU: /Device Drivers/Multifunction device drivers
[menu] visible_entries=19 known_entries=19
[menu] POSITIONED SCREEN for [47]: 'Graphics support' by moving: delta:5 (prev:42, next:47)
[menu] CHILD SCREEN After ENTER [47]: 'Graphics support'
 .config - Linux/x86 5.10.270-gentoo-hardened1 Kernel Configuration
 → Device Drivers → Graphics support ───────────────────────────────────────────────────────────────────────────────────────
  ┌────────────────────────────────────────────────── Graphics support ──────────────────────────────────────────────────┐
  │  Arrow keys navigate the menu.  <Enter> selects submenus ---> (or empty submenus ----).  Highlighted letters are     │
  │  hotkeys.  Pressing <Y> includes, <N> excludes, <M> modularizes features.  Press <Esc><Esc> to exit, <?> for Help,   │
  │  </> for Search.  Legend: [*] built-in  [ ] excluded  <M> module  < > module capable                                 │
  │                                                                                                                      │
  │ ┌──────────────────────────────────────────────────────────────────────────────────────────────────────────────────┐ │
  │ │                      <*> /dev/agpgart (AGP Support)  --->                                                        │ │
  │ │                      -*- VGA Arbitration                                                                         │ │
  │ │                      (16)  Maximum number of GPUs                                                                │ │
  │ │                      [ ] Laptop Hybrid Graphics - GPU switching support                                          │ │
  │ │                      <*> Direct Rendering Manager (XFree86 4.1.0 and higher DRI support)  --->                   │ │
  │ │                          ARM devices  ----                                                                       │ │
  │ │                      < > ATI Radeon                                                                              │ │
  │ │                      < > AMD GPU                                                                                 │ │
  │ │                      < > Nouveau (NVIDIA) cards                                                                  │ │
  │ │                      <*> Intel 8xx/9xx/G3x/G4x/HD Graphics                                                       │ │
  │ │                      ()    Force probe driver for selected new Intel hardware                                    │ │
  │ │                      [*]   Enable capturing GPU state following a hang                                           │ │
  │ │                      [*]     Compress GPU error state                                                            │ │
  │ │                      [*]   Always enable userptr support                                                         │ │
  │ │                      [ ]   Enable Intel GVT-g graphics virtualization host support                               │ │
  │ │                      < > Virtual GEM provider                                                                    │ │
  │ │                      < > Virtual KMS (EXPERIMENTAL)                                                              │ │
  │ │                      < > DRM driver for VMware Virtual GPU                                                       │ │
  │ │                      < > Intel GMA5/600 KMS Framebuffer                                                          │ │
  │ │                      < > DisplayLink                                                                             │ │
  │ │                      < > AST server chips                                                                        │ │
  │ │                      < > Matrox G200                                                                             │ │
  │ │                      < > QXL virtual GPU                                                                         │ │
  │ │                      < > DRM Support for bochs dispi vga interface (qemu stdvga)                                 │ │
  │ │                          Display Panels  --->                                                                    │ │
  │ │                          Display Interface Bridges  --->                                                         │ │
  │ │                      < > ETNAVIV (DRM support for Vivante GPU IP cores)                                          │ │
  │ │                      < > Cirrus driver for QEMU emulated device                                                  │ │
  │ │                      < > GM12U320 driver for USB projectors                                                      │ │
  │ │                      < > Virtual Box Graphics Card                                                               │ │
  │ │                      [ ] Enable legacy drivers (DANGEROUS)  ----                                                 │ │
  │ │                          Frame buffer Devices  --->                                                              │ │
  │ │                          Backlight & LCD device support  --->                                                    │ │
  │ │                          Console display driver support  --->                                                    │ │
  │ │                      [*] Bootup logo  --->                                                                       │ │
  │ └──────────────────────────────────────────────────────────────────────────────────────────────────────────────────┘ │
  ├──────────────────────────────────────────────────────────────────────────────────────────────────────────────────────┤
  │                               <Select>    < Exit >    < Help >    < Save >    < Load >                               │
  └──────────────────────────────────────────────────────────────────────────────────────────────────────────────────────┘



[menu] WALK MENU: /Device Drivers/Graphics support
[menu] visible_entries=35 known_entries=35
[menu] POSITIONED SCREEN for [0]: '<*> /dev/agpgart (AGP Support)' by moving: delta:0 (prev:0, next:0)
[menu] CHILD SCREEN After ENTER [0]: '<*> /dev/agpgart (AGP Support)'
 .config - Linux/x86 5.10.270-gentoo-hardened1 Kernel Configuration
 → Device Drivers → Graphics support → /dev/agpgart (AGP Support) ──────────────────────────────────────────────────────────
  ┌───────────────────────────────────────────── /dev/agpgart (AGP Support) ─────────────────────────────────────────────┐
  │  Arrow keys navigate the menu.  <Enter> selects submenus ---> (or empty submenus ----).  Highlighted letters are     │
  │  hotkeys.  Pressing <Y> includes, <N> excludes, <M> modularizes features.  Press <Esc><Esc> to exit, <?> for Help,   │
  │  </> for Search.  Legend: [*] built-in  [ ] excluded  <M> module  < > module capable                                 │
  │                                                                                                                      │
  │ ┌──────────────────────────────────────────────────────────────────────────────────────────────────────────────────┐ │
  │ │                      --- /dev/agpgart (AGP Support)                                                              │ │
  │ │                      <*>   AMD Opteron/Athlon64 on-CPU GART support                                              │ │
  │ │                      <*>   Intel 440LX/BX/GX, I8xx and E7x05 chipset support                                     │ │
  │ │                      < >   SiS chipset support                                                                   │ │
  │ │                      < >   VIA chipset support                                                                   │ │
  │ └──────────────────────────────────────────────────────────────────────────────────────────────────────────────────┘ │
  ├──────────────────────────────────────────────────────────────────────────────────────────────────────────────────────┤
  │                               <Select>    < Exit >    < Help >    < Save >    < Load >                               │
  └──────────────────────────────────────────────────────────────────────────────────────────────────────────────────────┘



[menu] WALK MENU: /Device Drivers/Graphics support/<*> /dev/agpgart (AGP Support)
[menu] visible_entries=5 known_entries=5
[menu] POSITIONED SCREEN for [4]: '<*> Direct Rendering Manager (XFree86 4.1.0 and higher DRI support)' by moving: delta:4 (prev:0, next:4)
[menu] CHILD SCREEN After ENTER [4]: '<*> Direct Rendering Manager (XFree86 4.1.0 and higher DRI support)'
 .config - Linux/x86 5.10.270-gentoo-hardened1 Kernel Configuration
 → Device Drivers → Graphics support → Direct Rendering Manager (XFree86 4.1.0 and higher DRI support) ─────────────────────
  ┌────────────────────────── Direct Rendering Manager (XFree86 4.1.0 and higher DRI support) ───────────────────────────┐
  │  Arrow keys navigate the menu.  <Enter> selects submenus ---> (or empty submenus ----).  Highlighted letters are     │
  │  hotkeys.  Pressing <Y> includes, <N> excludes, <M> modularizes features.  Press <Esc><Esc> to exit, <?> for Help,   │
  │  </> for Search.  Legend: [*] built-in  [ ] excluded  <M> module  < > module capable                                 │
  │                                                                                                                      │
  │ ┌──────────────────────────────────────────────────────────────────────────────────────────────────────────────────┐ │
  │ │                      --- Direct Rendering Manager (XFree86 4.1.0 and higher DRI support)                         │ │
  │ │                      [ ]   DRM DP AUX Interface                                                                  │ │
  │ │                      [ ]   Insert extra checks and debug info into the DRM range managers                        │ │
  │ │                      < >   kselftests for DRM                                                                    │ │
  │ │                      [*]   Enable legacy fbdev support for your modesetting driver                               │ │
  │ │                      (100)   Overallocation of the fbdev buffer                                                  │ │
  │ │                      [ ]   Allow to specify an EDID data set instead of probing for it                           │ │
  │ │                      [ ]   Enable DisplayPort CEC-Tunneling-over-AUX HDMI support                                │ │
  │ └──────────────────────────────────────────────────────────────────────────────────────────────────────────────────┘ │
  ├──────────────────────────────────────────────────────────────────────────────────────────────────────────────────────┤
  │                               <Select>    < Exit >    < Help >    < Save >    < Load >                               │
  └──────────────────────────────────────────────────────────────────────────────────────────────────────────────────────┘



[menu] WALK MENU: /Device Drivers/Graphics support/<*> Direct Rendering Manager (XFree86 4.1.0 and higher DRI support)
[menu] visible_entries=8 known_entries=8
[menu] POSITIONED SCREEN for [24]: 'Display Panels' by moving: delta:20 (prev:4, next:24)
[menu] CHILD SCREEN After ENTER [24]: 'Display Panels'
 .config - Linux/x86 5.10.270-gentoo-hardened1 Kernel Configuration
 → Device Drivers → Graphics support → Display Panels ──────────────────────────────────────────────────────────────────────
  ┌─────────────────────────────────────────────────── Display Panels ───────────────────────────────────────────────────┐
  │  Arrow keys navigate the menu.  <Enter> selects submenus ---> (or empty submenus ----).  Highlighted letters are     │
  │  hotkeys.  Pressing <Y> includes, <N> excludes, <M> modularizes features.  Press <Esc><Esc> to exit, <?> for Help,   │
  │  </> for Search.  Legend: [*] built-in  [ ] excluded  <M> module  < > module capable                                 │
  │                                                                                                                      │
  │ ┌──────────────────────────────────────────────────────────────────────────────────────────────────────────────────┐ │
  │ │                      < > Raspberry Pi 7-inch touchscreen panel                                                   │ │
  │ └──────────────────────────────────────────────────────────────────────────────────────────────────────────────────┘ │
  ├──────────────────────────────────────────────────────────────────────────────────────────────────────────────────────┤
  │                               <Select>    < Exit >    < Help >    < Save >    < Load >                               │
  └──────────────────────────────────────────────────────────────────────────────────────────────────────────────────────┘



[menu] WALK MENU: /Device Drivers/Graphics support/Display Panels
[menu] visible_entries=1 known_entries=1
[menu] POSITIONED SCREEN for [25]: 'Display Interface Bridges' by moving: delta:1 (prev:24, next:25)
[menu] CHILD SCREEN After ENTER [25]: 'Display Interface Bridges'
 .config - Linux/x86 5.10.270-gentoo-hardened1 Kernel Configuration
 → Device Drivers → Graphics support → Display Interface Bridges ───────────────────────────────────────────────────────────
  ┌───────────────────────────────────────────── Display Interface Bridges ──────────────────────────────────────────────┐
  │  Arrow keys navigate the menu.  <Enter> selects submenus ---> (or empty submenus ----).  Highlighted letters are     │
  │  hotkeys.  Pressing <Y> includes, <N> excludes, <M> modularizes features.  Press <Esc><Esc> to exit, <?> for Help,   │
  │  </> for Search.  Legend: [*] built-in  [ ] excluded  <M> module  < > module capable                                 │
  │                                                                                                                      │
  │ ┌──────────────────────────────────────────────────────────────────────────────────────────────────────────────────┐ │
  │ │                      < > Analogix ANX78XX bridge                                                                 │ │
  │ └──────────────────────────────────────────────────────────────────────────────────────────────────────────────────┘ │
  ├──────────────────────────────────────────────────────────────────────────────────────────────────────────────────────┤
  │                               <Select>    < Exit >    < Help >    < Save >    < Load >                               │
  └──────────────────────────────────────────────────────────────────────────────────────────────────────────────────────┘



[menu] WALK MENU: /Device Drivers/Graphics support/Display Interface Bridges
[menu] visible_entries=1 known_entries=1
[menu] POSITIONED SCREEN for [31]: 'Frame buffer Devices' by moving: delta:6 (prev:25, next:31)
[menu] CHILD SCREEN After ENTER [31]: 'Frame buffer Devices'
 .config - Linux/x86 5.10.270-gentoo-hardened1 Kernel Configuration
 → Device Drivers → Graphics support → Frame buffer Devices ────────────────────────────────────────────────────────────────
  ┌──────────────────────────────────────────────── Frame buffer Devices ────────────────────────────────────────────────┐
  │  Arrow keys navigate the menu.  <Enter> selects submenus ---> (or empty submenus ----).  Highlighted letters are     │
  │  hotkeys.  Pressing <Y> includes, <N> excludes, <M> modularizes features.  Press <Esc><Esc> to exit, <?> for Help,   │
  │  </> for Search.  Legend: [*] built-in  [ ] excluded  <M> module  < > module capable                                 │
  │                                                                                                                      │
  │ ┌──────────────────────────────────────────────────────────────────────────────────────────────────────────────────┐ │
  │ │                      -*- Support for frame buffer devices  --->                                                  │ │
  │ └──────────────────────────────────────────────────────────────────────────────────────────────────────────────────┘ │
  ├──────────────────────────────────────────────────────────────────────────────────────────────────────────────────────┤
  │                               <Select>    < Exit >    < Help >    < Save >    < Load >                               │
  └──────────────────────────────────────────────────────────────────────────────────────────────────────────────────────┘



[menu] WALK MENU: /Device Drivers/Graphics support/Frame buffer Devices
[menu] visible_entries=1 known_entries=1
[menu] POSITIONED SCREEN for [0]: '-*- Support for frame buffer devices' by moving: delta:0 (prev:0, next:0)
[menu] CHILD SCREEN After ENTER [0]: '-*- Support for frame buffer devices'
 .config - Linux/x86 5.10.270-gentoo-hardened1 Kernel Configuration
 → Device Drivers → Graphics support → Frame buffer Devices → Support for frame buffer devices ─────────────────────────────
  ┌────────────────────────────────────────── Support for frame buffer devices ──────────────────────────────────────────┐
  │  Arrow keys navigate the menu.  <Enter> selects submenus ---> (or empty submenus ----).  Highlighted letters are     │
  │  hotkeys.  Pressing <Y> includes, <N> excludes, <M> modularizes features.  Press <Esc><Esc> to exit, <?> for Help,   │
  │  </> for Search.  Legend: [*] built-in  [ ] excluded  <M> module  < > module capable                                 │
  │                                                                                                                      │
  │ ┌──────────────────────────────────────────────────────────────────────────────────────────────────────────────────┐ │
  │ │                      --- Support for frame buffer devices                                                        │ │
  │ │                      [ ]   Enable firmware EDID                                                                  │ │
  │ │                      [ ]   Framebuffer foreign endianness support  ----                                          │ │
  │ │                      [*]   Enable Video Mode Handling Helpers                                                    │ │
  │ │                      [*]   Enable Tile Blitting Support                                                          │ │
  │ │                            *** Frame buffer hardware drivers ***                                                 │ │
  │ │                      < >   Cirrus Logic support                                                                  │ │
  │ │                      < >   Permedia2 support                                                                     │ │
  │ │                      < >   CyberPro 2000/2010/5000 support                                                       │ │
  │ │                      < >   Arc Monochrome LCD board support                                                      │ │
  │ │                      [ ]   Asiliant (Chips) 69000 display support                                                │ │
  │ │                      [ ]   IMS Twin Turbo display support                                                        │ │
  │ │                      < >   VGA 16-color graphics support                                                         │ │
  │ │                      < >   Userspace VESA VGA graphics support                                                   │ │
  │ │                      [ ]   VESA VGA graphics support                                                             │ │
  │ │                      [*]   EFI-based Framebuffer Support                                                         │ │
  │ │                      < >   N411 Apollo/Hecuba devkit support                                                     │ │
  │ │                      < >   Hercules mono graphics support                                                        │ │
  │ │                      < >   OpenCores VGA/LCD core 2.0 framebuffer support                                        │ │
  │ │                      < >   Epson S1D13XXX framebuffer support                                                    │ │
  │ │                      < >   nVidia Framebuffer Support                                                            │ │
  │ │                      < >   nVidia Riva support                                                                   │ │
  │ │                      < >   Intel740 support                                                                      │ │
  │ │                      < >   Intel LE80578 (Vermilion) support                                                     │ │
  │ │                      < >   Matrox acceleration                                                                   │ │
  │ │                      < >   ATI Radeon display support                                                            │ │
  │ │                      < >   ATI Rage128 display support                                                           │ │
  │ │                      < >   ATI Mach64 display support                                                            │ │
  │ │                      < >   S3 Trio/Virge support                                                                 │ │
  │ │                      < >   S3 Savage support                                                                     │ │
  │ │                      < >   SiS/XGI display support                                                               │ │
  │ │                      < >   NeoMagic display support                                                              │ │
  │ │                      < >   IMG Kyro support                                                                      │ │
  │ │                      < >   3Dfx Banshee/Voodoo3/Voodoo5 display support                                          │ │
  │ │                      < >   3Dfx Voodoo Graphics (sst1) support                                                   │ │
  │ │                      < >   VIA VT8623 support                                                                    │ │
  │ │                      < >   Trident/CyberXXX/CyberBlade support                                                   │ │
  │ │                      < >   ARK 2000PV support                                                                    │ │
  │ │                      < >   Permedia3 support                                                                     │ │
  │ │                      < >   Fujitsu carmine frame buffer support                                                  │ │
  │ │                      < >   SMSC UFX6000/7000 USB Framebuffer support                                             │ │
  │ │                      < >   Displaylink USB Framebuffer support                                                   │ │
  │ │                      < >   Framebuffer support for IBM GXT4000P/4500P/6000P/6500P adaptors                       │ │
  │ │                      < >   Virtual Frame Buffer support (ONLY FOR TESTING!)                                      │ │
  │ │                      < >   E-Ink Metronome/8track controller support                                             │ │
  │ │                      < >   Fujitsu MB862xx GDC support                                                           │ │
  │ └──────────────────────↓(+)────────────────────────────────────────────────────────────────────────────────────────┘ │
  ├──────────────────────────────────────────────────────────────────────────────────────────────────────────────────────┤
  │                               <Select>    < Exit >    < Help >    < Save >    < Load >                               │
  └──────────────────────────────────────────────────────────────────────────────────────────────────────────────────────┘



[menu] WALK MENU: /Device Drivers/Graphics support/Frame buffer Devices/-*- Support for frame buffer devices
[menu] visible_entries=45 known_entries=47
[menu] POSITIONED SCREEN for [32]: 'Backlight & LCD device support' by moving: delta:1 (prev:31, next:32)
[menu] CHILD SCREEN After ENTER [32]: 'Backlight & LCD device support'
 .config - Linux/x86 5.10.270-gentoo-hardened1 Kernel Configuration
 → Device Drivers → Graphics support → Backlight & LCD device support ──────────────────────────────────────────────────────
  ┌─────────────────────────────────────────── Backlight & LCD device support ───────────────────────────────────────────┐
  │  Arrow keys navigate the menu.  <Enter> selects submenus ---> (or empty submenus ----).  Highlighted letters are     │
  │  hotkeys.  Pressing <Y> includes, <N> excludes, <M> modularizes features.  Press <Esc><Esc> to exit, <?> for Help,   │
  │  </> for Search.  Legend: [*] built-in  [ ] excluded  <M> module  < > module capable                                 │
  │                                                                                                                      │
  │ ┌──────────────────────────────────────────────────────────────────────────────────────────────────────────────────┐ │
  │ │                      < > Lowlevel LCD controls                                                                   │ │
  │ │                      -*- Lowlevel Backlight controls                                                             │ │
  │ │                      < >   Apple Backlight Driver                                                                │ │
  │ │                      < >   Qualcomm PMIC WLED Driver                                                             │ │
  │ │                      < >   Tabletkiosk Sahara Touch-iT Backlight Driver                                          │ │
  │ └──────────────────────────────────────────────────────────────────────────────────────────────────────────────────┘ │
  ├──────────────────────────────────────────────────────────────────────────────────────────────────────────────────────┤
  │                               <Select>    < Exit >    < Help >    < Save >    < Load >                               │
  └──────────────────────────────────────────────────────────────────────────────────────────────────────────────────────┘



[menu] WALK MENU: /Device Drivers/Graphics support/Backlight & LCD device support
[menu] visible_entries=5 known_entries=5
[menu] POSITIONED SCREEN for [33]: 'Console display driver support' by moving: delta:1 (prev:32, next:33)
[menu] CHILD SCREEN After ENTER [33]: 'Console display driver support'
 .config - Linux/x86 5.10.270-gentoo-hardened1 Kernel Configuration
 → Device Drivers → Graphics support → Console display driver support ──────────────────────────────────────────────────────
  ┌─────────────────────────────────────────── Console display driver support ───────────────────────────────────────────┐
  │  Arrow keys navigate the menu.  <Enter> selects submenus ---> (or empty submenus ----).  Highlighted letters are     │
  │  hotkeys.  Pressing <Y> includes, <N> excludes, <M> modularizes features.  Press <Esc><Esc> to exit, <?> for Help,   │
  │  </> for Search.  Legend: [*] built-in  [ ] excluded  <M> module  < > module capable                                 │
  │                                                                                                                      │
  │ ┌──────────────────────────────────────────────────────────────────────────────────────────────────────────────────┐ │
  │ │                      (80) Initial number of console screen columns                                               │ │
  │ │                      (25) Initial number of console screen rows                                                  │ │
  │ │                      -*- Framebuffer Console support                                                             │ │
  │ │                      [ ]   Enable legacy fbcon hardware acceleration code                                        │ │
  │ │                      -*-   Map the console to the primary display device                                         │ │
  │ │                      [ ]   Framebuffer Console Rotation                                                          │ │
  │ │                      [ ]   Framebuffer Console Deferred Takeover                                                 │ │
  │ └──────────────────────────────────────────────────────────────────────────────────────────────────────────────────┘ │
  ├──────────────────────────────────────────────────────────────────────────────────────────────────────────────────────┤
  │                               <Select>    < Exit >    < Help >    < Save >    < Load >                               │
  └──────────────────────────────────────────────────────────────────────────────────────────────────────────────────────┘



[menu] WALK MENU: /Device Drivers/Graphics support/Console display driver support
[menu] visible_entries=7 known_entries=7
[menu] POSITIONED SCREEN for [34]: '[*] Bootup logo' by moving: delta:1 (prev:33, next:34)
[menu] CHILD SCREEN After ENTER [34]: '[*] Bootup logo'
 .config - Linux/x86 5.10.270-gentoo-hardened1 Kernel Configuration
 → Device Drivers → Graphics support → Bootup logo ─────────────────────────────────────────────────────────────────────────
  ┌──────────────────────────────────────────────────── Bootup logo ─────────────────────────────────────────────────────┐
  │  Arrow keys navigate the menu.  <Enter> selects submenus ---> (or empty submenus ----).  Highlighted letters are     │
  │  hotkeys.  Pressing <Y> includes, <N> excludes, <M> modularizes features.  Press <Esc><Esc> to exit, <?> for Help,   │
  │  </> for Search.  Legend: [*] built-in  [ ] excluded  <M> module  < > module capable                                 │
  │                                                                                                                      │
  │ ┌──────────────────────────────────────────────────────────────────────────────────────────────────────────────────┐ │
  │ │                      --- Bootup logo                                                                             │ │
  │ │                      [ ]   Standard black and white Linux logo                                                   │ │
  │ │                      [ ]   Standard 16-color Linux logo                                                          │ │
  │ │                      [*]   Standard 224-color Linux logo                                                         │ │
  │ └──────────────────────────────────────────────────────────────────────────────────────────────────────────────────┘ │
  ├──────────────────────────────────────────────────────────────────────────────────────────────────────────────────────┤
  │                               <Select>    < Exit >    < Help >    < Save >    < Load >                               │
  └──────────────────────────────────────────────────────────────────────────────────────────────────────────────────────┘



[menu] WALK MENU: /Device Drivers/Graphics support/[*] Bootup logo
[menu] visible_entries=4 known_entries=4
[menu] POSITIONED SCREEN for [48]: '<*> Sound card support' by moving: delta:1 (prev:47, next:48)
[menu] CHILD SCREEN After ENTER [48]: '<*> Sound card support'
 .config - Linux/x86 5.10.270-gentoo-hardened1 Kernel Configuration
 → Device Drivers → Sound card support ─────────────────────────────────────────────────────────────────────────────────────
  ┌───────────────────────────────────────────────── Sound card support ─────────────────────────────────────────────────┐
  │  Arrow keys navigate the menu.  <Enter> selects submenus ---> (or empty submenus ----).  Highlighted letters are     │
  │  hotkeys.  Pressing <Y> includes, <N> excludes, <M> modularizes features.  Press <Esc><Esc> to exit, <?> for Help,   │
  │  </> for Search.  Legend: [*] built-in  [ ] excluded  <M> module  < > module capable                                 │
  │                                                                                                                      │
  │ ┌──────────────────────────────────────────────────────────────────────────────────────────────────────────────────┐ │
  │ │                      --- Sound card support                                                                      │ │
  │ │                      <*>   Advanced Linux Sound Architecture  --->                                               │ │
  │ └──────────────────────────────────────────────────────────────────────────────────────────────────────────────────┘ │
  ├──────────────────────────────────────────────────────────────────────────────────────────────────────────────────────┤
  │                               <Select>    < Exit >    < Help >    < Save >    < Load >                               │
  └──────────────────────────────────────────────────────────────────────────────────────────────────────────────────────┘



[menu] WALK MENU: /Device Drivers/<*> Sound card support
[menu] visible_entries=2 known_entries=2
[menu] POSITIONED SCREEN for [1]: '<*>   Advanced Linux Sound Architecture' by moving: delta:1 (prev:0, next:1)
[menu] CHILD SCREEN After ENTER [1]: '<*>   Advanced Linux Sound Architecture'
 .config - Linux/x86 5.10.270-gentoo-hardened1 Kernel Configuration
 → Device Drivers → Sound card support → Advanced Linux Sound Architecture ─────────────────────────────────────────────────
  ┌───────────────────────────────────────── Advanced Linux Sound Architecture ──────────────────────────────────────────┐
  │  Arrow keys navigate the menu.  <Enter> selects submenus ---> (or empty submenus ----).  Highlighted letters are     │
  │  hotkeys.  Pressing <Y> includes, <N> excludes, <M> modularizes features.  Press <Esc><Esc> to exit, <?> for Help,   │
  │  </> for Search.  Legend: [*] built-in  [ ] excluded  <M> module  < > module capable                                 │
  │                                                                                                                      │
  │ ┌──────────────────────────────────────────────────────────────────────────────────────────────────────────────────┐ │
  │ │                      --- Advanced Linux Sound Architecture                                                       │ │
  │ │                      [ ]   Enable OSS Emulation                                                                  │ │
  │ │                      <*>   HR-timer backend support                                                              │ │
  │ │                      [ ]   Dynamic device file minor numbers                                                     │ │
  │ │                      [*]   Support old ALSA API                                                                  │ │
  │ │                      -*-   Sound Proc FS Support                                                                 │ │
  │ │                      [*]     Verbose procfs contents                                                             │ │
  │ │                      [ ]   Verbose printk                                                                        │ │
  │ │                      [ ]   Debug                                                                                 │ │
  │ │                      <*>   Sequencer support                                                                     │ │
  │ │                      <*>     Sequencer dummy client                                                              │ │
  │ │                      [*]     Use HR-timer as default sequencer timer                                             │ │
  │ │                      [*]   Generic sound devices  --->                                                           │ │
  │ │                      [*]   PCI sound devices  --->                                                               │ │
  │ │                            HD-Audio  --->                                                                        │ │
  │ │                      (2048) Pre-allocated buffer size for HD-audio driver                                        │ │
  │ │                      [*]   USB sound devices  --->                                                               │ │
  │ │                      [*]   PCMCIA sound devices  --->                                                            │ │
  │ │                      < >   ALSA for SoC audio support  ----                                                      │ │
  │ │                      [*]   X86 sound devices  --->                                                               │ │
  │ └──────────────────────────────────────────────────────────────────────────────────────────────────────────────────┘ │
  ├──────────────────────────────────────────────────────────────────────────────────────────────────────────────────────┤
  │                               <Select>    < Exit >    < Help >    < Save >    < Load >                               │
  └──────────────────────────────────────────────────────────────────────────────────────────────────────────────────────┘



[menu] WALK MENU: /Device Drivers/<*> Sound card support/<*>   Advanced Linux Sound Architecture
[menu] visible_entries=20 known_entries=20
[menu] POSITIONED SCREEN for [12]: '[*]   Generic sound devices' by moving: delta:12 (prev:0, next:12)
[menu] CHILD SCREEN After ENTER [12]: '[*]   Generic sound devices'
 .config - Linux/x86 5.10.270-gentoo-hardened1 Kernel Configuration
 → Device Drivers → Sound card support → Advanced Linux Sound Architecture → Generic sound devices ─────────────────────────
  ┌─────────────────────────────────────────────── Generic sound devices ────────────────────────────────────────────────┐
  │  Arrow keys navigate the menu.  <Enter> selects submenus ---> (or empty submenus ----).  Highlighted letters are     │
  │  hotkeys.  Pressing <Y> includes, <N> excludes, <M> modularizes features.  Press <Esc><Esc> to exit, <?> for Help,   │
  │  </> for Search.  Legend: [*] built-in  [ ] excluded  <M> module  < > module capable                                 │
  │                                                                                                                      │
  │ ┌──────────────────────────────────────────────────────────────────────────────────────────────────────────────────┐ │
  │ │                      --- Generic sound devices                                                                   │ │
  │ │                      < >   PC-Speaker support (READ HELP!)                                                       │ │
  │ │                      < >   Dummy (/dev/null) soundcard                                                           │ │
  │ │                      < >   Generic loopback driver (PCM)                                                         │ │
  │ │                      < >   Virtual MIDI soundcard                                                                │ │
  │ │                      < >   MOTU MidiTimePiece AV multiport MIDI                                                  │ │
  │ │                      < >   UART16550 serial MIDI driver                                                          │ │
  │ │                      < >   Generic MPU-401 UART driver                                                           │ │
  │ └──────────────────────────────────────────────────────────────────────────────────────────────────────────────────┘ │
  ├──────────────────────────────────────────────────────────────────────────────────────────────────────────────────────┤
  │                               <Select>    < Exit >    < Help >    < Save >    < Load >                               │
  └──────────────────────────────────────────────────────────────────────────────────────────────────────────────────────┘



[menu] WALK MENU: /Device Drivers/<*> Sound card support/<*>   Advanced Linux Sound Architecture/[*]   Generic sound devices
[menu] visible_entries=8 known_entries=8
[menu] POSITIONED SCREEN for [13]: '[*]   PCI sound devices' by moving: delta:1 (prev:12, next:13)
[menu] CHILD SCREEN After ENTER [13]: '[*]   PCI sound devices'
 .config - Linux/x86 5.10.270-gentoo-hardened1 Kernel Configuration
 → Device Drivers → Sound card support → Advanced Linux Sound Architecture → PCI sound devices ─────────────────────────────
  ┌───────────────────────────────────────────────── PCI sound devices ──────────────────────────────────────────────────┐
  │  Arrow keys navigate the menu.  <Enter> selects submenus ---> (or empty submenus ----).  Highlighted letters are     │
  │  hotkeys.  Pressing <Y> includes, <N> excludes, <M> modularizes features.  Press <Esc><Esc> to exit, <?> for Help,   │
  │  </> for Search.  Legend: [*] built-in  [ ] excluded  <M> module  < > module capable                                 │
  │                                                                                                                      │
  │ ┌──────────────────────────────────────────────────────────────────────────────────────────────────────────────────┐ │
  │ │                      --- PCI sound devices                                                                       │ │
  │ │                      < >   Analog Devices AD1889                                                                 │ │
  │ │                      < >   Avance Logic ALS300/ALS300+                                                           │ │
  │ │                      < >   Avance Logic ALS4000                                                                  │ │
  │ │                      < >   ALi M5451 PCI Audio Controller                                                        │ │
  │ │                      < >   AudioScience ASIxxxx                                                                  │ │
  │ │                      < >   ATI IXP AC97 Controller                                                               │ │
  │ │                      < >   ATI IXP Modem                                                                         │ │
  │ │                      < >   Aureal Advantage                                                                      │ │
  │ │                      < >   Aureal Vortex                                                                         │ │
  │ │                      < >   Aureal Vortex 2                                                                       │ │
  │ │                      < >   Emagic Audiowerk 2                                                                    │ │
  │ │                      < >   Aztech AZF3328 / PCI168                                                               │ │
  │ │                      < >   Bt87x Audio Capture                                                                   │ │
  │ │                      < >   SB Audigy LS / Live 24bit                                                             │ │
  │ │                      < >   C-Media 8338, 8738, 8768, 8770                                                        │ │
  │ │                      < >   C-Media 8786, 8787, 8788 (Oxygen)                                                     │ │
  │ │                      < >   Cirrus Logic (Sound Fusion) CS4281                                                    │ │
  │ │                      < >   Cirrus Logic (Sound Fusion) CS4280/CS461x/CS462x/CS463x                               │ │
  │ │                      < >   Creative Sound Blaster X-Fi                                                           │ │
  │ │                      < >   (Echoaudio) Darla20                                                                   │ │
  │ │                      < >   (Echoaudio) Gina20                                                                    │ │
  │ │                      < >   (Echoaudio) Layla20                                                                   │ │
  │ │                      < >   (Echoaudio) Darla24                                                                   │ │
  │ │                      < >   (Echoaudio) Gina24                                                                    │ │
  │ │                      < >   (Echoaudio) Layla24                                                                   │ │
  │ │                      < >   (Echoaudio) Mona                                                                      │ │
  │ │                      < >   (Echoaudio) Mia                                                                       │ │
  │ │                      < >   (Echoaudio) 3G cards                                                                  │ │
  │ │                      < >   (Echoaudio) Indigo                                                                    │ │
  │ │                      < >   (Echoaudio) Indigo IO                                                                 │ │
  │ │                      < >   (Echoaudio) Indigo DJ                                                                 │ │
  │ │                      < >   (Echoaudio) Indigo IOx                                                                │ │
  │ │                      < >   (Echoaudio) Indigo DJx                                                                │ │
  │ │                      < >   Emu10k1 (SB Live!, Audigy, E-mu APS)                                                  │ │
  │ │                      < >   Emu10k1X (Dell OEM Version)                                                           │ │
  │ │                      < >   (Creative) Ensoniq AudioPCI 1370                                                      │ │
  │ │                      < >   (Creative) Ensoniq AudioPCI 1371/1373                                                 │ │
  │ │                      < >   ESS ES1938/1946/1969 (Solo-1)                                                         │ │
  │ │                      < >   ESS ES1968/1978 (Maestro-1/2/2E)                                                      │ │
  │ │                      < >   ForteMedia FM801                                                                      │ │
  │ │                      < >   RME Hammerfall DSP Audio                                                              │ │
  │ │                      < >   RME Hammerfall DSP MADI/RayDAT/AIO                                                    │ │
  │ │                      < >   ICEnsemble ICE1712 (Envy24)                                                           │ │
  │ │                      < >   ICE/VT1724/1720 (Envy24HT/PT)                                                         │ │
  │ │                      < >   Intel/SiS/nVidia/AMD/ALi AC97 Controller                                              │ │
  │ └──────────────────────↓(+)────────────────────────────────────────────────────────────────────────────────────────┘ │
  ├──────────────────────────────────────────────────────────────────────────────────────────────────────────────────────┤
  │                               <Select>    < Exit >    < Help >    < Save >    < Load >                               │
  └──────────────────────────────────────────────────────────────────────────────────────────────────────────────────────┘



[menu] WALK MENU: /Device Drivers/<*> Sound card support/<*>   Advanced Linux Sound Architecture/[*]   PCI sound devices
[menu] visible_entries=46 known_entries=66
[menu] POSITIONED SCREEN for [14]: 'HD-Audio' by moving: delta:1 (prev:13, next:14)
[menu] CHILD SCREEN After ENTER [14]: 'HD-Audio'
 .config - Linux/x86 5.10.270-gentoo-hardened1 Kernel Configuration
 → Device Drivers → Sound card support → Advanced Linux Sound Architecture → HD-Audio ──────────────────────────────────────
  ┌────────────────────────────────────────────────────── HD-Audio ──────────────────────────────────────────────────────┐
  │  Arrow keys navigate the menu.  <Enter> selects submenus ---> (or empty submenus ----).  Highlighted letters are     │
  │  hotkeys.  Pressing <Y> includes, <N> excludes, <M> modularizes features.  Press <Esc><Esc> to exit, <?> for Help,   │
  │  </> for Search.  Legend: [*] built-in  [ ] excluded  <M> module  < > module capable                                 │
  │                                                                                                                      │
  │ ┌──────────────────────────────────────────────────────────────────────────────────────────────────────────────────┐ │
  │ │                      <*> HD Audio PCI                                                                            │ │
  │ │                      [*] Build hwdep interface for HD-audio driver                                               │ │
  │ │                      [ ] Allow dynamic codec reconfiguration                                                     │ │
  │ │                      [ ] Support digital beep via input layer                                                    │ │
  │ │                      [ ] Support initialization patch loading for HD-audio                                       │ │
  │ │                      < > Build Realtek HD-audio codec support                                                    │ │
  │ │                      < > Build Analog Devices HD-audio codec support                                             │ │
  │ │                      < > Build IDT/Sigmatel HD-audio codec support                                               │ │
  │ │                      < > Build VIA HD-audio codec support                                                        │ │
  │ │                      < > Build HDMI/DisplayPort HD-audio codec support                                           │ │
  │ │                      < > Build Cirrus Logic codec support                                                        │ │
  │ │                      < > Build Conexant HD-audio codec support                                                   │ │
  │ │                      < > Build Creative CA0110-IBG codec support                                                 │ │
  │ │                      < > Build Creative CA0132 codec support                                                     │ │
  │ │                      < > Build C-Media HD-audio codec support                                                    │ │
  │ │                      < > Build Silicon Labs 3054 HD-modem codec support                                          │ │
  │ │                      < > Enable generic HD-audio codec parser                                                    │ │
  │ │                      (0) Default time-out for HD-audio power-save mode                                           │ │
  │ │                      [ ] Enable Silent Stream always for HDMI                                                    │ │
  │ └──────────────────────────────────────────────────────────────────────────────────────────────────────────────────┘ │
  ├──────────────────────────────────────────────────────────────────────────────────────────────────────────────────────┤
  │                               <Select>    < Exit >    < Help >    < Save >    < Load >                               │
  └──────────────────────────────────────────────────────────────────────────────────────────────────────────────────────┘



[menu] WALK MENU: /Device Drivers/<*> Sound card support/<*>   Advanced Linux Sound Architecture/HD-Audio
[menu] visible_entries=19 known_entries=19
[menu] POSITIONED SCREEN for [16]: '[*]   USB sound devices' by moving: delta:2 (prev:14, next:16)
[menu] CHILD SCREEN After ENTER [16]: '[*]   USB sound devices'
 .config - Linux/x86 5.10.270-gentoo-hardened1 Kernel Configuration
 → Device Drivers → Sound card support → Advanced Linux Sound Architecture → USB sound devices ─────────────────────────────
  ┌───────────────────────────────────────────────── USB sound devices ──────────────────────────────────────────────────┐
  │  Arrow keys navigate the menu.  <Enter> selects submenus ---> (or empty submenus ----).  Highlighted letters are     │
  │  hotkeys.  Pressing <Y> includes, <N> excludes, <M> modularizes features.  Press <Esc><Esc> to exit, <?> for Help,   │
  │  </> for Search.  Legend: [*] built-in  [ ] excluded  <M> module  < > module capable                                 │
  │                                                                                                                      │
  │ ┌──────────────────────────────────────────────────────────────────────────────────────────────────────────────────┐ │
  │ │                      --- USB sound devices                                                                       │ │
  │ │                      < >   USB Audio/MIDI driver                                                                 │ │
  │ │                      < >   Edirol UA-101/UA-1000 driver                                                          │ │
  │ │                      < >   Tascam US-122, US-224 and US-428 USB driver                                           │ │
  │ │                      < >   Native Instruments USB audio devices                                                  │ │
  │ │                      < >   Tascam US-122L USB driver                                                             │ │
  │ │                      < >   TerraTec DMX 6Fire USB                                                                │ │
  │ │                      < >   M2Tech hiFace USB-SPDIF driver                                                        │ │
  │ │                      < >   Behringer BCD2000 MIDI driver                                                         │ │
  │ │                      < >   Line 6 POD USB support                                                                │ │
  │ │                      < >   Line 6 POD X3/HD300/400/500 USB support                                               │ │
  │ │                      < >   TonePort GX, UX1 and UX2 USB support                                                  │ │
  │ │                      < >   Variax Workbench USB support                                                          │ │
  │ └──────────────────────────────────────────────────────────────────────────────────────────────────────────────────┘ │
  ├──────────────────────────────────────────────────────────────────────────────────────────────────────────────────────┤
  │                               <Select>    < Exit >    < Help >    < Save >    < Load >                               │
  └──────────────────────────────────────────────────────────────────────────────────────────────────────────────────────┘



[menu] WALK MENU: /Device Drivers/<*> Sound card support/<*>   Advanced Linux Sound Architecture/[*]   USB sound devices
[menu] visible_entries=13 known_entries=13
[menu] POSITIONED SCREEN for [17]: '[*]   PCMCIA sound devices' by moving: delta:1 (prev:16, next:17)
[menu] CHILD SCREEN After ENTER [17]: '[*]   PCMCIA sound devices'
 .config - Linux/x86 5.10.270-gentoo-hardened1 Kernel Configuration
 → Device Drivers → Sound card support → Advanced Linux Sound Architecture → PCMCIA sound devices ──────────────────────────
  ┌──────────────────────────────────────────────── PCMCIA sound devices ────────────────────────────────────────────────┐
  │  Arrow keys navigate the menu.  <Enter> selects submenus ---> (or empty submenus ----).  Highlighted letters are     │
  │  hotkeys.  Pressing <Y> includes, <N> excludes, <M> modularizes features.  Press <Esc><Esc> to exit, <?> for Help,   │
  │  </> for Search.  Legend: [*] built-in  [ ] excluded  <M> module  < > module capable                                 │
  │                                                                                                                      │
  │ ┌──────────────────────────────────────────────────────────────────────────────────────────────────────────────────┐ │
  │ │                      --- PCMCIA sound devices                                                                    │ │
  │ │                      < >   Digigram VXpocket                                                                     │ │
  │ │                      < >   Sound Core PDAudioCF                                                                  │ │
  │ └──────────────────────────────────────────────────────────────────────────────────────────────────────────────────┘ │
  ├──────────────────────────────────────────────────────────────────────────────────────────────────────────────────────┤
  │                               <Select>    < Exit >    < Help >    < Save >    < Load >                               │
  └──────────────────────────────────────────────────────────────────────────────────────────────────────────────────────┘



[menu] WALK MENU: /Device Drivers/<*> Sound card support/<*>   Advanced Linux Sound Architecture/[*]   PCMCIA sound devices
[menu] visible_entries=3 known_entries=3
[menu] POSITIONED SCREEN for [19]: '[*]   X86 sound devices' by moving: delta:2 (prev:17, next:19)
[menu] CHILD SCREEN After ENTER [19]: '[*]   X86 sound devices'
 .config - Linux/x86 5.10.270-gentoo-hardened1 Kernel Configuration
 → Device Drivers → Sound card support → Advanced Linux Sound Architecture → X86 sound devices ─────────────────────────────
  ┌───────────────────────────────────────────────── X86 sound devices ──────────────────────────────────────────────────┐
  │  Arrow keys navigate the menu.  <Enter> selects submenus ---> (or empty submenus ----).  Highlighted letters are     │
  │  hotkeys.  Pressing <Y> includes, <N> excludes, <M> modularizes features.  Press <Esc><Esc> to exit, <?> for Help,   │
  │  </> for Search.  Legend: [*] built-in  [ ] excluded  <M> module  < > module capable                                 │
  │                                                                                                                      │
  │ ┌──────────────────────────────────────────────────────────────────────────────────────────────────────────────────┐ │
  │ │                      --- X86 sound devices                                                                       │ │
  │ │                      < >   HDMI audio without HDAudio on Intel Atom platforms                                    │ │
  │ └──────────────────────────────────────────────────────────────────────────────────────────────────────────────────┘ │
  ├──────────────────────────────────────────────────────────────────────────────────────────────────────────────────────┤
  │                               <Select>    < Exit >    < Help >    < Save >    < Load >                               │
  └──────────────────────────────────────────────────────────────────────────────────────────────────────────────────────┘



[menu] WALK MENU: /Device Drivers/<*> Sound card support/<*>   Advanced Linux Sound Architecture/[*]   X86 sound devices
[menu] visible_entries=2 known_entries=2
[menu] POSITIONED SCREEN for [49]: 'HID support' by moving: delta:1 (prev:48, next:49)
[menu] CHILD SCREEN After ENTER [49]: 'HID support'
 .config - Linux/x86 5.10.270-gentoo-hardened1 Kernel Configuration
 → Device Drivers → HID support ────────────────────────────────────────────────────────────────────────────────────────────
  ┌──────────────────────────────────────────────────── HID support ─────────────────────────────────────────────────────┐
  │  Arrow keys navigate the menu.  <Enter> selects submenus ---> (or empty submenus ----).  Highlighted letters are     │
  │  hotkeys.  Pressing <Y> includes, <N> excludes, <M> modularizes features.  Press <Esc><Esc> to exit, <?> for Help,   │
  │  </> for Search.  Legend: [*] built-in  [ ] excluded  <M> module  < > module capable                                 │
  │                                                                                                                      │
  │ ┌──────────────────────────────────────────────────────────────────────────────────────────────────────────────────┐ │
  │ │                      -*- HID bus support                                                                         │ │
  │ │                      [ ]   Battery level reporting for HID devices                                               │ │
  │ │                      [*]   /dev/hidraw raw HID device support                                                    │ │
  │ │                      < >   User-space I/O driver support for HID subsystem                                       │ │
  │ │                      <*>   Generic HID driver                                                                    │ │
  │ │                          USB HID support  --->                                                                   │ │
  │ │                          Intel ISH HID support  --->                                                             │ │
  │ └──────────────────────────────────────────────────────────────────────────────────────────────────────────────────┘ │
  ├──────────────────────────────────────────────────────────────────────────────────────────────────────────────────────┤
  │                               <Select>    < Exit >    < Help >    < Save >    < Load >                               │
  └──────────────────────────────────────────────────────────────────────────────────────────────────────────────────────┘



[menu] WALK MENU: /Device Drivers/HID support
[menu] visible_entries=7 known_entries=7
[menu] POSITIONED SCREEN for [5]: 'USB HID support' by moving: delta:5 (prev:0, next:5)
[menu] CHILD SCREEN After ENTER [5]: 'USB HID support'
 .config - Linux/x86 5.10.270-gentoo-hardened1 Kernel Configuration
 → Device Drivers → HID support → USB HID support ──────────────────────────────────────────────────────────────────────────
  ┌────────────────────────────────────────────────── USB HID support ───────────────────────────────────────────────────┐
  │  Arrow keys navigate the menu.  <Enter> selects submenus ---> (or empty submenus ----).  Highlighted letters are     │
  │  hotkeys.  Pressing <Y> includes, <N> excludes, <M> modularizes features.  Press <Esc><Esc> to exit, <?> for Help,   │
  │  </> for Search.  Legend: [*] built-in  [ ] excluded  <M> module  < > module capable                                 │
  │                                                                                                                      │
  │ ┌──────────────────────────────────────────────────────────────────────────────────────────────────────────────────┐ │
  │ │                      <*> USB HID transport layer                                                                 │ │
  │ │                      [*] PID device support                                                                      │ │
  │ │                      [*] /dev/hiddev raw HID device support                                                      │ │
  │ └──────────────────────────────────────────────────────────────────────────────────────────────────────────────────┘ │
  ├──────────────────────────────────────────────────────────────────────────────────────────────────────────────────────┤
  │                               <Select>    < Exit >    < Help >    < Save >    < Load >                               │
  └──────────────────────────────────────────────────────────────────────────────────────────────────────────────────────┘



[menu] WALK MENU: /Device Drivers/HID support/USB HID support
[menu] visible_entries=3 known_entries=3
[menu] POSITIONED SCREEN for [6]: 'Intel ISH HID support' by moving: delta:1 (prev:5, next:6)
[menu] CHILD SCREEN After ENTER [6]: 'Intel ISH HID support'
 .config - Linux/x86 5.10.270-gentoo-hardened1 Kernel Configuration
 → Device Drivers → HID support → Intel ISH HID support ────────────────────────────────────────────────────────────────────
  ┌─────────────────────────────────────────────── Intel ISH HID support ────────────────────────────────────────────────┐
  │  Arrow keys navigate the menu.  <Enter> selects submenus ---> (or empty submenus ----).  Highlighted letters are     │
  │  hotkeys.  Pressing <Y> includes, <N> excludes, <M> modularizes features.  Press <Esc><Esc> to exit, <?> for Help,   │
  │  </> for Search.  Legend: [*] built-in  [ ] excluded  <M> module  < > module capable                                 │
  │                                                                                                                      │
  │ ┌──────────────────────────────────────────────────────────────────────────────────────────────────────────────────┐ │
  │ │                      < > Intel Integrated Sensor Hub                                                             │ │
  │ └──────────────────────────────────────────────────────────────────────────────────────────────────────────────────┘ │
  ├──────────────────────────────────────────────────────────────────────────────────────────────────────────────────────┤
  │                               <Select>    < Exit >    < Help >    < Save >    < Load >                               │
  └──────────────────────────────────────────────────────────────────────────────────────────────────────────────────────┘



[menu] WALK MENU: /Device Drivers/HID support/Intel ISH HID support
[menu] visible_entries=1 known_entries=1
[menu] POSITIONED SCREEN for [50]: '[*] USB support' by moving: delta:1 (prev:49, next:50)
[menu] CHILD SCREEN After ENTER [50]: '[*] USB support'
 .config - Linux/x86 5.10.270-gentoo-hardened1 Kernel Configuration
 → Device Drivers → USB support ────────────────────────────────────────────────────────────────────────────────────────────
  ┌──────────────────────────────────────────────────── USB support ─────────────────────────────────────────────────────┐
  │  Arrow keys navigate the menu.  <Enter> selects submenus ---> (or empty submenus ----).  Highlighted letters are     │
  │  hotkeys.  Pressing <Y> includes, <N> excludes, <M> modularizes features.  Press <Esc><Esc> to exit, <?> for Help,   │
  │  </> for Search.  Legend: [*] built-in  [ ] excluded  <M> module  < > module capable                                 │
  │                                                                                                                      │
  │ ┌──────────────────────────────────────────────────────────────────────────────────────────────────────────────────┐ │
  │ │                      --- USB support                                                                             │ │
  │ │                      [ ]   USB LED Triggers                                                                      │ │
  │ │                      < >   USB ULPI PHY interface support                                                        │ │
  │ │                      <*>   Support for Host-side USB                                                             │ │
  │ │                      [*]   PCI based USB host interface                                                          │ │
  │ │                      [*]   USB announce new devices                                                              │ │
  │ │                            *** Miscellaneous USB options ***                                                     │ │
  │ │                      [*]   Enable USB persist by default                                                         │ │
  │ │                      [ ]   Limit USB device initialization to only a few retries                                 │ │
  │ │                      [ ]   Dynamic USB minor allocation                                                          │ │
  │ │                      [ ]   OTG support                                                                           │ │
  │ │                      [ ]   Rely on OTG and EH Targeted Peripherals List                                          │ │
  │ │                      < >   USB port LED trigger                                                                  │ │
  │ │                      (2)   Default autosuspend delay                                                             │ │
  │ │                      <*>   USB Monitor                                                                           │ │
  │ │                            *** USB Host Controller Drivers ***                                                   │ │
  │ │                      < >   Cypress C67x00 HCD support                                                            │ │
  │ │                      <*>   xHCI HCD (USB 3.0) support                                                            │ │
  │ │                      [ ]     xHCI support for debug capability                                                   │ │
  │ │                      < >     Support for additional Renesas xHCI controller with firmware                        │ │
  │ │                      < >     Generic xHCI driver for a platform device                                           │ │
  │ │                      <*>   EHCI HCD (USB 2.0) support                                                            │ │
  │ │                      [ ]     Root Hub Transaction Translators                                                    │ │
  │ │                      [*]     Improved Transaction Translator scheduling                                          │ │
  │ │                      < >     Support for Freescale on-chip EHCI USB controller                                   │ │
  │ │                      < >     Generic EHCI driver for a platform device                                           │ │
  │ │                      < >   OXU210HP HCD support                                                                  │ │
  │ │                      < >   ISP116X HCD support                                                                   │ │
  │ │                      < >   FOTG210 HCD support                                                                   │ │
  │ │                      <*>   OHCI HCD (USB 1.1) support                                                            │ │
  │ │                      <*>     OHCI support for PCI-bus USB controllers                                            │ │
  │ │                      < >     Generic OHCI driver for a platform device                                           │ │
  │ │                      <*>   UHCI HCD (most Intel and VIA) support                                                 │ │
  │ │                      < >   SL811HS HCD support                                                                   │ │
  │ │                      < >   R8A66597 HCD support                                                                  │ │
  │ │                      [ ]   HCD test mode support                                                                 │ │
  │ │                            *** USB Device Class drivers ***                                                      │ │
  │ │                      < >   USB Modem (CDC ACM) support                                                           │ │
  │ │                      <*>   USB Printer support                                                                   │ │
  │ │                      < >   USB Wireless Device Management support                                                │ │
  │ │                      < >   USB Test and Measurement Class support                                                │ │
  │ │                            *** NOTE: USB_STORAGE depends on SCSI but BLK_DEV_SD may ***                          │ │
  │ │                            *** also be needed; see USB_STORAGE Help for more info ***                            │ │
  │ │                      <*>   USB Mass Storage support                                                              │ │
  │ │                      [ ]     USB Mass Storage verbose debug                                                      │ │
  │ │                      < >     Realtek Card Reader support                                                         │ │
  │ └──────────────────────↓(+)────────────────────────────────────────────────────────────────────────────────────────┘ │
  ├──────────────────────────────────────────────────────────────────────────────────────────────────────────────────────┤
  │                               <Select>    < Exit >    < Help >    < Save >    < Load >                               │
  └──────────────────────────────────────────────────────────────────────────────────────────────────────────────────────┘



[menu] WALK MENU: /Device Drivers/[*] USB support
[menu] visible_entries=43 known_entries=91
[menu] POSITIONED SCREEN for [87]: 'USB Physical Layer drivers' by moving: delta:87 (prev:0, next:87)
[menu] CHILD SCREEN After ENTER [87]: 'USB Physical Layer drivers'
 .config - Linux/x86 5.10.270-gentoo-hardened1 Kernel Configuration
 → Device Drivers → USB support ────────────────────────────────────────────────────────────────────────────────────────────
  ┌──────────────────────────────────────────────────── USB support ─────────────────────────────────────────────────────┐
  │  Arrow keys navigate the menu.  <Enter> selects submenus ---> (or empty submenus ----).  Highlighted letters are     │
  │  hotkeys.  Pressing <Y> includes, <N> excludes, <M> modularizes features.  Press <Esc><Esc> to exit, <?> for Help,   │
  │  </> for Search.  Legend: [*] built-in  [ ] excluded  <M> module  < > module capable                                 │
  │                                                                                                                      │
  │ ┌──────────────────────↑(-)────────────────────────────────────────────────────────────────────────────────────────┐ │
  │ │                      <*>   USB Mass Storage support                                                              │ │
  │ │                      [ ]     USB Mass Storage verbose debug                                                      │ │
  │ │                      < >     Realtek Card Reader support                                                         │ │
  │ │                      < >     Datafab Compact Flash Reader support                                                │ │
  │ │                      < >     Freecom USB/ATAPI Bridge support                                                    │ │
  │ │                      < >     ISD-200 USB/ATA Bridge support                                                      │ │
  │ │                      < >     USBAT/USBAT02-based storage support                                                 │ │
  │ │                      < >     SanDisk SDDR-09 (and other SmartMedia, including DPCM) support                      │ │
  │ │                      < >     SanDisk SDDR-55 SmartMedia support                                                  │ │
  │ │                      < >     Lexar Jumpshot Compact Flash Reader                                                 │ │
  │ │                      < >     Olympus MAUSB-10/Fuji DPC-R1 support                                                │ │
  │ │                      < >     Support OneTouch Button on Maxtor Hard Drives                                       │ │
  │ │                      < >     Support for Rio Karma music player                                                  │ │
  │ │                      < >     SAT emulation on Cypress USB/ATA Bridge with ATACB                                  │ │
  │ │                      < >     USB ENE card reader support                                                         │ │
  │ │                      < >     USB Attached SCSI                                                                   │ │
  │ │                            *** USB Imaging devices ***                                                           │ │
  │ │                      < >   USB Mustek MDC800 Digital Camera support                                              │ │
  │ │                      < >   Microtek X6USB scanner support                                                        │ │
  │ │                      < >   USB/IP support                                                                        │ │
  │ │                      < >   Cadence USB3 Dual-Role Controller                                                     │ │
  │ │                      < >   Inventra Highspeed Dual Role Controller                                               │ │
  │ │                      < >   DesignWare USB3 DRD Core Support                                                      │ │
  │ │                      < >   DesignWare USB2 DRD Core Support                                                      │ │
  │ │                      < >   ChipIdea Highspeed Dual Role Controller                                               │ │
  │ │                      < >   NXP ISP 1760/1761 support                                                             │ │
  │ │                            *** USB port drivers ***                                                              │ │
  │ │                      < >   USB Serial Converter support  ----                                                    │ │
  │ │                            *** USB Miscellaneous drivers ***                                                     │ │
  │ │                      < >   EMI 6|2m USB Audio interface support                                                  │ │
  │ │                      < >   EMI 2|6 USB Audio interface support                                                   │ │
  │ │                      < >   ADU devices from Ontrak Control Systems                                               │ │
  │ │                      < >   USB 7-Segment LED Display                                                             │ │
  │ │                      < >   USB Lego Infrared Tower support                                                       │ │
  │ │                      < >   USB LCD driver support                                                                │ │
  │ │                      < >   Cypress CY7C63xxx USB driver support                                                  │ │
  │ │                      < >   Cypress USB thermometer driver support                                                │ │
  │ │                      < >   Siemens ID USB Mouse Fingerprint sensor support                                       │ │
  │ │                      < >   Elan PCMCIA CardBus Adapter USB Client                                                │ │
  │ │                      < >   Apple Cinema Display support                                                          │ │
  │ │                      < >   Fast charge control for iOS devices                                                   │ │
  │ │                      < >   USB 2.0 SVGA dongle support (Net2280/SiS315)                                          │ │
  │ │                      < >   USB LD driver                                                                         │ │
  │ │                      < >   PlayStation 2 Trance Vibrator driver support                                          │ │
  │ │                      < >   IO Warrior driver support                                                             │ │
  │ │                      < >   USB testing driver                                                                    │ │
  │ └──────────────────────↓(+)────────────────────────────────────────────────────────────────────────────────────────┘ │
  ├──────────────────────────────────────────────────────────────────────────────────────────────────────────────────────┤
  │                               <Select>    < Exit >    < Help >    < Save >    < Load >                               │
  └──────────────────────────────────────────────────────────────────────────────────────────────────────────────────────┘



[menu] POSITIONED SCREEN for [53]: '-*- LED Support' by moving: delta:3 (prev:50, next:53)
[menu] CHILD SCREEN After ENTER [53]: '-*- LED Support'
 .config - Linux/x86 5.10.270-gentoo-hardened1 Kernel Configuration
 → Device Drivers → LED Support ────────────────────────────────────────────────────────────────────────────────────────────
  ┌──────────────────────────────────────────────────── LED Support ─────────────────────────────────────────────────────┐
  │  Arrow keys navigate the menu.  <Enter> selects submenus ---> (or empty submenus ----).  Highlighted letters are     │
  │  hotkeys.  Pressing <Y> includes, <N> excludes, <M> modularizes features.  Press <Esc><Esc> to exit, <?> for Help,   │
  │  </> for Search.  Legend: [*] built-in  [ ] excluded  <M> module  < > module capable                                 │
  │                                                                                                                      │
  │ ┌──────────────────────────────────────────────────────────────────────────────────────────────────────────────────┐ │
  │ │                      --- LED Support                                                                             │ │
  │ │                      -*-   LED Class Support                                                                     │ │
  │ │                      < >     LED Flash Class Support                                                             │ │
  │ │                      < >     LED Multicolor Class Support                                                        │ │
  │ │                      [ ]     LED Class brightness_hw_changed attribute support                                   │ │
  │ │                            *** LED drivers ***                                                                   │ │
  │ │                      < >   Front panel LED support for PC Engines APU/APU2/APU3 boards                           │ │
  │ │                      < >   Mail LED on Clevo notebook                                                            │ │
  │ │                      < >   LED driver for Intel NAS SS4200 series                                                │ │
  │ │                            *** LED driver for blink(1) USB RGB LED is under Special HID drivers (HID_THINGM) *** │ │
  │ │                      < >   LED support for the Mellanox boards                                                   │ │
  │ │                      < >   LED support for the Mellanox switches management control                              │ │
  │ │                      < >   Userspace LED support                                                                 │ │
  │ │                      < >   LED support for NI PXI NIC78bx devices                                                │ │
  │ │                      < >   LED driver for TI LMU                                                                 │ │
  │ │                            *** LED Triggers ***                                                                  │ │
  │ │                      -*-   LED Trigger support  --->                                                             │ │
  │ └──────────────────────────────────────────────────────────────────────────────────────────────────────────────────┘ │
  ├──────────────────────────────────────────────────────────────────────────────────────────────────────────────────────┤
  │                               <Select>    < Exit >    < Help >    < Save >    < Load >                               │
  └──────────────────────────────────────────────────────────────────────────────────────────────────────────────────────┘



[menu] WALK MENU: /Device Drivers/-*- LED Support
[menu] visible_entries=14 known_entries=14
[menu] POSITIONED SCREEN for [13]: '-*-   LED Trigger support' by moving: delta:13 (prev:0, next:13)
[menu] CHILD SCREEN After ENTER [13]: '-*-   LED Trigger support'
 .config - Linux/x86 5.10.270-gentoo-hardened1 Kernel Configuration
 → Device Drivers → LED Support ────────────────────────────────────────────────────────────────────────────────────────────
  ┌──────────────────────────────────────────────────── LED Support ─────────────────────────────────────────────────────┐
  │  Arrow keys navigate the menu.  <Enter> selects submenus ---> (or empty submenus ----).  Highlighted letters are     │
  │  hotkeys.  Pressing <Y> includes, <N> excludes, <M> modularizes features.  Press <Esc><Esc> to exit, <?> for Help,   │
  │  </> for Search.  Legend: [*] built-in  [ ] excluded  <M> module  < > module capable                                 │
  │                                                                                                                      │
  │ ┌──────────────────────────────────────────────────────────────────────────────────────────────────────────────────┐ │
  │ │                      --- LED Support                                                                             │ │
  │ │                      -*-   LED Class Support                                                                     │ │
  │ │                      < >     LED Flash Class Support                                                             │ │
  │ │                      < >     LED Multicolor Class Support                                                        │ │
  │ │                      [ ]     LED Class brightness_hw_changed attribute support                                   │ │
  │ │                            *** LED drivers ***                                                                   │ │
  │ │                      < >   Front panel LED support for PC Engines APU/APU2/APU3 boards                           │ │
  │ │                      < >   Mail LED on Clevo notebook                                                            │ │
  │ │                      < >   LED driver for Intel NAS SS4200 series                                                │ │
  │ │                            *** LED driver for blink(1) USB RGB LED is under Special HID drivers (HID_THINGM) *** │ │
  │ │                      < >   LED support for the Mellanox boards                                                   │ │
  │ │                      < >   LED support for the Mellanox switches management control                              │ │
  │ │                      < >   Userspace LED support                                                                 │ │
  │ │                      < >   LED support for NI PXI NIC78bx devices                                                │ │
  │ │                      < >   LED driver for TI LMU                                                                 │ │
  │ │                            *** LED Triggers ***                                                                  │ │
  │ │                      -*-   LED Trigger support  --->                                                             │ │
  │ └──────────────────────────────────────────────────────────────────────────────────────────────────────────────────┘ │
  ├──────────────────────────────────────────────────────────────────────────────────────────────────────────────────────┤
  │                               <Select>    < Exit >    < Help >    < Save >    < Load >                               │
  └──────────────────────────────────────────────────────────────────────────────────────────────────────────────────────┘



[menu] POSITIONED SCREEN for [56]: '[*] Real Time Clock' by moving: delta:3 (prev:53, next:56)
[menu] CHILD SCREEN After ENTER [56]: '[*] Real Time Clock'
 .config - Linux/x86 5.10.270-gentoo-hardened1 Kernel Configuration
 → Device Drivers → Real Time Clock ────────────────────────────────────────────────────────────────────────────────────────
  ┌────────────────────────────────────────────────── Real Time Clock ───────────────────────────────────────────────────┐
  │  Arrow keys navigate the menu.  <Enter> selects submenus ---> (or empty submenus ----).  Highlighted letters are     │
  │  hotkeys.  Pressing <Y> includes, <N> excludes, <M> modularizes features.  Press <Esc><Esc> to exit, <?> for Help,   │
  │  </> for Search.  Legend: [*] built-in  [ ] excluded  <M> module  < > module capable                                 │
  │                                                                                                                      │
  │ ┌──────────────────────────────────────────────────────────────────────────────────────────────────────────────────┐ │
  │ │                      --- Real Time Clock                                                                         │ │
  │ │                      [ ]   Set system time from RTC on startup and resume                                        │ │
  │ │                      [*]   Set the RTC time based on NTP synchronization                                         │ │
  │ │                      (rtc0)  RTC used to synchronize NTP adjustment                                              │ │
  │ │                      [ ]   RTC debug support                                                                     │ │
  │ │                      [*]   RTC non volatile storage support                                                      │ │
  │ │                            *** RTC interfaces ***                                                                │ │
  │ │                      [*]   /sys/class/rtc/rtcN (sysfs)                                                           │ │
  │ │                      [*]   /proc/driver/rtc (procfs for rtcN)                                                    │ │
  │ │                      [*]   /dev/rtcN (character devices)                                                         │ │
  │ │                      [ ]     RTC UIE emulation on dev interface                                                  │ │
  │ │                      < >   Test driver/device                                                                    │ │
  │ │                            *** I2C RTC drivers ***                                                               │ │
  │ │                            *** SPI RTC drivers ***                                                               │ │
  │ │                            *** SPI and I2C RTC drivers ***                                                       │ │
  │ │                            *** Platform RTC drivers ***                                                          │ │
  │ │                      <*>   PC-style 'CMOS'                                                                       │ │
  │ │                      < >   Dallas DS1286                                                                         │ │
  │ │                      < >   Dallas DS1511                                                                         │ │
  │ │                      < >   Maxim/Dallas DS1553                                                                   │ │
  │ │                      < >   Dallas/Maxim DS1685 Family                                                            │ │
  │ │                      < >   Maxim/Dallas DS1742/1743                                                              │ │
  │ │                      < >   Maxim/Dallas DS2404                                                                   │ │
  │ │                      < >   Simtek STK17TA8                                                                       │ │
  │ │                      < >   ST M48T86/Dallas DS12887                                                              │ │
  │ │                      < >   ST M48T35                                                                             │ │
  │ │                      < >   ST M48T59/M48T08/M48T02                                                               │ │
  │ │                      < >   Oki MSM6242                                                                           │ │
  │ │                      < >   TI BQ4802                                                                             │ │
  │ │                      < >   Ricoh RP5C01                                                                          │ │
  │ │                      < >   EM Microelectronic V3020                                                              │ │
  │ │                            *** on-CPU RTC drivers ***                                                            │ │
  │ │                      < >   Faraday Technology FTRTC010 RTC                                                       │ │
  │ │                            *** HID Sensor RTC drivers ***                                                        │ │
  │ └──────────────────────────────────────────────────────────────────────────────────────────────────────────────────┘ │
  ├──────────────────────────────────────────────────────────────────────────────────────────────────────────────────────┤
  │                               <Select>    < Exit >    < Help >    < Save >    < Load >                               │
  └──────────────────────────────────────────────────────────────────────────────────────────────────────────────────────┘



[menu] WALK MENU: /Device Drivers/[*] Real Time Clock
[menu] visible_entries=27 known_entries=27
[menu] POSITIONED SCREEN for [57]: '[*] DMA Engine support' by moving: delta:1 (prev:56, next:57)
[menu] CHILD SCREEN After ENTER [57]: '[*] DMA Engine support'
 .config - Linux/x86 5.10.270-gentoo-hardened1 Kernel Configuration
 → Device Drivers → DMA Engine support ─────────────────────────────────────────────────────────────────────────────────────
  ┌───────────────────────────────────────────────── DMA Engine support ─────────────────────────────────────────────────┐
  │  Arrow keys navigate the menu.  <Enter> selects submenus ---> (or empty submenus ----).  Highlighted letters are     │
  │  hotkeys.  Pressing <Y> includes, <N> excludes, <M> modularizes features.  Press <Esc><Esc> to exit, <?> for Help,   │
  │  </> for Search.  Legend: [*] built-in  [ ] excluded  <M> module  < > module capable                                 │
  │                                                                                                                      │
  │ ┌──────────────────────────────────────────────────────────────────────────────────────────────────────────────────┐ │
  │ │                      --- DMA Engine support                                                                      │ │
  │ │                      [ ]   DMA Engine debugging                                                                  │ │
  │ │                            *** DMA Devices ***                                                                   │ │
  │ │                      < >   Altera / Intel mSGDMA Engine                                                          │ │
  │ │                      < >   Intel integrated DMA 64-bit support                                                   │ │
  │ │                      < >   Intel Data Accelerators support                                                       │ │
  │ │                      < >   Intel I/OAT DMA support                                                               │ │
  │ │                      < >   PLX ExpressLane PEX Switch DMA Engine Support                                         │ │
  │ │                      < >   Qualcomm Technologies HIDMA Management support                                        │ │
  │ │                      < >   Qualcomm Technologies HIDMA Channel support                                           │ │
  │ │                      < >   Synopsys DesignWare AHB DMA platform driver                                           │ │
  │ │                      < >   Synopsys DesignWare AHB DMA PCI driver                                                │ │
  │ │                      < >   Synopsys DesignWare eDMA controller driver                                            │ │
  │ │                      < >   Synopsys DesignWare eDMA PCIe driver                                                  │ │
  │ │                      < >   Sifive PDMA controller driver                                                         │ │
  │ │                            *** DMA Clients ***                                                                   │ │
  │ │                      [ ]   Async_tx: Offload support for the async_tx api                                        │ │
  │ │                      < >   DMA Test client                                                                       │ │
  │ └──────────────────────────────────────────────────────────────────────────────────────────────────────────────────┘ │
  ├──────────────────────────────────────────────────────────────────────────────────────────────────────────────────────┤
  │                               <Select>    < Exit >    < Help >    < Save >    < Load >                               │
  └──────────────────────────────────────────────────────────────────────────────────────────────────────────────────────┘



[menu] WALK MENU: /Device Drivers/[*] DMA Engine support
[menu] visible_entries=16 known_entries=16
[menu] POSITIONED SCREEN for [58]: 'DMABUF options' by moving: delta:1 (prev:57, next:58)
[menu] CHILD SCREEN After ENTER [58]: 'DMABUF options'
 .config - Linux/x86 5.10.270-gentoo-hardened1 Kernel Configuration
 → Device Drivers → DMABUF options ─────────────────────────────────────────────────────────────────────────────────────────
  ┌─────────────────────────────────────────────────── DMABUF options ───────────────────────────────────────────────────┐
  │  Arrow keys navigate the menu.  <Enter> selects submenus ---> (or empty submenus ----).  Highlighted letters are     │
  │  hotkeys.  Pressing <Y> includes, <N> excludes, <M> modularizes features.  Press <Esc><Esc> to exit, <?> for Help,   │
  │  </> for Search.  Legend: [*] built-in  [ ] excluded  <M> module  < > module capable                                 │
  │                                                                                                                      │
  │ ┌──────────────────────────────────────────────────────────────────────────────────────────────────────────────────┐ │
  │ │                      -*- Explicit Synchronization Framework                                                      │ │
  │ │                      [ ]   Sync File Validation Framework                                                        │ │
  │ │                      [ ] userspace dmabuf misc driver                                                            │ │
  │ │                      [ ] Move notify between drivers (EXPERIMENTAL)                                              │ │
  │ │                      < > Selftests for the dma-buf interfaces                                                    │ │
  │ │                      [ ] DMA-BUF Userland Memory Heaps  ----                                                     │ │
  │ └──────────────────────────────────────────────────────────────────────────────────────────────────────────────────┘ │
  ├──────────────────────────────────────────────────────────────────────────────────────────────────────────────────────┤
  │                               <Select>    < Exit >    < Help >    < Save >    < Load >                               │
  └──────────────────────────────────────────────────────────────────────────────────────────────────────────────────────┘



[menu] WALK MENU: /Device Drivers/DMABUF options
[menu] visible_entries=6 known_entries=6
[menu] POSITIONED SCREEN for [63]: '[*] Virtio drivers' by moving: delta:5 (prev:58, next:63)
[menu] CHILD SCREEN After ENTER [63]: '[*] Virtio drivers'
 .config - Linux/x86 5.10.270-gentoo-hardened1 Kernel Configuration
 → Device Drivers → Virtio drivers ─────────────────────────────────────────────────────────────────────────────────────────
  ┌─────────────────────────────────────────────────── Virtio drivers ───────────────────────────────────────────────────┐
  │  Arrow keys navigate the menu.  <Enter> selects submenus ---> (or empty submenus ----).  Highlighted letters are     │
  │  hotkeys.  Pressing <Y> includes, <N> excludes, <M> modularizes features.  Press <Esc><Esc> to exit, <?> for Help,   │
  │  </> for Search.  Legend: [*] built-in  [ ] excluded  <M> module  < > module capable                                 │
  │                                                                                                                      │
  │ ┌──────────────────────────────────────────────────────────────────────────────────────────────────────────────────┐ │
  │ │                      --- Virtio drivers                                                                          │ │
  │ │                      < >   PCI driver for virtio devices                                                         │ │
  │ │                      < >   Platform bus driver for memory mapped virtio devices                                  │ │
  │ └──────────────────────────────────────────────────────────────────────────────────────────────────────────────────┘ │
  ├──────────────────────────────────────────────────────────────────────────────────────────────────────────────────────┤
  │                               <Select>    < Exit >    < Help >    < Save >    < Load >                               │
  └──────────────────────────────────────────────────────────────────────────────────────────────────────────────────────┘



[menu] WALK MENU: /Device Drivers/[*] Virtio drivers
[menu] visible_entries=3 known_entries=3
[menu] POSITIONED SCREEN for [65]: '[*] VHOST drivers' by moving: delta:2 (prev:63, next:65)
[menu] CHILD SCREEN After ENTER [65]: '[*] VHOST drivers'
 .config - Linux/x86 5.10.270-gentoo-hardened1 Kernel Configuration
 → Device Drivers → VHOST drivers ──────────────────────────────────────────────────────────────────────────────────────────
  ┌─────────────────────────────────────────────────── VHOST drivers ────────────────────────────────────────────────────┐
  │  Arrow keys navigate the menu.  <Enter> selects submenus ---> (or empty submenus ----).  Highlighted letters are     │
  │  hotkeys.  Pressing <Y> includes, <N> excludes, <M> modularizes features.  Press <Esc><Esc> to exit, <?> for Help,   │
  │  </> for Search.  Legend: [*] built-in  [ ] excluded  <M> module  < > module capable                                 │
  │                                                                                                                      │
  │ ┌──────────────────────────────────────────────────────────────────────────────────────────────────────────────────┐ │
  │ │                      --- VHOST drivers                                                                           │ │
  │ │                      < >   Host kernel accelerator for virtio net                                                │ │
  │ │                      [ ]   Cross-endian support for vhost                                                        │ │
  │ └──────────────────────────────────────────────────────────────────────────────────────────────────────────────────┘ │
  ├──────────────────────────────────────────────────────────────────────────────────────────────────────────────────────┤
  │                               <Select>    < Exit >    < Help >    < Save >    < Load >                               │
  └──────────────────────────────────────────────────────────────────────────────────────────────────────────────────────┘



[menu] WALK MENU: /Device Drivers/[*] VHOST drivers
[menu] visible_entries=3 known_entries=3
[menu] POSITIONED SCREEN for [69]: '[*] X86 Platform Specific Device Drivers' by moving: delta:4 (prev:65, next:69)
[menu] CHILD SCREEN After ENTER [69]: '[*] X86 Platform Specific Device Drivers'
 .config - Linux/x86 5.10.270-gentoo-hardened1 Kernel Configuration
 → Device Drivers → X86 Platform Specific Device Drivers ───────────────────────────────────────────────────────────────────
  ┌──────────────────────────────────────── X86 Platform Specific Device Drivers ────────────────────────────────────────┐
  │  Arrow keys navigate the menu.  <Enter> selects submenus ---> (or empty submenus ----).  Highlighted letters are     │
  │  hotkeys.  Pressing <Y> includes, <N> excludes, <M> modularizes features.  Press <Esc><Esc> to exit, <?> for Help,   │
  │  </> for Search.  Legend: [*] built-in  [ ] excluded  <M> module  < > module capable                                 │
  │                                                                                                                      │
  │ ┌──────────────────────────────────────────────────────────────────────────────────────────────────────────────────┐ │
  │ │                      --- X86 Platform Specific Device Drivers                                                    │ │
  │ │                      < >   WMI                                                                                   │ │
  │ │                      < >   Acer Aspire One temperature and fan driver                                            │ │
  │ │                      < >   Acer Wireless Radio Control Driver                                                    │ │
  │ │                      < >   Apple Gmux Driver                                                                     │ │
  │ │                      < >   Asus Laptop Extras                                                                    │ │
  │ │                      < >   Asus Wireless Radio Control Driver                                                    │ │
  │ │                      <*>   Eee PC Hotkey Driver                                                                  │ │
  │ │                      < >   Dell Systems Management Base Driver                                                   │ │
  │ │                      < >     Dell SMBIOS driver                                                                  │ │
  │ │                      < >   Dell Airplane Mode Switch driver                                                      │ │
  │ │                      < >   BIOS update support for DELL systems via sysfs                                        │ │
  │ │                      < >   Dell Latitude freefall driver (ACPI SMO88XX)                                          │ │
  │ │                      < >   Fujitsu-Siemens Amilo rfkill support                                                  │ │
  │ │                      < >   Fujitsu Laptop Extras                                                                 │ │
  │ │                      < >   Fujitsu Tablet Extras                                                                 │ │
  │ │                      < >   GPD Pocket Fan Controller support                                                     │ │
  │ │                      < >   HP laptop accelerometer                                                               │ │
  │ │                      < >   HP wireless button                                                                    │ │
  │ │                      < >   Device driver to enable PRTL support                                                  │ │
  │ │                      < >   Lenovo IdeaPad Laptop Extras                                                          │ │
  │ │                      < >   Thinkpad Hard Drive Active Protection System (hdaps)                                  │ │
  │ │                      < >   ThinkPad ACPI Laptop Extras                                                           │ │
  │ │                      < >   Intel AtomISP2 dummy / power-management driver                                        │ │
  │ │                      < >   INTEL HID Event                                                                       │ │
  │ │                      < >   Thermal Management driver for Intel menlow platform                                   │ │
  │ │                      < >   Intel Oaktrail Platform Extras                                                        │ │
  │ │                      < >   INTEL VIRTUAL BUTTON                                                                  │ │
  │ │                      < >   Power/home/volume buttons driver for Microsoft Surface Pro 3/4 tablet                 │ │
  │ │                      < >   MSI Laptop Extras                                                                     │ │
  │ │                      < >   Samsung Laptop driver                                                                 │ │
  │ │                      < >   Samsung Q10 Extras                                                                    │ │
  │ │                      < >   Toshiba Bluetooth RFKill switch support                                               │ │
  │ │                      < >   Toshiba HDD Active Protection Sensor                                                  │ │
  │ │                      < >   CMPC Laptop Extras                                                                    │ │
  │ │                      < >   Compal (and others) Laptop Extras                                                     │ │
  │ │                      < >   Panasonic Laptop Extras                                                               │ │
  │ │                      < >   Sony Laptop Extras                                                                    │ │
  │ │                      < >   System76 ACPI Driver                                                                  │ │
  │ │                      < >   Topstar Laptop Extras                                                                 │ │
  │ │                      < >   Intel Intelligent Power Sharing                                                       │ │
  │ │                      < >   Intel Rapid Start Technology Driver                                                   │ │
  │ │                      < >   Intel Smart Connect disabling driver                                                  │ │
  │ │                            Intel Speed Select Technology interface support  --->                                 │ │
  │ │                      [ ]   Intel Turbo Boost Max Technology 3.0 enumeration driver                               │ │
  │ │                      < >   Intel Uncore frequency control driver                                                 │ │
  │ └──────────────────────↓(+)────────────────────────────────────────────────────────────────────────────────────────┘ │
  ├──────────────────────────────────────────────────────────────────────────────────────────────────────────────────────┤
  │                               <Select>    < Exit >    < Help >    < Save >    < Load >                               │
  └──────────────────────────────────────────────────────────────────────────────────────────────────────────────────────┘



[menu] WALK MENU: /Device Drivers/[*] X86 Platform Specific Device Drivers
[menu] visible_entries=46 known_entries=50
[menu] POSITIONED SCREEN for [43]: 'Intel Speed Select Technology interface support' by moving: delta:43 (prev:0, next:43)
[menu] CHILD SCREEN After ENTER [43]: 'Intel Speed Select Technology interface support'
 .config - Linux/x86 5.10.270-gentoo-hardened1 Kernel Configuration
 → Device Drivers → X86 Platform Specific Device Drivers → Intel Speed Select Technology interface support ─────────────────
  ┌────────────────────────────────── Intel Speed Select Technology interface support ───────────────────────────────────┐
  │  Arrow keys navigate the menu.  <Enter> selects submenus ---> (or empty submenus ----).  Highlighted letters are     │
  │  hotkeys.  Pressing <Y> includes, <N> excludes, <M> modularizes features.  Press <Esc><Esc> to exit, <?> for Help,   │
  │  </> for Search.  Legend: [*] built-in  [ ] excluded  <M> module  < > module capable                                 │
  │                                                                                                                      │
  │ ┌──────────────────────────────────────────────────────────────────────────────────────────────────────────────────┐ │
  │ │                      < > Intel(R) Speed Select Technology interface drivers                                      │ │
  │ └──────────────────────────────────────────────────────────────────────────────────────────────────────────────────┘ │
  ├──────────────────────────────────────────────────────────────────────────────────────────────────────────────────────┤
  │                               <Select>    < Exit >    < Help >    < Save >    < Load >                               │
  └──────────────────────────────────────────────────────────────────────────────────────────────────────────────────────┘



[menu] WALK MENU: /Device Drivers/[*] X86 Platform Specific Device Drivers/Intel Speed Select Technology interface support
[menu] visible_entries=1 known_entries=1
[menu] POSITIONED SCREEN for [77]: '-*- Mailbox Hardware Support' by moving: delta:8 (prev:69, next:77)
[menu] CHILD SCREEN After ENTER [77]: '-*- Mailbox Hardware Support'
 .config - Linux/x86 5.10.270-gentoo-hardened1 Kernel Configuration
 → Device Drivers → Mailbox Hardware Support ───────────────────────────────────────────────────────────────────────────────
  ┌────────────────────────────────────────────── Mailbox Hardware Support ──────────────────────────────────────────────┐
  │  Arrow keys navigate the menu.  <Enter> selects submenus ---> (or empty submenus ----).  Highlighted letters are     │
  │  hotkeys.  Pressing <Y> includes, <N> excludes, <M> modularizes features.  Press <Esc><Esc> to exit, <?> for Help,   │
  │  </> for Search.  Legend: [*] built-in  [ ] excluded  <M> module  < > module capable                                 │
  │                                                                                                                      │
  │ ┌──────────────────────────────────────────────────────────────────────────────────────────────────────────────────┐ │
  │ │                      --- Mailbox Hardware Support                                                                │ │
  │ │                      -*-   Platform Communication Channel Driver                                                 │ │
  │ │                      < >   Altera Mailbox                                                                        │ │
  │ └──────────────────────────────────────────────────────────────────────────────────────────────────────────────────┘ │
  ├──────────────────────────────────────────────────────────────────────────────────────────────────────────────────────┤
  │                               <Select>    < Exit >    < Help >    < Save >    < Load >                               │
  └──────────────────────────────────────────────────────────────────────────────────────────────────────────────────────┘



[menu] WALK MENU: /Device Drivers/-*- Mailbox Hardware Support
[menu] visible_entries=3 known_entries=3
[menu] POSITIONED SCREEN for [78]: '[*] IOMMU Hardware Support' by moving: delta:1 (prev:77, next:78)
[menu] CHILD SCREEN After ENTER [78]: '[*] IOMMU Hardware Support'
 .config - Linux/x86 5.10.270-gentoo-hardened1 Kernel Configuration
 → Device Drivers → IOMMU Hardware Support ─────────────────────────────────────────────────────────────────────────────────
  ┌─────────────────────────────────────────────── IOMMU Hardware Support ───────────────────────────────────────────────┐
  │  Arrow keys navigate the menu.  <Enter> selects submenus ---> (or empty submenus ----).  Highlighted letters are     │
  │  hotkeys.  Pressing <Y> includes, <N> excludes, <M> modularizes features.  Press <Esc><Esc> to exit, <?> for Help,   │
  │  </> for Search.  Legend: [*] built-in  [ ] excluded  <M> module  < > module capable                                 │
  │                                                                                                                      │
  │ ┌──────────────────────────────────────────────────────────────────────────────────────────────────────────────────┐ │
  │ │                      --- IOMMU Hardware Support                                                                  │ │
  │ │                            Generic IOMMU Pagetable Support  ----                                                 │ │
  │ │                      [ ]   Export IOMMU internals in DebugFS                                                     │ │
  │ │                      [ ]   IOMMU passthrough by default                                                          │ │
  │ │                      [*]   AMD IOMMU support                                                                     │ │
  │ │                      < >     AMD IOMMU Version 2 driver                                                          │ │
  │ │                      [*]   Support for Intel IOMMU using DMA Remapping Devices                                   │ │
  │ │                      [ ]     Support for Shared Virtual Memory with Intel IOMMU                                  │ │
  │ │                      [ ]     Enable Intel DMA Remapping Devices by default                                       │ │
  │ │                      [ ]     Enable Intel IOMMU scalable mode by default                                         │ │
  │ │                      [ ]   Support for Interrupt Remapping                                                       │ │
  │ └──────────────────────────────────────────────────────────────────────────────────────────────────────────────────┘ │
  ├──────────────────────────────────────────────────────────────────────────────────────────────────────────────────────┤
  │                               <Select>    < Exit >    < Help >    < Save >    < Load >                               │
  └──────────────────────────────────────────────────────────────────────────────────────────────────────────────────────┘



[menu] WALK MENU: /Device Drivers/[*] IOMMU Hardware Support
[menu] visible_entries=11 known_entries=11
[menu] POSITIONED SCREEN for [79]: 'Remoteproc drivers' by moving: delta:1 (prev:78, next:79)
[menu] CHILD SCREEN After ENTER [79]: 'Remoteproc drivers'
 .config - Linux/x86 5.10.270-gentoo-hardened1 Kernel Configuration
 → Device Drivers → Remoteproc drivers ─────────────────────────────────────────────────────────────────────────────────────
  ┌───────────────────────────────────────────────── Remoteproc drivers ─────────────────────────────────────────────────┐
  │  Arrow keys navigate the menu.  <Enter> selects submenus ---> (or empty submenus ----).  Highlighted letters are     │
  │  hotkeys.  Pressing <Y> includes, <N> excludes, <M> modularizes features.  Press <Esc><Esc> to exit, <?> for Help,   │
  │  </> for Search.  Legend: [*] built-in  [ ] excluded  <M> module  < > module capable                                 │
  │                                                                                                                      │
  │ ┌──────────────────────────────────────────────────────────────────────────────────────────────────────────────────┐ │
  │ │                      [ ] Support for Remote Processor subsystem                                                  │ │
  │ └──────────────────────────────────────────────────────────────────────────────────────────────────────────────────┘ │
  ├──────────────────────────────────────────────────────────────────────────────────────────────────────────────────────┤
  │                               <Select>    < Exit >    < Help >    < Save >    < Load >                               │
  └──────────────────────────────────────────────────────────────────────────────────────────────────────────────────────┘



[menu] WALK MENU: /Device Drivers/Remoteproc drivers
[menu] visible_entries=1 known_entries=1
[menu] POSITIONED SCREEN for [80]: 'Rpmsg drivers' by moving: delta:1 (prev:79, next:80)
[menu] CHILD SCREEN After ENTER [80]: 'Rpmsg drivers'
 .config - Linux/x86 5.10.270-gentoo-hardened1 Kernel Configuration
 → Device Drivers → Rpmsg drivers ──────────────────────────────────────────────────────────────────────────────────────────
  ┌─────────────────────────────────────────────────── Rpmsg drivers ────────────────────────────────────────────────────┐
  │  Arrow keys navigate the menu.  <Enter> selects submenus ---> (or empty submenus ----).  Highlighted letters are     │
  │  hotkeys.  Pressing <Y> includes, <N> excludes, <M> modularizes features.  Press <Esc><Esc> to exit, <?> for Help,   │
  │  </> for Search.  Legend: [*] built-in  [ ] excluded  <M> module  < > module capable                                 │
  │                                                                                                                      │
  │ ┌──────────────────────────────────────────────────────────────────────────────────────────────────────────────────┐ │
  │ │                      < > Qualcomm RPM Glink driver                                                               │ │
  │ │                      < > Virtio RPMSG bus driver                                                                 │ │
  │ └──────────────────────────────────────────────────────────────────────────────────────────────────────────────────┘ │
  ├──────────────────────────────────────────────────────────────────────────────────────────────────────────────────────┤
  │                               <Select>    < Exit >    < Help >    < Save >    < Load >                               │
  └──────────────────────────────────────────────────────────────────────────────────────────────────────────────────────┘



[menu] WALK MENU: /Device Drivers/Rpmsg drivers
[menu] visible_entries=2 known_entries=2
[menu] POSITIONED SCREEN for [82]: 'SOC (System On Chip) specific Drivers' by moving: delta:2 (prev:80, next:82)
[menu] CHILD SCREEN After ENTER [82]: 'SOC (System On Chip) specific Drivers'
 .config - Linux/x86 5.10.270-gentoo-hardened1 Kernel Configuration
 → Device Drivers → SOC (System On Chip) specific Drivers ──────────────────────────────────────────────────────────────────
  ┌─────────────────────────────────────── SOC (System On Chip) specific Drivers ────────────────────────────────────────┐
  │  Arrow keys navigate the menu.  <Enter> selects submenus ---> (or empty submenus ----).  Highlighted letters are     │
  │  hotkeys.  Pressing <Y> includes, <N> excludes, <M> modularizes features.  Press <Esc><Esc> to exit, <?> for Help,   │
  │  </> for Search.  Legend: [*] built-in  [ ] excluded  <M> module  < > module capable                                 │
  │                                                                                                                      │
  │ ┌──────────────────────────────────────────────────────────────────────────────────────────────────────────────────┐ │
  │ │                          Amlogic SoC drivers  ----                                                               │ │
  │ │                          Aspeed SoC drivers  ----                                                                │ │
  │ │                          Broadcom SoC drivers  ----                                                              │ │
  │ │                          NXP/Freescale QorIQ SoC drivers  ----                                                   │ │
  │ │                          i.MX SoC drivers  ----                                                                  │ │
  │ │                          Qualcomm SoC drivers  ----                                                              │ │
  │ │                      [ ] TI SOC drivers support  ----                                                            │ │
  │ │                          Xilinx SoC drivers  --->                                                                │ │
  │ └──────────────────────────────────────────────────────────────────────────────────────────────────────────────────┘ │
  ├──────────────────────────────────────────────────────────────────────────────────────────────────────────────────────┤
  │                               <Select>    < Exit >    < Help >    < Save >    < Load >                               │
  └──────────────────────────────────────────────────────────────────────────────────────────────────────────────────────┘



[menu] WALK MENU: /Device Drivers/SOC (System On Chip) specific Drivers
[menu] visible_entries=8 known_entries=8
[menu] POSITIONED SCREEN for [7]: 'Xilinx SoC drivers' by moving: delta:7 (prev:0, next:7)
[menu] CHILD SCREEN After ENTER [7]: 'Xilinx SoC drivers'
 .config - Linux/x86 5.10.270-gentoo-hardened1 Kernel Configuration
 → Device Drivers → SOC (System On Chip) specific Drivers → Xilinx SoC drivers ─────────────────────────────────────────────
  ┌───────────────────────────────────────────────── Xilinx SoC drivers ─────────────────────────────────────────────────┐
  │  Arrow keys navigate the menu.  <Enter> selects submenus ---> (or empty submenus ----).  Highlighted letters are     │
  │  hotkeys.  Pressing <Y> includes, <N> excludes, <M> modularizes features.  Press <Esc><Esc> to exit, <?> for Help,   │
  │  </> for Search.  Legend: [*] built-in  [ ] excluded  <M> module  < > module capable                                 │
  │                                                                                                                      │
  │ ┌──────────────────────────────────────────────────────────────────────────────────────────────────────────────────┐ │
  │ │                      < > Xilinx VCU logicoreIP Init                                                              │ │
  │ └──────────────────────────────────────────────────────────────────────────────────────────────────────────────────┘ │
  ├──────────────────────────────────────────────────────────────────────────────────────────────────────────────────────┤
  │                               <Select>    < Exit >    < Help >    < Save >    < Load >                               │
  └──────────────────────────────────────────────────────────────────────────────────────────────────────────────────────┘



[menu] WALK MENU: /Device Drivers/SOC (System On Chip) specific Drivers/Xilinx SoC drivers
[menu] visible_entries=1 known_entries=1
[menu] POSITIONED SCREEN for [93]: 'PHY Subsystem' by moving: delta:11 (prev:82, next:93)
[menu] CHILD SCREEN After ENTER [93]: 'PHY Subsystem'
 .config - Linux/x86 5.10.270-gentoo-hardened1 Kernel Configuration
 → Device Drivers → PHY Subsystem ──────────────────────────────────────────────────────────────────────────────────────────
  ┌─────────────────────────────────────────────────── PHY Subsystem ────────────────────────────────────────────────────┐
  │  Arrow keys navigate the menu.  <Enter> selects submenus ---> (or empty submenus ----).  Highlighted letters are     │
  │  hotkeys.  Pressing <Y> includes, <N> excludes, <M> modularizes features.  Press <Esc><Esc> to exit, <?> for Help,   │
  │  </> for Search.  Legend: [*] built-in  [ ] excluded  <M> module  < > module capable                                 │
  │                                                                                                                      │
  │ ┌──────────────────────────────────────────────────────────────────────────────────────────────────────────────────┐ │
  │ │                      [ ] PHY Core                                                                                │ │
  │ │                      < > INTEL Lightning Mountain USB PHY Driver                                                 │ │
  │ │                      < > Broadcom Kona USB2 PHY Driver                                                           │ │
  │ │                      < > Marvell USB HSIC 28nm PHY Driver                                                        │ │
  │ │                      < > Marvell USB 2.0 28nm PHY Driver                                                         │ │
  │ │                      < > Intel Lightning Mountain EMMC PHY driver                                                │ │
  │ └──────────────────────────────────────────────────────────────────────────────────────────────────────────────────┘ │
  ├──────────────────────────────────────────────────────────────────────────────────────────────────────────────────────┤
  │                               <Select>    < Exit >    < Help >    < Save >    < Load >                               │
  └──────────────────────────────────────────────────────────────────────────────────────────────────────────────────────┘



[menu] WALK MENU: /Device Drivers/PHY Subsystem
[menu] visible_entries=6 known_entries=6
[menu] POSITIONED SCREEN for [99]: 'Android' by moving: delta:6 (prev:93, next:99)
[menu] CHILD SCREEN After ENTER [99]: 'Android'
 .config - Linux/x86 5.10.270-gentoo-hardened1 Kernel Configuration
 → Device Drivers → Android ────────────────────────────────────────────────────────────────────────────────────────────────
  ┌────────────────────────────────────────────────────── Android ───────────────────────────────────────────────────────┐
  │  Arrow keys navigate the menu.  <Enter> selects submenus ---> (or empty submenus ----).  Highlighted letters are     │
  │  hotkeys.  Pressing <Y> includes, <N> excludes, <M> modularizes features.  Press <Esc><Esc> to exit, <?> for Help,   │
  │  </> for Search.  Legend: [*] built-in  [ ] excluded  <M> module  < > module capable                                 │
  │                                                                                                                      │
  │ ┌──────────────────────────────────────────────────────────────────────────────────────────────────────────────────┐ │
  │ │                      [ ] Android Drivers                                                                         │ │
  │ └──────────────────────────────────────────────────────────────────────────────────────────────────────────────────┘ │
  ├──────────────────────────────────────────────────────────────────────────────────────────────────────────────────────┤
  │                               <Select>    < Exit >    < Help >    < Save >    < Load >                               │
  └──────────────────────────────────────────────────────────────────────────────────────────────────────────────────────┘



[menu] WALK MENU: /Device Drivers/Android
[menu] visible_entries=1 known_entries=1
[menu] POSITIONED SCREEN for [102]: '-*- NVMEM Support' by moving: delta:3 (prev:99, next:102)
[menu] CHILD SCREEN After ENTER [102]: '-*- NVMEM Support'
 .config - Linux/x86 5.10.270-gentoo-hardened1 Kernel Configuration
 → Device Drivers → NVMEM Support ──────────────────────────────────────────────────────────────────────────────────────────
  ┌─────────────────────────────────────────────────── NVMEM Support ────────────────────────────────────────────────────┐
  │  Arrow keys navigate the menu.  <Enter> selects submenus ---> (or empty submenus ----).  Highlighted letters are     │
  │  hotkeys.  Pressing <Y> includes, <N> excludes, <M> modularizes features.  Press <Esc><Esc> to exit, <?> for Help,   │
  │  </> for Search.  Legend: [*] built-in  [ ] excluded  <M> module  < > module capable                                 │
  │                                                                                                                      │
  │ ┌──────────────────────────────────────────────────────────────────────────────────────────────────────────────────┐ │
  │ │                      --- NVMEM Support                                                                           │ │
  │ │                      [*]   /sys/bus/nvmem/devices/*/nvmem (sysfs interface)                                      │ │
  │ └──────────────────────────────────────────────────────────────────────────────────────────────────────────────────┘ │
  ├──────────────────────────────────────────────────────────────────────────────────────────────────────────────────────┤
  │                               <Select>    < Exit >    < Help >    < Save >    < Load >                               │
  └──────────────────────────────────────────────────────────────────────────────────────────────────────────────────────┘



[menu] WALK MENU: /Device Drivers/-*- NVMEM Support
[menu] visible_entries=2 known_entries=2
[menu] POSITIONED SCREEN for [103]: 'HW tracing support' by moving: delta:1 (prev:102, next:103)
[menu] CHILD SCREEN After ENTER [103]: 'HW tracing support'
 .config - Linux/x86 5.10.270-gentoo-hardened1 Kernel Configuration
 → Device Drivers → HW tracing support ─────────────────────────────────────────────────────────────────────────────────────
  ┌───────────────────────────────────────────────── HW tracing support ─────────────────────────────────────────────────┐
  │  Arrow keys navigate the menu.  <Enter> selects submenus ---> (or empty submenus ----).  Highlighted letters are     │
  │  hotkeys.  Pressing <Y> includes, <N> excludes, <M> modularizes features.  Press <Esc><Esc> to exit, <?> for Help,   │
  │  </> for Search.  Legend: [*] built-in  [ ] excluded  <M> module  < > module capable                                 │
  │                                                                                                                      │
  │ ┌──────────────────────────────────────────────────────────────────────────────────────────────────────────────────┐ │
  │ │                      < > System Trace Module devices                                                             │ │
  │ │                      < > Intel(R) Trace Hub controller                                                           │ │
  │ └──────────────────────────────────────────────────────────────────────────────────────────────────────────────────┘ │
  ├──────────────────────────────────────────────────────────────────────────────────────────────────────────────────────┤
  │                               <Select>    < Exit >    < Help >    < Save >    < Load >                               │
  └──────────────────────────────────────────────────────────────────────────────────────────────────────────────────────┘



[menu] WALK MENU: /Device Drivers/HW tracing support
[menu] visible_entries=2 known_entries=2
[menu] POSITIONED SCREEN for [17]: 'File systems' by moving: delta:1 (prev:16, next:17)
[menu] CHILD SCREEN After ENTER [17]: 'File systems'
 .config - Linux/x86 5.10.270-gentoo-hardened1 Kernel Configuration
 → File systems ────────────────────────────────────────────────────────────────────────────────────────────────────────────
  ┌──────────────────────────────────────────────────── File systems ────────────────────────────────────────────────────┐
  │  Arrow keys navigate the menu.  <Enter> selects submenus ---> (or empty submenus ----).  Highlighted letters are     │
  │  hotkeys.  Pressing <Y> includes, <N> excludes, <M> modularizes features.  Press <Esc><Esc> to exit, <?> for Help,   │
  │  </> for Search.  Legend: [*] built-in  [ ] excluded  <M> module  < > module capable                                 │
  │                                                                                                                      │
  │ ┌──────────────────────────────────────────────────────────────────────────────────────────────────────────────────┐ │
  │ │                      [ ] Validate filesystem parameter description                                               │ │
  │ │                      < > Second extended fs support                                                              │ │
  │ │                      < > The Extended 3 (ext3) filesystem                                                        │ │
  │ │                      <*> The Extended 4 (ext4) filesystem                                                        │ │
  │ │                      [*]   Use ext4 for ext2 file systems                                                        │ │
  │ │                      [*]   Ext4 POSIX Access Control Lists                                                       │ │
  │ │                      [*]   Ext4 Security Labels                                                                  │ │
  │ │                      [ ]   Ext4 debugging support                                                                │ │
  │ │                      [ ] JBD2 (ext4) debugging support                                                           │ │
  │ │                      < > Reiserfs support                                                                        │ │
  │ │                      < > JFS filesystem support                                                                  │ │
  │ │                      < > XFS filesystem support                                                                  │ │
  │ │                      < > GFS2 file system support                                                                │ │
  │ │                      < > Btrfs filesystem support                                                                │ │
  │ │                      < > NILFS2 file system support                                                              │ │
  │ │                      < > F2FS filesystem support                                                                 │ │
  │ │                      [ ] Direct Access (DAX) support                                                             │ │
  │ │                      [ ] Enable filesystem export operations for block IO                                        │ │
  │ │                      -*- Enable POSIX file locking API                                                           │ │
  │ │                      [*]   Enable Mandatory file locking                                                         │ │
  │ │                      [ ] FS Encryption (Per-file encryption)                                                     │ │
  │ │                      [ ] FS Verity (read-only file-based authenticity protection)                                │ │
  │ │                      [*] Dnotify support                                                                         │ │
  │ │                      -*- Inotify support for userspace                                                           │ │
  │ │                      [ ] Filesystem wide access notification                                                     │ │
  │ │                      [*] Quota support                                                                           │ │
  │ │                      [*] Report quota messages through netlink interface                                         │ │
  │ │                      [ ] Print quota warnings to console (OBSOLETE)                                              │ │
  │ │                      [ ] Additional quota sanity checks                                                          │ │
  │ │                      < > Old quota format support                                                                │ │
  │ │                      <*> Quota format vfsv0 and vfsv1 support                                                    │ │
  │ │                      <*> Old Kconfig name for Kernel automounter support                                         │ │
  │ │                      -*- Kernel automounter support (supports v3, v4 and v5)                                     │ │
  │ │                      < > FUSE (Filesystem in Userspace) support                                                  │ │
  │ │                      < > Overlay filesystem support                                                              │ │
  │ │                          Caches  --->                                                                            │ │
  │ │                          CD-ROM/DVD Filesystems  --->                                                            │ │
  │ │                          DOS/FAT/EXFAT/NT Filesystems  --->                                                      │ │
  │ │                          Pseudo filesystems  --->                                                                │ │
  │ │                      [*] Miscellaneous filesystems  --->                                                         │ │
  │ │                      [*] Network File Systems  --->                                                              │ │
  │ │                      -*- Native language support  --->                                                           │ │
  │ │                      [ ] UTF-8 normalization and casefolding support                                             │ │
  │ └──────────────────────────────────────────────────────────────────────────────────────────────────────────────────┘ │
  ├──────────────────────────────────────────────────────────────────────────────────────────────────────────────────────┤
  │                               <Select>    < Exit >    < Help >    < Save >    < Load >                               │
  └──────────────────────────────────────────────────────────────────────────────────────────────────────────────────────┘



[menu] WALK MENU: /File systems
[menu] visible_entries=43 known_entries=43
[menu] POSITIONED SCREEN for [35]: 'Caches' by moving: delta:35 (prev:0, next:35)
[menu] CHILD SCREEN After ENTER [35]: 'Caches'
 .config - Linux/x86 5.10.270-gentoo-hardened1 Kernel Configuration
 → File systems → Caches ───────────────────────────────────────────────────────────────────────────────────────────────────
  ┌─────────────────────────────────────────────────────── Caches ───────────────────────────────────────────────────────┐
  │  Arrow keys navigate the menu.  <Enter> selects submenus ---> (or empty submenus ----).  Highlighted letters are     │
  │  hotkeys.  Pressing <Y> includes, <N> excludes, <M> modularizes features.  Press <Esc><Esc> to exit, <?> for Help,   │
  │  </> for Search.  Legend: [*] built-in  [ ] excluded  <M> module  < > module capable                                 │
  │                                                                                                                      │
  │ ┌──────────────────────────────────────────────────────────────────────────────────────────────────────────────────┐ │
  │ │                      < > General filesystem local caching manager                                                │ │
  │ └──────────────────────────────────────────────────────────────────────────────────────────────────────────────────┘ │
  ├──────────────────────────────────────────────────────────────────────────────────────────────────────────────────────┤
  │                               <Select>    < Exit >    < Help >    < Save >    < Load >                               │
  └──────────────────────────────────────────────────────────────────────────────────────────────────────────────────────┘



[menu] WALK MENU: /File systems/Caches
[menu] visible_entries=1 known_entries=1
[menu] POSITIONED SCREEN for [36]: 'CD-ROM/DVD Filesystems' by moving: delta:1 (prev:35, next:36)
[menu] CHILD SCREEN After ENTER [36]: 'CD-ROM/DVD Filesystems'
 .config - Linux/x86 5.10.270-gentoo-hardened1 Kernel Configuration
 → File systems → CD-ROM/DVD Filesystems ───────────────────────────────────────────────────────────────────────────────────
  ┌─────────────────────────────────────────────── CD-ROM/DVD Filesystems ───────────────────────────────────────────────┐
  │  Arrow keys navigate the menu.  <Enter> selects submenus ---> (or empty submenus ----).  Highlighted letters are     │
  │  hotkeys.  Pressing <Y> includes, <N> excludes, <M> modularizes features.  Press <Esc><Esc> to exit, <?> for Help,   │
  │  </> for Search.  Legend: [*] built-in  [ ] excluded  <M> module  < > module capable                                 │
  │                                                                                                                      │
  │ ┌──────────────────────────────────────────────────────────────────────────────────────────────────────────────────┐ │
  │ │                      <*> ISO 9660 CDROM file system support                                                      │ │
  │ │                      [*]   Microsoft Joliet CDROM extensions                                                     │ │
  │ │                      [*]   Transparent decompression extension                                                   │ │
  │ │                      < > UDF file system support                                                                 │ │
  │ └──────────────────────────────────────────────────────────────────────────────────────────────────────────────────┘ │
  ├──────────────────────────────────────────────────────────────────────────────────────────────────────────────────────┤
  │                               <Select>    < Exit >    < Help >    < Save >    < Load >                               │
  └──────────────────────────────────────────────────────────────────────────────────────────────────────────────────────┘



[menu] WALK MENU: /File systems/CD-ROM/DVD Filesystems
[menu] visible_entries=4 known_entries=4
[menu] POSITIONED SCREEN for [37]: 'DOS/FAT/EXFAT/NT Filesystems' by moving: delta:1 (prev:36, next:37)
[menu] CHILD SCREEN After ENTER [37]: 'DOS/FAT/EXFAT/NT Filesystems'
 .config - Linux/x86 5.10.270-gentoo-hardened1 Kernel Configuration
 → File systems → DOS/FAT/EXFAT/NT Filesystems ─────────────────────────────────────────────────────────────────────────────
  ┌──────────────────────────────────────────── DOS/FAT/EXFAT/NT Filesystems ────────────────────────────────────────────┐
  │  Arrow keys navigate the menu.  <Enter> selects submenus ---> (or empty submenus ----).  Highlighted letters are     │
  │  hotkeys.  Pressing <Y> includes, <N> excludes, <M> modularizes features.  Press <Esc><Esc> to exit, <?> for Help,   │
  │  </> for Search.  Legend: [*] built-in  [ ] excluded  <M> module  < > module capable                                 │
  │                                                                                                                      │
  │ ┌──────────────────────────────────────────────────────────────────────────────────────────────────────────────────┐ │
  │ │                      <*> MSDOS fs support                                                                        │ │
  │ │                      <*> VFAT (Windows-95) fs support                                                            │ │
  │ │                      (437) Default codepage for FAT                                                              │ │
  │ │                      (iso8859-1) Default iocharset for FAT                                                       │ │
  │ │                      [ ]   Enable FAT UTF-8 option by default                                                    │ │
  │ │                      < > exFAT filesystem support                                                                │ │
  │ │                      < > NTFS file system support                                                                │ │
  │ └──────────────────────────────────────────────────────────────────────────────────────────────────────────────────┘ │
  ├──────────────────────────────────────────────────────────────────────────────────────────────────────────────────────┤
  │                               <Select>    < Exit >    < Help >    < Save >    < Load >                               │
  └──────────────────────────────────────────────────────────────────────────────────────────────────────────────────────┘



[menu] WALK MENU: /File systems/DOS/FAT/EXFAT/NT Filesystems
[menu] visible_entries=7 known_entries=7
[menu] POSITIONED SCREEN for [38]: 'Pseudo filesystems' by moving: delta:1 (prev:37, next:38)
[menu] CHILD SCREEN After ENTER [38]: 'Pseudo filesystems'
 .config - Linux/x86 5.10.270-gentoo-hardened1 Kernel Configuration
 → File systems → Pseudo filesystems ───────────────────────────────────────────────────────────────────────────────────────
  ┌───────────────────────────────────────────────── Pseudo filesystems ─────────────────────────────────────────────────┐
  │  Arrow keys navigate the menu.  <Enter> selects submenus ---> (or empty submenus ----).  Highlighted letters are     │
  │  hotkeys.  Pressing <Y> includes, <N> excludes, <M> modularizes features.  Press <Esc><Esc> to exit, <?> for Help,   │
  │  </> for Search.  Legend: [*] built-in  [ ] excluded  <M> module  < > module capable                                 │
  │                                                                                                                      │
  │ ┌──────────────────────────────────────────────────────────────────────────────────────────────────────────────────┐ │
  │ │                      -*- /proc file system support                                                               │ │
  │ │                      [*]   /proc/kcore support                                                                   │ │
  │ │                      [ ]   /proc/vmcore support                                                                  │ │
  │ │                      [ ] Include /proc/<pid>/task/<tid>/children file                                            │ │
  │ │                      -*- Tmpfs virtual memory file system support (former shm fs)                                │ │
  │ │                      [*]   Tmpfs POSIX Access Control Lists                                                      │ │
  │ │                      -*-   Tmpfs extended attributes                                                             │ │
  │ │                      [ ]   Use 64-bit ino_t by default in tmpfs                                                  │ │
  │ │                      [*] HugeTLB file system support                                                             │ │
  │ │                      < > Userspace-driven configuration filesystem                                               │ │
  │ │                      <M> EFI Variable filesystem                                                                 │ │
  │ └──────────────────────────────────────────────────────────────────────────────────────────────────────────────────┘ │
  ├──────────────────────────────────────────────────────────────────────────────────────────────────────────────────────┤
  │                               <Select>    < Exit >    < Help >    < Save >    < Load >                               │
  └──────────────────────────────────────────────────────────────────────────────────────────────────────────────────────┘



[menu] WALK MENU: /File systems/Pseudo filesystems
[menu] visible_entries=11 known_entries=11
[menu] POSITIONED SCREEN for [39]: '[*] Miscellaneous filesystems' by moving: delta:1 (prev:38, next:39)
[menu] CHILD SCREEN After ENTER [39]: '[*] Miscellaneous filesystems'
 .config - Linux/x86 5.10.270-gentoo-hardened1 Kernel Configuration
 → File systems → Miscellaneous filesystems ────────────────────────────────────────────────────────────────────────────────
  ┌───────────────────────────────────────────── Miscellaneous filesystems ──────────────────────────────────────────────┐
  │  Arrow keys navigate the menu.  <Enter> selects submenus ---> (or empty submenus ----).  Highlighted letters are     │
  │  hotkeys.  Pressing <Y> includes, <N> excludes, <M> modularizes features.  Press <Esc><Esc> to exit, <?> for Help,   │
  │  </> for Search.  Legend: [*] built-in  [ ] excluded  <M> module  < > module capable                                 │
  │                                                                                                                      │
  │ ┌──────────────────────────────────────────────────────────────────────────────────────────────────────────────────┐ │
  │ │                      --- Miscellaneous filesystems                                                               │ │
  │ │                      < >   ORANGEFS (Powered by PVFS) support                                                    │ │
  │ │                      < >   ADFS file system support                                                              │ │
  │ │                      < >   Amiga FFS file system support                                                         │ │
  │ │                      < >   eCrypt filesystem layer support                                                       │ │
  │ │                      < >   Apple Macintosh file system support                                                   │ │
  │ │                      < >   Apple Extended HFS file system support                                                │ │
  │ │                      < >   BeOS file system (BeFS) support (read only)                                           │ │
  │ │                      < >   BFS file system support                                                               │ │
  │ │                      < >   EFS file system support (read only)                                                   │ │
  │ │                      < >   Compressed ROM file system support (cramfs)                                           │ │
  │ │                      < >   SquashFS 4.0 - Squashed file system support                                           │ │
  │ │                      < >   FreeVxFS file system support (VERITAS VxFS(TM) compatible)                            │ │
  │ │                      < >   Minix file system support                                                             │ │
  │ │                      < >   SonicBlue Optimized MPEG File System support                                          │ │
  │ │                      < >   OS/2 HPFS file system support                                                         │ │
  │ │                      < >   QNX4 file system support (read only)                                                  │ │
  │ │                      < >   QNX6 file system support (read only)                                                  │ │
  │ │                      < >   ROM file system support                                                               │ │
  │ │                      < >   Persistent store support                                                              │ │
  │ │                      < >   System V/Xenix/V7/Coherent file system support                                        │ │
  │ │                      < >   UFS file system support (read only)                                                   │ │
  │ │                      < >   EROFS filesystem support                                                              │ │
  │ └──────────────────────────────────────────────────────────────────────────────────────────────────────────────────┘ │
  ├──────────────────────────────────────────────────────────────────────────────────────────────────────────────────────┤
  │                               <Select>    < Exit >    < Help >    < Save >    < Load >                               │
  └──────────────────────────────────────────────────────────────────────────────────────────────────────────────────────┘



[menu] WALK MENU: /File systems/[*] Miscellaneous filesystems
[menu] visible_entries=23 known_entries=23
[menu] POSITIONED SCREEN for [40]: '[*] Network File Systems' by moving: delta:1 (prev:39, next:40)
[menu] CHILD SCREEN After ENTER [40]: '[*] Network File Systems'
 .config - Linux/x86 5.10.270-gentoo-hardened1 Kernel Configuration
 → File systems → Network File Systems ─────────────────────────────────────────────────────────────────────────────────────
  ┌──────────────────────────────────────────────── Network File Systems ────────────────────────────────────────────────┐
  │  Arrow keys navigate the menu.  <Enter> selects submenus ---> (or empty submenus ----).  Highlighted letters are     │
  │  hotkeys.  Pressing <Y> includes, <N> excludes, <M> modularizes features.  Press <Esc><Esc> to exit, <?> for Help,   │
  │  </> for Search.  Legend: [*] built-in  [ ] excluded  <M> module  < > module capable                                 │
  │                                                                                                                      │
  │ ┌──────────────────────────────────────────────────────────────────────────────────────────────────────────────────┐ │
  │ │                      --- Network File Systems                                                                    │ │
  │ │                      <*>   NFS client support                                                                    │ │
  │ │                      <*>     NFS client support for NFS version 2                                                │ │
  │ │                      <*>     NFS client support for NFS version 3                                                │ │
  │ │                      [*]       NFS client support for the NFSv3 ACL protocol extension                           │ │
  │ │                      <*>     NFS client support for NFS version 4                                                │ │
  │ │                      [ ]     Provide swap over NFS support                                                       │ │
  │ │                      [ ]   NFS client support for NFSv4.1                                                        │ │
  │ │                      [*]   Root file system on NFS                                                               │ │
  │ │                      [ ]   Use the legacy NFS DNS resolver                                                       │ │
  │ │                      [*]   NFS: Disable NFS UDP protocol support                                                 │ │
  │ │                      < >   NFS server support                                                                    │ │
  │ │                      [ ]   RPC: Enable dprintk debugging                                                         │ │
  │ │                      < >   Ceph distributed file system                                                          │ │
  │ │                      < >   SMB3 and CIFS support (advanced network filesystem)                                   │ │
  │ │                      < >   Coda file system support (advanced network fs)                                        │ │
  │ │                      < >   Andrew File System support (AFS)                                                      │ │
  │ └──────────────────────────────────────────────────────────────────────────────────────────────────────────────────┘ │
  ├──────────────────────────────────────────────────────────────────────────────────────────────────────────────────────┤
  │                               <Select>    < Exit >    < Help >    < Save >    < Load >                               │
  └──────────────────────────────────────────────────────────────────────────────────────────────────────────────────────┘



[menu] WALK MENU: /File systems/[*] Network File Systems
[menu] visible_entries=17 known_entries=17
[menu] POSITIONED SCREEN for [41]: '-*- Native language support' by moving: delta:1 (prev:40, next:41)
[menu] CHILD SCREEN After ENTER [41]: '-*- Native language support'
 .config - Linux/x86 5.10.270-gentoo-hardened1 Kernel Configuration
 → File systems → Native language support ──────────────────────────────────────────────────────────────────────────────────
  ┌────────────────────────────────────────────── Native language support ───────────────────────────────────────────────┐
  │  Arrow keys navigate the menu.  <Enter> selects submenus ---> (or empty submenus ----).  Highlighted letters are     │
  │  hotkeys.  Pressing <Y> includes, <N> excludes, <M> modularizes features.  Press <Esc><Esc> to exit, <?> for Help,   │
  │  </> for Search.  Legend: [*] built-in  [ ] excluded  <M> module  < > module capable                                 │
  │                                                                                                                      │
  │ ┌──────────────────────────────────────────────────────────────────────────────────────────────────────────────────┐ │
  │ │                      --- Native language support                                                                 │ │
  │ │                      (utf8) Default NLS Option                                                                   │ │
  │ │                      <*>   Codepage 437 (United States, Canada)                                                  │ │
  │ │                      < >   Codepage 737 (Greek)                                                                  │ │
  │ │                      < >   Codepage 775 (Baltic Rim)                                                             │ │
  │ │                      < >   Codepage 850 (Europe)                                                                 │ │
  │ │                      < >   Codepage 852 (Central/Eastern Europe)                                                 │ │
  │ │                      < >   Codepage 855 (Cyrillic)                                                               │ │
  │ │                      < >   Codepage 857 (Turkish)                                                                │ │
  │ │                      < >   Codepage 860 (Portuguese)                                                             │ │
  │ │                      < >   Codepage 861 (Icelandic)                                                              │ │
  │ │                      < >   Codepage 862 (Hebrew)                                                                 │ │
  │ │                      < >   Codepage 863 (Canadian French)                                                        │ │
  │ │                      < >   Codepage 864 (Arabic)                                                                 │ │
  │ │                      < >   Codepage 865 (Norwegian, Danish)                                                      │ │
  │ │                      < >   Codepage 866 (Cyrillic/Russian)                                                       │ │
  │ │                      < >   Codepage 869 (Greek)                                                                  │ │
  │ │                      < >   Simplified Chinese charset (CP936, GB2312)                                            │ │
  │ │                      < >   Traditional Chinese charset (Big5)                                                    │ │
  │ │                      < >   Japanese charsets (Shift-JIS, EUC-JP)                                                 │ │
  │ │                      < >   Korean charset (CP949, EUC-KR)                                                        │ │
  │ │                      < >   Thai charset (CP874, TIS-620)                                                         │ │
  │ │                      < >   Hebrew charsets (ISO-8859-8, CP1255)                                                  │ │
  │ │                      < >   Windows CP1250 (Slavic/Central European Languages)                                    │ │
  │ │                      < >   Windows CP1251 (Bulgarian, Belarusian)                                                │ │
  │ │                      <*>   ASCII (United States)                                                                 │ │
  │ │                      <*>   NLS ISO 8859-1  (Latin 1; Western European Languages)                                 │ │
  │ │                      < >   NLS ISO 8859-2  (Latin 2; Slavic/Central European Languages)                          │ │
  │ │                      < >   NLS ISO 8859-3  (Latin 3; Esperanto, Galician, Maltese, Turkish)                      │ │
  │ │                      < >   NLS ISO 8859-4  (Latin 4; old Baltic charset)                                         │ │
  │ │                      < >   NLS ISO 8859-5  (Cyrillic)                                                            │ │
  │ │                      < >   NLS ISO 8859-6  (Arabic)                                                              │ │
  │ │                      < >   NLS ISO 8859-7  (Modern Greek)                                                        │ │
  │ │                      < >   NLS ISO 8859-9  (Latin 5; Turkish)                                                    │ │
  │ │                      < >   NLS ISO 8859-13 (Latin 7; Baltic)                                                     │ │
  │ │                      < >   NLS ISO 8859-14 (Latin 8; Celtic)                                                     │ │
  │ │                      < >   NLS ISO 8859-15 (Latin 9; Western European Languages with Euro)                       │ │
  │ │                      < >   NLS KOI8-R (Russian)                                                                  │ │
  │ │                      < >   NLS KOI8-U/RU (Ukrainian, Belarusian)                                                 │ │
  │ │                      < >   Codepage macroman                                                                     │ │
  │ │                      < >   Codepage macceltic                                                                    │ │
  │ │                      < >   Codepage maccenteuro                                                                  │ │
  │ │                      < >   Codepage maccroatian                                                                  │ │
  │ │                      < >   Codepage maccyrillic                                                                  │ │
  │ │                      < >   Codepage macgaelic                                                                    │ │
  │ │                      < >   Codepage macgreek                                                                     │ │
  │ └──────────────────────↓(+)────────────────────────────────────────────────────────────────────────────────────────┘ │
  ├──────────────────────────────────────────────────────────────────────────────────────────────────────────────────────┤
  │                               <Select>    < Exit >    < Help >    < Save >    < Load >                               │
  └──────────────────────────────────────────────────────────────────────────────────────────────────────────────────────┘



[menu] WALK MENU: /File systems/-*- Native language support
[menu] visible_entries=46 known_entries=51
[menu] POSITIONED SCREEN for [18]: 'Security options' by moving: delta:1 (prev:17, next:18)
[menu] CHILD SCREEN After ENTER [18]: 'Security options'
 .config - Linux/x86 5.10.270-gentoo-hardened1 Kernel Configuration
 → Security options ────────────────────────────────────────────────────────────────────────────────────────────────────────
  ┌────────────────────────────────────────────────── Security options ──────────────────────────────────────────────────┐
  │  Arrow keys navigate the menu.  <Enter> selects submenus ---> (or empty submenus ----).  Highlighted letters are     │
  │  hotkeys.  Pressing <Y> includes, <N> excludes, <M> modularizes features.  Press <Esc><Esc> to exit, <?> for Help,   │
  │  </> for Search.  Legend: [*] built-in  [ ] excluded  <M> module  < > module capable                                 │
  │                                                                                                                      │
  │ ┌──────────────────────────────────────────────────────────────────────────────────────────────────────────────────┐ │
  │ │                      -*- Enable access key retention support                                                     │ │
  │ │                      [ ]   Enable temporary caching of the last request_key() result                             │ │
  │ │                      [ ]   Enable register of persistent per-UID keyrings                                        │ │
  │ │                      < >   ENCRYPTED KEYS                                                                        │ │
  │ │                      [ ]   Diffie-Hellman operations on retained keys                                            │ │
  │ │                      [*] Restrict unprivileged access to the kernel syslog                                       │ │
  │ │                      [*] Restrict unprivileged use of performance events                                         │ │
  │ │                      [*] Restrict unprivileged use of tiocsti command injection                                  │ │
  │ │                          Allow /proc/pid/mem access override (Traditional /proc/pid/mem behavior)  --->          │ │
  │ │                      [*] Enable different security models                                                        │ │
  │ │                      [ ] Enable the securityfs filesystem                                                        │ │
  │ │                      [*] Socket and Networking Security Hooks                                                    │ │
  │ │                      [ ] XFRM (IPSec) Networking Security Hooks                                                  │ │
  │ │                      [ ] Security hooks for pathname based access control                                        │ │
  │ │                      [ ] Enable Intel(R) Trusted Execution Technology (Intel(R) TXT)                             │ │
  │ │                      (65536) Low address space for LSM to protect from user allocation                           │ │
  │ │                      [*] Harden memory copies between kernel and userspace                                       │ │
  │ │                      [*]   Allow usercopy whitelist violations to fallback to object size                        │ │
  │ │                      [*] Harden common str/mem functions against buffer overflows                                │ │
  │ │                      [ ] Force all usermode helper calls through a single binary                                 │ │
  │ │                      [*] NSA SELinux Support                                                                     │ │
  │ │                      [*]   NSA SELinux boot parameter                                                            │ │
  │ │                      [*]   NSA SELinux runtime disable                                                           │ │
  │ │                      [*]   NSA SELinux Development Support                                                       │ │
  │ │                      [*]   NSA SELinux AVC Statistics                                                            │ │
  │ │                      (9)   NSA SELinux sidtab hashtable size                                                     │ │
  │ │                      (256) NSA SELinux SID to context string translation cache size                              │ │
  │ │                      [ ] Simplified Mandatory Access Control Kernel Support                                      │ │
  │ │                      [ ] TOMOYO Linux Support                                                                    │ │
  │ │                      [ ] AppArmor support                                                                        │ │
  │ │                      [ ] Pin load of kernel files (modules, fw, etc) to one filesystem                           │ │
  │ │                      [*] Yama support                                                                            │ │
  │ │                      [ ] Gate setid transitions to limit CAP_SET{U/G}ID capabilities                             │ │
  │ │                      [ ] Basic module for enforcing kernel lockdown                                              │ │
  │ │                      [*] Integrity subsystem                                                                     │ │
  │ │                      [ ]   Digital signature verification using multiple keyrings                                │ │
  │ │                      [*]   Enables integrity auditing support                                                    │ │
  │ │                      [ ]   Integrity Measurement Architecture(IMA)                                               │ │
  │ │                      [ ]   EVM support                                                                           │ │
  │ │                          First legacy 'major LSM' to be initialized (SELinux)  --->                              │ │
  │ │                      (lockdown,yama,loadpin,safesetid,integrity,selinux,smack,tomoyo,apparmor,bpf) Ordered list o│ │
  │ │                          Kernel hardening options  --->                                                          │ │
  │ └──────────────────────────────────────────────────────────────────────────────────────────────────────────────────┘ │
  ├──────────────────────────────────────────────────────────────────────────────────────────────────────────────────────┤
  │                               <Select>    < Exit >    < Help >    < Save >    < Load >                               │
  └──────────────────────────────────────────────────────────────────────────────────────────────────────────────────────┘



[menu] WALK MENU: /Security options
[menu] visible_entries=42 known_entries=42
[menu] POSITIONED SCREEN for [8]: 'Allow /proc/pid/mem access override (Traditional /proc/pid/mem behavior)' by moving: delta:8 (prev:0, next:8)
[menu] CHILD SCREEN After ENTER [8]: 'Allow /proc/pid/mem access override (Traditional /proc/pid/mem behavior)'
 .config - Linux/x86 5.10.270-gentoo-hardened1 Kernel Configuration
 → Security options ────────────────────────────────────────────────────────────────────────────────────────────────────────




















                              ┌───────────── Allow /proc/pid/mem access override ─────────────┐
                              │  Use the arrow keys to navigate this window or press the      │
                              │  hotkey of the item you wish to select followed by the <SPACE │
                              │  BAR>. Press <?> for additional information about this        │
                              │ ┌───────────────────────────────────────────────────────────┐ │
                              │ │    (X) Traditional /proc/pid/mem behavior                 │ │
                              │ │    ( ) Require active ptrace() use for access override    │ │
                              │ │    ( ) Never                                              │ │
                              │ │                                                           │ │
                              │ │                                                           │ │
                              │ │                                                           │ │
                              │ └───────────────────────────────────────────────────────────┘ │
                              ├───────────────────────────────────────────────────────────────┤
                              │                    <Select>      < Help >                     │
                              └───────────────────────────────────────────────────────────────┘
























[menu] POSITIONED SCREEN for [39]: "First legacy 'major LSM' to be initialized (SELinux)" by moving: delta:31 (prev:8, next:39)
[menu] CHILD SCREEN After ENTER [39]: "First legacy 'major LSM' to be initialized (SELinux)"
 .config - Linux/x86 5.10.270-gentoo-hardened1 Kernel Configuration
 → Security options ────────────────────────────────────────────────────────────────────────────────────────────────────────




















                              ┌───────── First legacy 'major LSM' to be initialized ──────────┐
                              │  Use the arrow keys to navigate this window or press the      │
                              │  hotkey of the item you wish to select followed by the <SPACE │
                              │  BAR>. Press <?> for additional information about this        │
                              │ ┌───────────────────────────────────────────────────────────┐ │
                              │ │          (X) SELinux                                      │ │
                              │ │          ( ) Unix Discretionary Access Controls           │ │
                              │ │                                                           │ │
                              │ │                                                           │ │
                              │ │                                                           │ │
                              │ │                                                           │ │
                              │ └───────────────────────────────────────────────────────────┘ │
                              ├───────────────────────────────────────────────────────────────┤
                              │                    <Select>      < Help >                     │
                              └───────────────────────────────────────────────────────────────┘
























[menu] POSITIONED SCREEN for [41]: 'Kernel hardening options' by moving: delta:2 (prev:39, next:41)
[menu] CHILD SCREEN After ENTER [41]: 'Kernel hardening options'
 .config - Linux/x86 5.10.270-gentoo-hardened1 Kernel Configuration
 → Security options → Kernel hardening options ─────────────────────────────────────────────────────────────────────────────
  ┌────────────────────────────────────────────── Kernel hardening options ──────────────────────────────────────────────┐
  │  Arrow keys navigate the menu.  <Enter> selects submenus ---> (or empty submenus ----).  Highlighted letters are     │
  │  hotkeys.  Pressing <Y> includes, <N> excludes, <M> modularizes features.  Press <Esc><Esc> to exit, <?> for Help,   │
  │  </> for Search.  Legend: [*] built-in  [ ] excluded  <M> module  < > module capable                                 │
  │                                                                                                                      │
  │ ┌──────────────────────────────────────────────────────────────────────────────────────────────────────────────────┐ │
  │ │                          Memory initialization  --->                                                             │ │
  │ └──────────────────────────────────────────────────────────────────────────────────────────────────────────────────┘ │
  ├──────────────────────────────────────────────────────────────────────────────────────────────────────────────────────┤
  │                               <Select>    < Exit >    < Help >    < Save >    < Load >                               │
  └──────────────────────────────────────────────────────────────────────────────────────────────────────────────────────┘



[menu] WALK MENU: /Security options/Kernel hardening options
[menu] visible_entries=1 known_entries=1
[menu] POSITIONED SCREEN for [0]: 'Memory initialization' by moving: delta:0 (prev:0, next:0)
[menu] CHILD SCREEN After ENTER [0]: 'Memory initialization'
 .config - Linux/x86 5.10.270-gentoo-hardened1 Kernel Configuration
 → Security options → Kernel hardening options → Memory initialization ─────────────────────────────────────────────────────
  ┌─────────────────────────────────────────────── Memory initialization ────────────────────────────────────────────────┐
  │  Arrow keys navigate the menu.  <Enter> selects submenus ---> (or empty submenus ----).  Highlighted letters are     │
  │  hotkeys.  Pressing <Y> includes, <N> excludes, <M> modularizes features.  Press <Esc><Esc> to exit, <?> for Help,   │
  │  </> for Search.  Legend: [*] built-in  [ ] excluded  <M> module  < > module capable                                 │
  │                                                                                                                      │
  │ ┌──────────────────────────────────────────────────────────────────────────────────────────────────────────────────┐ │
  │ │                          Initialize kernel stack variables at function entry (zero-init everything (strongest and│ │
  │ │                      [ ] Poison kernel stack before returning from syscalls                                      │ │
  │ │                      [ ] Enable heap memory zeroing on allocation by default                                     │ │
  │ │                      [ ] Enable heap memory zeroing on free by default                                           │ │
  │ │                      [*] Verify sanitized pages                                                                  │ │
  │ │                      [*] Verify sanitized SLAB allocations                                                       │ │
  │ └──────────────────────────────────────────────────────────────────────────────────────────────────────────────────┘ │
  ├──────────────────────────────────────────────────────────────────────────────────────────────────────────────────────┤
  │                               <Select>    < Exit >    < Help >    < Save >    < Load >                               │
  └──────────────────────────────────────────────────────────────────────────────────────────────────────────────────────┘



[menu] WALK MENU: /Security options/Kernel hardening options/Memory initialization
[menu] visible_entries=5 known_entries=5
[menu] POSITIONED SCREEN for [19]: '-*- Cryptographic API' by moving: delta:1 (prev:18, next:19)
[menu] CHILD SCREEN After ENTER [19]: '-*- Cryptographic API'
 .config - Linux/x86 5.10.270-gentoo-hardened1 Kernel Configuration
 → Cryptographic API ───────────────────────────────────────────────────────────────────────────────────────────────────────
  ┌───────────────────────────────────────────────── Cryptographic API ──────────────────────────────────────────────────┐
  │  Arrow keys navigate the menu.  <Enter> selects submenus ---> (or empty submenus ----).  Highlighted letters are     │
  │  hotkeys.  Pressing <Y> includes, <N> excludes, <M> modularizes features.  Press <Esc><Esc> to exit, <?> for Help,   │
  │  </> for Search.  Legend: [*] built-in  [ ] excluded  <M> module  < > module capable                                 │
  │                                                                                                                      │
  │ ┌──────────────────────────────────────────────────────────────────────────────────────────────────────────────────┐ │
  │ │                      --- Cryptographic API                                                                       │ │
  │ │                            *** Crypto core or helper ***                                                         │ │
  │ │                      -*-   Cryptographic algorithm manager                                                       │ │
  │ │                      < >   Userspace cryptographic algorithm configuration                                       │ │
  │ │                      [*]   Disable run-time self tests                                                           │ │
  │ │                      -*-   Null algorithms                                                                       │ │
  │ │                      < >   Parallel crypto engine                                                                │ │
  │ │                      < >   Software async crypto daemon                                                          │ │
  │ │                      -*-   Authenc support                                                                       │ │
  │ │                      < >   Testing module                                                                        │ │
  │ │                            *** Public-key cryptography ***                                                       │ │
  │ │                      -*-   RSA algorithm                                                                         │ │
  │ │                      < >   Diffie-Hellman algorithm                                                              │ │
  │ │                      < >   ECDH algorithm                                                                        │ │
  │ │                      < >   EC-RDSA (GOST 34.10) algorithm                                                        │ │
  │ │                      < >   SM2 algorithm                                                                         │ │
  │ │                      < >   Curve25519 algorithm                                                                  │ │
  │ │                      < >   x86_64 accelerated Curve25519 scalar multiplication library                           │ │
  │ │                            *** Authenticated Encryption with Associated Data ***                                 │ │
  │ │                      -*-   CCM support                                                                           │ │
  │ │                      -*-   GCM/GMAC support                                                                      │ │
  │ │                      < >   ChaCha20-Poly1305 AEAD support                                                        │ │
  │ │                      < >   AEGIS-128 AEAD algorithm                                                              │ │
  │ │                      < >   AEGIS-128 AEAD algorithm (x86_64 AESNI+SSE2 implementation)                           │ │
  │ │                      -*-   Sequence Number IV Generator                                                          │ │
  │ │                      -*-   Encrypted Chain IV Generator                                                          │ │
  │ │                            *** Block modes ***                                                                   │ │
  │ │                      -*-   CBC support                                                                           │ │
  │ │                      < >   CFB support                                                                           │ │
  │ │                      -*-   CTR support                                                                           │ │
  │ │                      < >   CTS support                                                                           │ │
  │ │                      < >   ECB support                                                                           │ │
  │ │                      < >   LRW support                                                                           │ │
  │ │                      < >   OFB support                                                                           │ │
  │ │                      < >   PCBC support                                                                          │ │
  │ │                      < >   XTS support                                                                           │ │
  │ │                      < >   Key wrapping support                                                                  │ │
  │ │                      < >   NHPoly1305 hash function (x86_64 SSE2 implementation)                                 │ │
  │ │                      < >   NHPoly1305 hash function (x86_64 AVX2 implementation)                                 │ │
  │ │                      < >   Adiantum support                                                                      │ │
  │ │                      < >   ESSIV support for block encryption                                                    │ │
  │ │                            *** Hash modes ***                                                                    │ │
  │ │                      -*-   CMAC support                                                                          │ │
  │ │                      -*-   HMAC support                                                                          │ │
  │ │                      < >   XCBC support                                                                          │ │
  │ │                      < >   VMAC support                                                                          │ │
  │ └──────────────────────↓(+)────────────────────────────────────────────────────────────────────────────────────────┘ │
  ├──────────────────────────────────────────────────────────────────────────────────────────────────────────────────────┤
  │                               <Select>    < Exit >    < Help >    < Save >    < Load >                               │
  └──────────────────────────────────────────────────────────────────────────────────────────────────────────────────────┘



[menu] WALK MENU: /-*- Cryptographic API
[menu] visible_entries=44 known_entries=116
[menu] POSITIONED SCREEN for [107]: '-*-   NIST SP800-90A DRBG' by moving: delta:107 (prev:0, next:107)
[menu] CHILD SCREEN After ENTER [107]: '-*-   NIST SP800-90A DRBG'
 .config - Linux/x86 5.10.270-gentoo-hardened1 Kernel Configuration
 → Cryptographic API ───────────────────────────────────────────────────────────────────────────────────────────────────────
  ┌───────────────────────────────────────────────── Cryptographic API ──────────────────────────────────────────────────┐
  │  Arrow keys navigate the menu.  <Enter> selects submenus ---> (or empty submenus ----).  Highlighted letters are     │
  │  hotkeys.  Pressing <Y> includes, <N> excludes, <M> modularizes features.  Press <Esc><Esc> to exit, <?> for Help,   │
  │  </> for Search.  Legend: [*] built-in  [ ] excluded  <M> module  < > module capable                                 │
  │                                                                                                                      │
  │ ┌──────────────────────↑(-)────────────────────────────────────────────────────────────────────────────────────────┐ │
  │ │                      < >   RIPEMD-160 digest algorithm                                                           │ │
  │ │                      < >   RIPEMD-256 digest algorithm                                                           │ │
  │ │                      < >   RIPEMD-320 digest algorithm                                                           │ │
  │ │                      < >   SHA1 digest algorithm                                                                 │ │
  │ │                      < >   SHA1 digest algorithm (SSSE3/AVX/AVX2/SHA-NI)                                         │ │
  │ │                      < >   SHA256 digest algorithm (SSSE3/AVX/AVX2/SHA-NI)                                       │ │
  │ │                      < >   SHA512 digest algorithm (SSSE3/AVX/AVX2)                                              │ │
  │ │                      -*-   SHA224 and SHA256 digest algorithm                                                    │ │
  │ │                      < >   SHA384 and SHA512 digest algorithms                                                   │ │
  │ │                      < >   SHA3 digest algorithm                                                                 │ │
  │ │                      < >   SM3 digest algorithm                                                                  │ │
  │ │                      < >   Streebog Hash Function                                                                │ │
  │ │                      < >   Tiger digest algorithms                                                               │ │
  │ │                      < >   Whirlpool digest algorithms                                                           │ │
  │ │                      < >   GHASH hash function (CLMUL-NI accelerated)                                            │ │
  │ │                            *** Ciphers ***                                                                       │ │
  │ │                      -*-   AES cipher algorithms                                                                 │ │
  │ │                      < >   Fixed time AES cipher                                                                 │ │
  │ │                      < >   AES cipher algorithms (AES-NI)                                                        │ │
  │ │                      < >   Blowfish cipher algorithm                                                             │ │
  │ │                      < >   Blowfish cipher algorithm (x86_64)                                                    │ │
  │ │                      < >   Camellia cipher algorithms                                                            │ │
  │ │                      < >   Camellia cipher algorithm (x86_64)                                                    │ │
  │ │                      < >   Camellia cipher algorithm (x86_64/AES-NI/AVX)                                         │ │
  │ │                      < >   Camellia cipher algorithm (x86_64/AES-NI/AVX2)                                        │ │
  │ │                      < >   CAST5 (CAST-128) cipher algorithm                                                     │ │
  │ │                      < >   CAST5 (CAST-128) cipher algorithm (x86_64/AVX)                                        │ │
  │ │                      < >   CAST6 (CAST-256) cipher algorithm                                                     │ │
  │ │                      < >   CAST6 (CAST-256) cipher algorithm (x86_64/AVX)                                        │ │
  │ │                      < >   DES and Triple DES EDE cipher algorithms                                              │ │
  │ │                      < >   Triple DES EDE cipher algorithm (x86-64)                                              │ │
  │ │                      < >   FCrypt cipher algorithm                                                               │ │
  │ │                      < >   Salsa20 stream cipher algorithm                                                       │ │
  │ │                      < >   ChaCha stream cipher algorithms                                                       │ │
  │ │                      < >   ChaCha stream cipher algorithms (x86_64/SSSE3/AVX2/AVX-512VL)                         │ │
  │ │                      < >   Serpent cipher algorithm                                                              │ │
  │ │                      < >   Serpent cipher algorithm (x86_64/SSE2)                                                │ │
  │ │                      < >   Serpent cipher algorithm (x86_64/AVX)                                                 │ │
  │ │                      < >   Serpent cipher algorithm (x86_64/AVX2)                                                │ │
  │ │                      < >   SM4 cipher algorithm                                                                  │ │
  │ │                      < >   Twofish cipher algorithm                                                              │ │
  │ │                      < >   Twofish cipher algorithm (x86_64)                                                     │ │
  │ │                      < >   Twofish cipher algorithm (x86_64, 3-way parallel)                                     │ │
  │ │                      < >   Twofish cipher algorithm (x86_64/AVX)                                                 │ │
  │ │                            *** Compression ***                                                                   │ │
  │ │                      < >   Deflate compression algorithm                                                         │ │
  │ └──────────────────────↓(+)────────────────────────────────────────────────────────────────────────────────────────┘ │
  ├──────────────────────────────────────────────────────────────────────────────────────────────────────────────────────┤
  │                               <Select>    < Exit >    < Help >    < Save >    < Load >                               │
  └──────────────────────────────────────────────────────────────────────────────────────────────────────────────────────┘



[menu] POSITIONED SCREEN for [113]: '[*]   Hardware crypto devices' by moving: delta:6 (prev:107, next:113)
[menu] CHILD SCREEN After ENTER [113]: '[*]   Hardware crypto devices'
 .config - Linux/x86 5.10.270-gentoo-hardened1 Kernel Configuration
 → Cryptographic API ───────────────────────────────────────────────────────────────────────────────────────────────────────
  ┌───────────────────────────────────────────────── Cryptographic API ──────────────────────────────────────────────────┐
  │  Arrow keys navigate the menu.  <Enter> selects submenus ---> (or empty submenus ----).  Highlighted letters are     │
  │  hotkeys.  Pressing <Y> includes, <N> excludes, <M> modularizes features.  Press <Esc><Esc> to exit, <?> for Help,   │
  │  </> for Search.  Legend: [*] built-in  [ ] excluded  <M> module  < > module capable                                 │
  │                                                                                                                      │
  │ ┌──────────────────────↑(-)────────────────────────────────────────────────────────────────────────────────────────┐ │
  │ │                      < >   SHA512 digest algorithm (SSSE3/AVX/AVX2)                                              │ │
  │ │                      -*-   SHA224 and SHA256 digest algorithm                                                    │ │
  │ │                      < >   SHA384 and SHA512 digest algorithms                                                   │ │
  │ │                      < >   SHA3 digest algorithm                                                                 │ │
  │ │                      < >   SM3 digest algorithm                                                                  │ │
  │ │                      < >   Streebog Hash Function                                                                │ │
  │ │                      < >   Tiger digest algorithms                                                               │ │
  │ │                      < >   Whirlpool digest algorithms                                                           │ │
  │ │                      < >   GHASH hash function (CLMUL-NI accelerated)                                            │ │
  │ │                            *** Ciphers ***                                                                       │ │
  │ │                      -*-   AES cipher algorithms                                                                 │ │
  │ │                      < >   Fixed time AES cipher                                                                 │ │
  │ │                      < >   AES cipher algorithms (AES-NI)                                                        │ │
  │ │                      < >   Blowfish cipher algorithm                                                             │ │
  │ │                      < >   Blowfish cipher algorithm (x86_64)                                                    │ │
  │ │                      < >   Camellia cipher algorithms                                                            │ │
  │ │                      < >   Camellia cipher algorithm (x86_64)                                                    │ │
  │ │                      < >   Camellia cipher algorithm (x86_64/AES-NI/AVX)                                         │ │
  │ │                      < >   Camellia cipher algorithm (x86_64/AES-NI/AVX2)                                        │ │
  │ │                      < >   CAST5 (CAST-128) cipher algorithm                                                     │ │
  │ │                      < >   CAST5 (CAST-128) cipher algorithm (x86_64/AVX)                                        │ │
  │ │                      < >   CAST6 (CAST-256) cipher algorithm                                                     │ │
  │ │                      < >   CAST6 (CAST-256) cipher algorithm (x86_64/AVX)                                        │ │
  │ │                      < >   DES and Triple DES EDE cipher algorithms                                              │ │
  │ │                      < >   Triple DES EDE cipher algorithm (x86-64)                                              │ │
  │ │                      < >   FCrypt cipher algorithm                                                               │ │
  │ │                      < >   Salsa20 stream cipher algorithm                                                       │ │
  │ │                      < >   ChaCha stream cipher algorithms                                                       │ │
  │ │                      < >   ChaCha stream cipher algorithms (x86_64/SSSE3/AVX2/AVX-512VL)                         │ │
  │ │                      < >   Serpent cipher algorithm                                                              │ │
  │ │                      < >   Serpent cipher algorithm (x86_64/SSE2)                                                │ │
  │ │                      < >   Serpent cipher algorithm (x86_64/AVX)                                                 │ │
  │ │                      < >   Serpent cipher algorithm (x86_64/AVX2)                                                │ │
  │ │                      < >   SM4 cipher algorithm                                                                  │ │
  │ │                      < >   Twofish cipher algorithm                                                              │ │
  │ │                      < >   Twofish cipher algorithm (x86_64)                                                     │ │
  │ │                      < >   Twofish cipher algorithm (x86_64, 3-way parallel)                                     │ │
  │ │                      < >   Twofish cipher algorithm (x86_64/AVX)                                                 │ │
  │ │                            *** Compression ***                                                                   │ │
  │ │                      < >   Deflate compression algorithm                                                         │ │
  │ │                      < >   LZO compression algorithm                                                             │ │
  │ │                      < >   842 compression algorithm                                                             │ │
  │ │                      < >   LZ4 compression algorithm                                                             │ │
  │ │                      < >   LZ4HC compression algorithm                                                           │ │
  │ │                      < >   Zstd compression algorithm                                                            │ │
  │ │                            *** Random Number Generation ***                                                      │ │
  │ └──────────────────────↓(+)────────────────────────────────────────────────────────────────────────────────────────┘ │
  ├──────────────────────────────────────────────────────────────────────────────────────────────────────────────────────┤
  │                               <Select>    < Exit >    < Help >    < Save >    < Load >                               │
  └──────────────────────────────────────────────────────────────────────────────────────────────────────────────────────┘



[menu] POSITIONED SCREEN for [114]: '-*-   Asymmetric (public-key cryptographic) key type' by moving: delta:1 (prev:113, next:114)
[menu] CHILD SCREEN After ENTER [114]: '-*-   Asymmetric (public-key cryptographic) key type'
 .config - Linux/x86 5.10.270-gentoo-hardened1 Kernel Configuration
 → Cryptographic API ───────────────────────────────────────────────────────────────────────────────────────────────────────
  ┌───────────────────────────────────────────────── Cryptographic API ──────────────────────────────────────────────────┐
  │  Arrow keys navigate the menu.  <Enter> selects submenus ---> (or empty submenus ----).  Highlighted letters are     │
  │  hotkeys.  Pressing <Y> includes, <N> excludes, <M> modularizes features.  Press <Esc><Esc> to exit, <?> for Help,   │
  │  </> for Search.  Legend: [*] built-in  [ ] excluded  <M> module  < > module capable                                 │
  │                                                                                                                      │
  │ ┌──────────────────────↑(-)────────────────────────────────────────────────────────────────────────────────────────┐ │
  │ │                      -*-   SHA224 and SHA256 digest algorithm                                                    │ │
  │ │                      < >   SHA384 and SHA512 digest algorithms                                                   │ │
  │ │                      < >   SHA3 digest algorithm                                                                 │ │
  │ │                      < >   SM3 digest algorithm                                                                  │ │
  │ │                      < >   Streebog Hash Function                                                                │ │
  │ │                      < >   Tiger digest algorithms                                                               │ │
  │ │                      < >   Whirlpool digest algorithms                                                           │ │
  │ │                      < >   GHASH hash function (CLMUL-NI accelerated)                                            │ │
  │ │                            *** Ciphers ***                                                                       │ │
  │ │                      -*-   AES cipher algorithms                                                                 │ │
  │ │                      < >   Fixed time AES cipher                                                                 │ │
  │ │                      < >   AES cipher algorithms (AES-NI)                                                        │ │
  │ │                      < >   Blowfish cipher algorithm                                                             │ │
  │ │                      < >   Blowfish cipher algorithm (x86_64)                                                    │ │
  │ │                      < >   Camellia cipher algorithms                                                            │ │
  │ │                      < >   Camellia cipher algorithm (x86_64)                                                    │ │
  │ │                      < >   Camellia cipher algorithm (x86_64/AES-NI/AVX)                                         │ │
  │ │                      < >   Camellia cipher algorithm (x86_64/AES-NI/AVX2)                                        │ │
  │ │                      < >   CAST5 (CAST-128) cipher algorithm                                                     │ │
  │ │                      < >   CAST5 (CAST-128) cipher algorithm (x86_64/AVX)                                        │ │
  │ │                      < >   CAST6 (CAST-256) cipher algorithm                                                     │ │
  │ │                      < >   CAST6 (CAST-256) cipher algorithm (x86_64/AVX)                                        │ │
  │ │                      < >   DES and Triple DES EDE cipher algorithms                                              │ │
  │ │                      < >   Triple DES EDE cipher algorithm (x86-64)                                              │ │
  │ │                      < >   FCrypt cipher algorithm                                                               │ │
  │ │                      < >   Salsa20 stream cipher algorithm                                                       │ │
  │ │                      < >   ChaCha stream cipher algorithms                                                       │ │
  │ │                      < >   ChaCha stream cipher algorithms (x86_64/SSSE3/AVX2/AVX-512VL)                         │ │
  │ │                      < >   Serpent cipher algorithm                                                              │ │
  │ │                      < >   Serpent cipher algorithm (x86_64/SSE2)                                                │ │
  │ │                      < >   Serpent cipher algorithm (x86_64/AVX)                                                 │ │
  │ │                      < >   Serpent cipher algorithm (x86_64/AVX2)                                                │ │
  │ │                      < >   SM4 cipher algorithm                                                                  │ │
  │ │                      < >   Twofish cipher algorithm                                                              │ │
  │ │                      < >   Twofish cipher algorithm (x86_64)                                                     │ │
  │ │                      < >   Twofish cipher algorithm (x86_64, 3-way parallel)                                     │ │
  │ │                      < >   Twofish cipher algorithm (x86_64/AVX)                                                 │ │
  │ │                            *** Compression ***                                                                   │ │
  │ │                      < >   Deflate compression algorithm                                                         │ │
  │ │                      < >   LZO compression algorithm                                                             │ │
  │ │                      < >   842 compression algorithm                                                             │ │
  │ │                      < >   LZ4 compression algorithm                                                             │ │
  │ │                      < >   LZ4HC compression algorithm                                                           │ │
  │ │                      < >   Zstd compression algorithm                                                            │ │
  │ │                            *** Random Number Generation ***                                                      │ │
  │ │                      < >   Pseudo Random Number Generation for Cryptographic modules                             │ │
  │ └──────────────────────↓(+)────────────────────────────────────────────────────────────────────────────────────────┘ │
  ├──────────────────────────────────────────────────────────────────────────────────────────────────────────────────────┤
  │                               <Select>    < Exit >    < Help >    < Save >    < Load >                               │
  └──────────────────────────────────────────────────────────────────────────────────────────────────────────────────────┘



[menu] POSITIONED SCREEN for [115]: 'Certificates for signature checking' by moving: delta:1 (prev:114, next:115)
[menu] CHILD SCREEN After ENTER [115]: 'Certificates for signature checking'
 .config - Linux/x86 5.10.270-gentoo-hardened1 Kernel Configuration
 → Cryptographic API ───────────────────────────────────────────────────────────────────────────────────────────────────────
  ┌───────────────────────────────────────────────── Cryptographic API ──────────────────────────────────────────────────┐
  │  Arrow keys navigate the menu.  <Enter> selects submenus ---> (or empty submenus ----).  Highlighted letters are     │
  │  hotkeys.  Pressing <Y> includes, <N> excludes, <M> modularizes features.  Press <Esc><Esc> to exit, <?> for Help,   │
  │  </> for Search.  Legend: [*] built-in  [ ] excluded  <M> module  < > module capable                                 │
  │                                                                                                                      │
  │ ┌──────────────────────↑(-)────────────────────────────────────────────────────────────────────────────────────────┐ │
  │ │                      < >   SHA384 and SHA512 digest algorithms                                                   │ │
  │ │                      < >   SHA3 digest algorithm                                                                 │ │
  │ │                      < >   SM3 digest algorithm                                                                  │ │
  │ │                      < >   Streebog Hash Function                                                                │ │
  │ │                      < >   Tiger digest algorithms                                                               │ │
  │ │                      < >   Whirlpool digest algorithms                                                           │ │
  │ │                      < >   GHASH hash function (CLMUL-NI accelerated)                                            │ │
  │ │                            *** Ciphers ***                                                                       │ │
  │ │                      -*-   AES cipher algorithms                                                                 │ │
  │ │                      < >   Fixed time AES cipher                                                                 │ │
  │ │                      < >   AES cipher algorithms (AES-NI)                                                        │ │
  │ │                      < >   Blowfish cipher algorithm                                                             │ │
  │ │                      < >   Blowfish cipher algorithm (x86_64)                                                    │ │
  │ │                      < >   Camellia cipher algorithms                                                            │ │
  │ │                      < >   Camellia cipher algorithm (x86_64)                                                    │ │
  │ │                      < >   Camellia cipher algorithm (x86_64/AES-NI/AVX)                                         │ │
  │ │                      < >   Camellia cipher algorithm (x86_64/AES-NI/AVX2)                                        │ │
  │ │                      < >   CAST5 (CAST-128) cipher algorithm                                                     │ │
  │ │                      < >   CAST5 (CAST-128) cipher algorithm (x86_64/AVX)                                        │ │
  │ │                      < >   CAST6 (CAST-256) cipher algorithm                                                     │ │
  │ │                      < >   CAST6 (CAST-256) cipher algorithm (x86_64/AVX)                                        │ │
  │ │                      < >   DES and Triple DES EDE cipher algorithms                                              │ │
  │ │                      < >   Triple DES EDE cipher algorithm (x86-64)                                              │ │
  │ │                      < >   FCrypt cipher algorithm                                                               │ │
  │ │                      < >   Salsa20 stream cipher algorithm                                                       │ │
  │ │                      < >   ChaCha stream cipher algorithms                                                       │ │
  │ │                      < >   ChaCha stream cipher algorithms (x86_64/SSSE3/AVX2/AVX-512VL)                         │ │
  │ │                      < >   Serpent cipher algorithm                                                              │ │
  │ │                      < >   Serpent cipher algorithm (x86_64/SSE2)                                                │ │
  │ │                      < >   Serpent cipher algorithm (x86_64/AVX)                                                 │ │
  │ │                      < >   Serpent cipher algorithm (x86_64/AVX2)                                                │ │
  │ │                      < >   SM4 cipher algorithm                                                                  │ │
  │ │                      < >   Twofish cipher algorithm                                                              │ │
  │ │                      < >   Twofish cipher algorithm (x86_64)                                                     │ │
  │ │                      < >   Twofish cipher algorithm (x86_64, 3-way parallel)                                     │ │
  │ │                      < >   Twofish cipher algorithm (x86_64/AVX)                                                 │ │
  │ │                            *** Compression ***                                                                   │ │
  │ │                      < >   Deflate compression algorithm                                                         │ │
  │ │                      < >   LZO compression algorithm                                                             │ │
  │ │                      < >   842 compression algorithm                                                             │ │
  │ │                      < >   LZ4 compression algorithm                                                             │ │
  │ │                      < >   LZ4HC compression algorithm                                                           │ │
  │ │                      < >   Zstd compression algorithm                                                            │ │
  │ │                            *** Random Number Generation ***                                                      │ │
  │ │                      < >   Pseudo Random Number Generation for Cryptographic modules                             │ │
  │ │                      -*-   NIST SP800-90A DRBG  --->                                                             │ │
  │ └──────────────────────↓(+)────────────────────────────────────────────────────────────────────────────────────────┘ │
  ├──────────────────────────────────────────────────────────────────────────────────────────────────────────────────────┤
  │                               <Select>    < Exit >    < Help >    < Save >    < Load >                               │
  └──────────────────────────────────────────────────────────────────────────────────────────────────────────────────────┘



[menu] POSITIONED SCREEN for [20]: 'Library routines' by moving: delta:1 (prev:19, next:20)
[menu] CHILD SCREEN After ENTER [20]: 'Library routines'
 .config - Linux/x86 5.10.270-gentoo-hardened1 Kernel Configuration
 → Library routines ────────────────────────────────────────────────────────────────────────────────────────────────────────
  ┌────────────────────────────────────────────────── Library routines ──────────────────────────────────────────────────┐
  │  Arrow keys navigate the menu.  <Enter> selects submenus ---> (or empty submenus ----).  Highlighted letters are     │
  │  hotkeys.  Pressing <Y> includes, <N> excludes, <M> modularizes features.  Press <Esc><Esc> to exit, <?> for Help,   │
  │  </> for Search.  Legend: [*] built-in  [ ] excluded  <M> module  < > module capable                                 │
  │                                                                                                                      │
  │ ┌──────────────────────────────────────────────────────────────────────────────────────────────────────────────────┐ │
  │ │                      [ ] Generic bitfield packing and unpacking                                                  │ │
  │ │                      < > CORDIC algorithm                                                                        │ │
  │ │                      < > Simple prime number generator for testing                                               │ │
  │ │                          Crypto library routines  --->                                                           │ │
  │ │                      -*- CRC-CCITT functions                                                                     │ │
  │ │                      -*- CRC16 functions                                                                         │ │
  │ │                      < > CRC calculation for the T10 Data Integrity Field                                        │ │
  │ │                      < > CRC ITU-T V.41 functions                                                                │ │
  │ │                      -*- CRC32/CRC32c functions                                                                  │ │
  │ │                      < >   CRC32 perform self test on init                                                       │ │
  │ │                            CRC32 implementation (Slice by 8 bytes)  --->                                         │ │
  │ │                      < > CRC64 functions                                                                         │ │
  │ │                      < > CRC4 functions                                                                          │ │
  │ │                      < > CRC7 functions                                                                          │ │
  │ │                      < > CRC32c (Castagnoli, et al) Cyclic Redundancy-Check                                      │ │
  │ │                      < > CRC8 function                                                                           │ │
  │ │                      [ ] PRNG perform self test on init                                                          │ │
  │ │                      -*- XZ decompression support                                                                │ │
  │ │                      < > XZ decompressor tester                                                                  │ │
  │ │                      [ ] Enable debugging of DMA-API usage                                                       │ │
  │ │                      < > glob self-test on init                                                                  │ │
  │ │                      [ ] IRQ polling library                                                                     │ │
  │ │                      [ ] Select compiled-in fonts                                                                │ │
  │ │                      < > Test string functions                                                                   │ │
  │ └──────────────────────────────────────────────────────────────────────────────────────────────────────────────────┘ │
  ├──────────────────────────────────────────────────────────────────────────────────────────────────────────────────────┤
  │                               <Select>    < Exit >    < Help >    < Save >    < Load >                               │
  └──────────────────────────────────────────────────────────────────────────────────────────────────────────────────────┘



[menu] WALK MENU: /Library routines
[menu] visible_entries=24 known_entries=24
[menu] POSITIONED SCREEN for [3]: 'Crypto library routines' by moving: delta:3 (prev:0, next:3)
[menu] CHILD SCREEN After ENTER [3]: 'Crypto library routines'
 .config - Linux/x86 5.10.270-gentoo-hardened1 Kernel Configuration
 → Library routines → Crypto library routines ──────────────────────────────────────────────────────────────────────────────
  ┌────────────────────────────────────────────── Crypto library routines ───────────────────────────────────────────────┐
  │  Arrow keys navigate the menu.  <Enter> selects submenus ---> (or empty submenus ----).  Highlighted letters are     │
  │  hotkeys.  Pressing <Y> includes, <N> excludes, <M> modularizes features.  Press <Esc><Esc> to exit, <?> for Help,   │
  │  </> for Search.  Legend: [*] built-in  [ ] excluded  <M> module  < > module capable                                 │
  │                                                                                                                      │
  │ ┌──────────────────────────────────────────────────────────────────────────────────────────────────────────────────┐ │
  │ │                      < > ChaCha library interface                                                                │ │
  │ │                      < > Curve25519 scalar multiplication library                                                │ │
  │ │                      < > Poly1305 library interface                                                              │ │
  │ │                      < > ChaCha20-Poly1305 AEAD support (8-byte nonce library version)                           │ │
  │ └──────────────────────────────────────────────────────────────────────────────────────────────────────────────────┘ │
  ├──────────────────────────────────────────────────────────────────────────────────────────────────────────────────────┤
  │                               <Select>    < Exit >    < Help >    < Save >    < Load >                               │
  └──────────────────────────────────────────────────────────────────────────────────────────────────────────────────────┘



[menu] WALK MENU: /Library routines/Crypto library routines
[menu] visible_entries=4 known_entries=4
[menu] POSITIONED SCREEN for [10]: 'CRC32 implementation (Slice by 8 bytes)' by moving: delta:7 (prev:3, next:10)
[menu] CHILD SCREEN After ENTER [10]: 'CRC32 implementation (Slice by 8 bytes)'
 .config - Linux/x86 5.10.270-gentoo-hardened1 Kernel Configuration
 → Library routines ────────────────────────────────────────────────────────────────────────────────────────────────────────




















                              ┌──────────────────── CRC32 implementation ─────────────────────┐
                              │  Use the arrow keys to navigate this window or press the      │
                              │  hotkey of the item you wish to select followed by the <SPACE │
                              │  BAR>. Press <?> for additional information about this        │
                              │ ┌───────────────────────────────────────────────────────────┐ │
                              │ │       (X) Slice by 8 bytes                                │ │
                              │ │       ( ) Slice by 4 bytes                                │ │
                              │ │       ( ) Sarwate's Algorithm (one byte at a time)        │ │
                              │ │       ( ) Classic Algorithm (one bit at a time)           │ │
                              │ │                                                           │ │
                              │ │                                                           │ │
                              │ └───────────────────────────────────────────────────────────┘ │
                              ├───────────────────────────────────────────────────────────────┤
                              │                    <Select>      < Help >                     │
                              └───────────────────────────────────────────────────────────────┘
























[menu] POSITIONED SCREEN for [21]: 'Kernel hacking' by moving: delta:1 (prev:20, next:21)
[menu] CHILD SCREEN After ENTER [21]: 'Kernel hacking'
 .config - Linux/x86 5.10.270-gentoo-hardened1 Kernel Configuration
 → Kernel hacking ──────────────────────────────────────────────────────────────────────────────────────────────────────────
  ┌─────────────────────────────────────────────────── Kernel hacking ───────────────────────────────────────────────────┐
  │  Arrow keys navigate the menu.  <Enter> selects submenus ---> (or empty submenus ----).  Highlighted letters are     │
  │  hotkeys.  Pressing <Y> includes, <N> excludes, <M> modularizes features.  Press <Esc><Esc> to exit, <?> for Help,   │
  │  </> for Search.  Legend: [*] built-in  [ ] excluded  <M> module  < > module capable                                 │
  │                                                                                                                      │
  │ ┌──────────────────────────────────────────────────────────────────────────────────────────────────────────────────┐ │
  │ │                          printk and dmesg options  --->                                                          │ │
  │ │                          Compile-time checks and compiler options  --->                                          │ │
  │ │                          Generic Kernel Debugging Instruments  --->                                              │ │
  │ │                      [*] Kernel debugging                                                                        │ │
  │ │                      [*]   Miscellaneous debug code                                                              │ │
  │ │                          Memory Debugging  --->                                                                  │ │
  │ │                      [ ] Debug shared IRQ handlers                                                               │ │
  │ │                          Debug Oops, Lockups and Hangs  --->                                                     │ │
  │ │                          Scheduler Debugging  --->                                                               │ │
  │ │                      [ ] Enable extra timekeeping sanity checking                                                │ │
  │ │                          Lock Debugging (spinlocks, mutexes, etc...)  --->                                       │ │
  │ │                      -*- Stack backtrace support                                                                 │ │
  │ │                      [ ] Warn for all uses of unseeded randomness                                                │ │
  │ │                      [ ] kobject debugging                                                                       │ │
  │ │                          Debug kernel data structures  --->                                                      │ │
  │ │                      [ ] Debug credential management                                                             │ │
  │ │                          RCU Debugging  --->                                                                     │ │
  │ │                      [ ] Force round-robin CPU selection for unbound work items                                  │ │
  │ │                      [ ] Force extended block device numbers and spread them                                     │ │
  │ │                      [ ] Enable CPU hotplug state control                                                        │ │
  │ │                      [ ] Latency measuring infrastructure                                                        │ │
  │ │                      [*] Tracers  --->                                                                           │ │
  │ │                      [*] Remote debugging over FireWire early on boot                                            │ │
  │ │                      [ ] Sample kernel code  ----                                                                │ │
  │ │                          x86 Debugging  --->                                                                     │ │
  │ │                          Kernel Testing and Coverage  --->                                                       │ │
  │ └──────────────────────────────────────────────────────────────────────────────────────────────────────────────────┘ │
  ├──────────────────────────────────────────────────────────────────────────────────────────────────────────────────────┤
  │                               <Select>    < Exit >    < Help >    < Save >    < Load >                               │
  └──────────────────────────────────────────────────────────────────────────────────────────────────────────────────────┘



[menu] WALK MENU: /Kernel hacking
[menu] visible_entries=26 known_entries=26
[menu] POSITIONED SCREEN for [0]: 'printk and dmesg options' by moving: delta:0 (prev:0, next:0)
[menu] CHILD SCREEN After ENTER [0]: 'printk and dmesg options'
 .config - Linux/x86 5.10.270-gentoo-hardened1 Kernel Configuration
 → Kernel hacking → printk and dmesg options ───────────────────────────────────────────────────────────────────────────────
  ┌────────────────────────────────────────────── printk and dmesg options ──────────────────────────────────────────────┐
  │  Arrow keys navigate the menu.  <Enter> selects submenus ---> (or empty submenus ----).  Highlighted letters are     │
  │  hotkeys.  Pressing <Y> includes, <N> excludes, <M> modularizes features.  Press <Esc><Esc> to exit, <?> for Help,   │
  │  </> for Search.  Legend: [*] built-in  [ ] excluded  <M> module  < > module capable                                 │
  │                                                                                                                      │
  │ ┌──────────────────────────────────────────────────────────────────────────────────────────────────────────────────┐ │
  │ │                      [*] Show timing information on printks                                                      │ │
  │ │                      [ ] Show caller information on printks                                                      │ │
  │ │                      (7) Default console loglevel (1-15)                                                         │ │
  │ │                      (4) quiet console loglevel (1-15)                                                           │ │
  │ │                      (4) Default message log level (1-7)                                                         │ │
  │ │                      [ ] Delay each boot printk message by N milliseconds                                        │ │
  │ │                      [ ] Enable dynamic printk() support                                                         │ │
  │ │                      [ ] Enable core function of dynamic debug support                                           │ │
  │ │                      [*] Support symbolic error names in printf                                                  │ │
  │ └──────────────────────────────────────────────────────────────────────────────────────────────────────────────────┘ │
  ├──────────────────────────────────────────────────────────────────────────────────────────────────────────────────────┤
  │                               <Select>    < Exit >    < Help >    < Save >    < Load >                               │
  └──────────────────────────────────────────────────────────────────────────────────────────────────────────────────────┘



[menu] WALK MENU: /Kernel hacking/printk and dmesg options
[menu] visible_entries=9 known_entries=9
[menu] POSITIONED SCREEN for [1]: 'Compile-time checks and compiler options' by moving: delta:1 (prev:0, next:1)
[menu] CHILD SCREEN After ENTER [1]: 'Compile-time checks and compiler options'
 .config - Linux/x86 5.10.270-gentoo-hardened1 Kernel Configuration
 → Kernel hacking → Compile-time checks and compiler options ───────────────────────────────────────────────────────────────
  ┌────────────────────────────────────── Compile-time checks and compiler options ──────────────────────────────────────┐
  │  Arrow keys navigate the menu.  <Enter> selects submenus ---> (or empty submenus ----).  Highlighted letters are     │
  │  hotkeys.  Pressing <Y> includes, <N> excludes, <M> modularizes features.  Press <Esc><Esc> to exit, <?> for Help,   │
  │  </> for Search.  Legend: [*] built-in  [ ] excluded  <M> module  < > module capable                                 │
  │                                                                                                                      │
  │ ┌──────────────────────────────────────────────────────────────────────────────────────────────────────────────────┐ │
  │ │                      [ ] Compile the kernel with debug info                                                      │ │
  │ │                      [*] Enable __must_check logic                                                               │ │
  │ │                      (2048) Warn for stack frames larger than                                                    │ │
  │ │                      [ ] Strip assembler-generated symbols during link                                           │ │
  │ │                      [ ] Generate readable assembler code                                                        │ │
  │ │                      [ ] Install uapi headers to usr/include                                                     │ │
  │ │                      [ ] Enable full Section mismatch analysis                                                   │ │
  │ │                      [*] Make section mismatch errors non-fatal                                                  │ │
  │ │                      [ ] Enable verbose reporting of writable function pointers                                  │ │
  │ │                      -*- Compile-time stack metadata validation                                                  │ │
  │ │                      [ ] Force weak per-cpu definitions                                                          │ │
  │ └──────────────────────────────────────────────────────────────────────────────────────────────────────────────────┘ │
  ├──────────────────────────────────────────────────────────────────────────────────────────────────────────────────────┤
  │                               <Select>    < Exit >    < Help >    < Save >    < Load >                               │
  └──────────────────────────────────────────────────────────────────────────────────────────────────────────────────────┘



[menu] WALK MENU: /Kernel hacking/Compile-time checks and compiler options
[menu] visible_entries=11 known_entries=11
[menu] POSITIONED SCREEN for [2]: 'Generic Kernel Debugging Instruments' by moving: delta:1 (prev:1, next:2)
[menu] CHILD SCREEN After ENTER [2]: 'Generic Kernel Debugging Instruments'
 .config - Linux/x86 5.10.270-gentoo-hardened1 Kernel Configuration
 → Kernel hacking → Generic Kernel Debugging Instruments ───────────────────────────────────────────────────────────────────
  ┌──────────────────────────────────────── Generic Kernel Debugging Instruments ────────────────────────────────────────┐
  │  Arrow keys navigate the menu.  <Enter> selects submenus ---> (or empty submenus ----).  Highlighted letters are     │
  │  hotkeys.  Pressing <Y> includes, <N> excludes, <M> modularizes features.  Press <Esc><Esc> to exit, <?> for Help,   │
  │  </> for Search.  Legend: [*] built-in  [ ] excluded  <M> module  < > module capable                                 │
  │                                                                                                                      │
  │ ┌──────────────────────────────────────────────────────────────────────────────────────────────────────────────────┐ │
  │ │                      [*] Magic SysRq key                                                                         │ │
  │ │                      (0x1) Enable magic SysRq key functions by default                                           │ │
  │ │                      [*]   Enable magic SysRq key over serial                                                    │ │
  │ │                      ()      Char sequence that enables magic SysRq over serial                                  │ │
  │ │                      -*- Debug Filesystem                                                                        │ │
  │ │                            Debugfs default access (No access)  --->                                              │ │
  │ │                      [ ] KGDB: kernel debugger  ----                                                             │ │
  │ │                      [ ] Undefined behaviour sanity checker  ----                                                │ │
  │ │                      [ ] KCSAN: dynamic data race detector  ----                                                 │ │
  │ └──────────────────────────────────────────────────────────────────────────────────────────────────────────────────┘ │
  ├──────────────────────────────────────────────────────────────────────────────────────────────────────────────────────┤
  │                               <Select>    < Exit >    < Help >    < Save >    < Load >                               │
  └──────────────────────────────────────────────────────────────────────────────────────────────────────────────────────┘



[menu] WALK MENU: /Kernel hacking/Generic Kernel Debugging Instruments
[menu] visible_entries=9 known_entries=9
[menu] POSITIONED SCREEN for [5]: 'Debugfs default access (No access)' by moving: delta:5 (prev:0, next:5)
[menu] CHILD SCREEN After ENTER [5]: 'Debugfs default access (No access)'
 .config - Linux/x86 5.10.270-gentoo-hardened1 Kernel Configuration
 → Kernel hacking → Generic Kernel Debugging Instruments ───────────────────────────────────────────────────────────────────




















                              ┌─────────────────── Debugfs default access ────────────────────┐
                              │  Use the arrow keys to navigate this window or press the      │
                              │  hotkey of the item you wish to select followed by the <SPACE │
                              │  BAR>. Press <?> for additional information about this        │
                              │ ┌───────────────────────────────────────────────────────────┐ │
                              │ │         ( ) Access normal                                 │ │
                              │ │         ( ) Do not register debugfs as filesystem         │ │
                              │ │         (X) No access                                     │ │
                              │ │                                                           │ │
                              │ │                                                           │ │
                              │ │                                                           │ │
                              │ └───────────────────────────────────────────────────────────┘ │
                              ├───────────────────────────────────────────────────────────────┤
                              │                    <Select>      < Help >                     │
                              └───────────────────────────────────────────────────────────────┘
























[menu] POSITIONED SCREEN for [5]: 'Memory Debugging' by moving: delta:3 (prev:2, next:5)
[menu] CHILD SCREEN After ENTER [5]: 'Memory Debugging'
 .config - Linux/x86 5.10.270-gentoo-hardened1 Kernel Configuration
 → Kernel hacking → Memory Debugging ───────────────────────────────────────────────────────────────────────────────────────
  ┌────────────────────────────────────────────────── Memory Debugging ──────────────────────────────────────────────────┐
  │  Arrow keys navigate the menu.  <Enter> selects submenus ---> (or empty submenus ----).  Highlighted letters are     │
  │  hotkeys.  Pressing <Y> includes, <N> excludes, <M> modularizes features.  Press <Esc><Esc> to exit, <?> for Help,   │
  │  </> for Search.  Legend: [*] built-in  [ ] excluded  <M> module  < > module capable                                 │
  │                                                                                                                      │
  │ ┌──────────────────────────────────────────────────────────────────────────────────────────────────────────────────┐ │
  │ │                      [ ] Extend memmap on extra space for more information on page                               │ │
  │ │                      [ ] Debug page memory allocations                                                           │ │
  │ │                      [ ] Track page owner                                                                        │ │
  │ │                      [ ] Poison pages after freeing                                                              │ │
  │ │                      [ ] Enable tracepoint to track down page reference manipulation                             │ │
  │ │                      [ ] Testcase for the marking rodata read-only                                               │ │
  │ │                      [*] Warn on W+X mappings at boot                                                            │ │
  │ │                      [ ] Export kernel pagetable layout to userspace via debugfs                                 │ │
  │ │                      [ ] Debug object operations                                                                 │ │
  │ │                      [ ] SLUB debugging on by default                                                            │ │
  │ │                      [ ] Enable SLUB performance statistics                                                      │ │
  │ │                      [ ] Kernel memory leak detector                                                             │ │
  │ │                      [*] Stack utilization instrumentation                                                       │ │
  │ │                      [ ] Detect stack corruption on calls to schedule()                                          │ │
  │ │                      [ ] Debug VM                                                                                │ │
  │ │                      [ ] Debug arch page table for semantics compliance                                          │ │
  │ │                      [ ] Debug VM translations                                                                   │ │
  │ │                      [ ] Debug access to per_cpu maps                                                            │ │
  │ │                      [ ] KASAN: runtime memory debugger  ----                                                    │ │
  │ └──────────────────────────────────────────────────────────────────────────────────────────────────────────────────┘ │
  ├──────────────────────────────────────────────────────────────────────────────────────────────────────────────────────┤
  │                               <Select>    < Exit >    < Help >    < Save >    < Load >                               │
  └──────────────────────────────────────────────────────────────────────────────────────────────────────────────────────┘



[menu] WALK MENU: /Kernel hacking/Memory Debugging
[menu] visible_entries=19 known_entries=19
[menu] POSITIONED SCREEN for [7]: 'Debug Oops, Lockups and Hangs' by moving: delta:2 (prev:5, next:7)
[menu] CHILD SCREEN After ENTER [7]: 'Debug Oops, Lockups and Hangs'
 .config - Linux/x86 5.10.270-gentoo-hardened1 Kernel Configuration
 → Kernel hacking → Debug Oops, Lockups and Hangs ──────────────────────────────────────────────────────────────────────────
  ┌─────────────────────────────────────────── Debug Oops, Lockups and Hangs ────────────────────────────────────────────┐
  │  Arrow keys navigate the menu.  <Enter> selects submenus ---> (or empty submenus ----).  Highlighted letters are     │
  │  hotkeys.  Pressing <Y> includes, <N> excludes, <M> modularizes features.  Press <Esc><Esc> to exit, <?> for Help,   │
  │  </> for Search.  Legend: [*] built-in  [ ] excluded  <M> module  < > module capable                                 │
  │                                                                                                                      │
  │ ┌──────────────────────────────────────────────────────────────────────────────────────────────────────────────────┐ │
  │ │                      [*] Panic on Oops                                                                           │ │
  │ │                      (0) panic timeout                                                                           │ │
  │ │                      [ ] Detect Soft Lockups                                                                     │ │
  │ │                      [ ] Detect Hard Lockups                                                                     │ │
  │ │                      [ ] Detect Hung Tasks                                                                       │ │
  │ │                      [ ] Detect Workqueue Stalls                                                                 │ │
  │ │                      < > Test module to generate lockups                                                         │ │
  │ └──────────────────────────────────────────────────────────────────────────────────────────────────────────────────┘ │
  ├──────────────────────────────────────────────────────────────────────────────────────────────────────────────────────┤
  │                               <Select>    < Exit >    < Help >    < Save >    < Load >                               │
  └──────────────────────────────────────────────────────────────────────────────────────────────────────────────────────┘



[menu] WALK MENU: /Kernel hacking/Debug Oops, Lockups and Hangs
[menu] visible_entries=7 known_entries=7
[menu] POSITIONED SCREEN for [8]: 'Scheduler Debugging' by moving: delta:1 (prev:7, next:8)
[menu] CHILD SCREEN After ENTER [8]: 'Scheduler Debugging'
 .config - Linux/x86 5.10.270-gentoo-hardened1 Kernel Configuration
 → Kernel hacking → Scheduler Debugging ────────────────────────────────────────────────────────────────────────────────────
  ┌──────────────────────────────────────────────── Scheduler Debugging ─────────────────────────────────────────────────┐
  │  Arrow keys navigate the menu.  <Enter> selects submenus ---> (or empty submenus ----).  Highlighted letters are     │
  │  hotkeys.  Pressing <Y> includes, <N> excludes, <M> modularizes features.  Press <Esc><Esc> to exit, <?> for Help,   │
  │  </> for Search.  Legend: [*] built-in  [ ] excluded  <M> module  < > module capable                                 │
  │                                                                                                                      │
  │ ┌──────────────────────────────────────────────────────────────────────────────────────────────────────────────────┐ │
  │ │                      [ ] Collect scheduler debugging info                                                        │ │
  │ │                      [*] Collect scheduler statistics                                                            │ │
  │ └──────────────────────────────────────────────────────────────────────────────────────────────────────────────────┘ │
  ├──────────────────────────────────────────────────────────────────────────────────────────────────────────────────────┤
  │                               <Select>    < Exit >    < Help >    < Save >    < Load >                               │
  └──────────────────────────────────────────────────────────────────────────────────────────────────────────────────────┘



[menu] WALK MENU: /Kernel hacking/Scheduler Debugging
[menu] visible_entries=2 known_entries=2
[menu] POSITIONED SCREEN for [10]: 'Lock Debugging (spinlocks, mutexes, etc...)' by moving: delta:2 (prev:8, next:10)
[menu] CHILD SCREEN After ENTER [10]: 'Lock Debugging (spinlocks, mutexes, etc...)'
 .config - Linux/x86 5.10.270-gentoo-hardened1 Kernel Configuration
 → Kernel hacking → Lock Debugging (spinlocks, mutexes, etc...) ────────────────────────────────────────────────────────────
  ┌──────────────────────────────────── Lock Debugging (spinlocks, mutexes, etc...) ─────────────────────────────────────┐
  │  Arrow keys navigate the menu.  <Enter> selects submenus ---> (or empty submenus ----).  Highlighted letters are     │
  │  hotkeys.  Pressing <Y> includes, <N> excludes, <M> modularizes features.  Press <Esc><Esc> to exit, <?> for Help,   │
  │  </> for Search.  Legend: [*] built-in  [ ] excluded  <M> module  < > module capable                                 │
  │                                                                                                                      │
  │ ┌──────────────────────────────────────────────────────────────────────────────────────────────────────────────────┐ │
  │ │                      [ ] Lock debugging: prove locking correctness                                               │ │
  │ │                      [ ] Lock usage statistics                                                                   │ │
  │ │                      [ ] RT Mutex debugging, deadlock detection                                                  │ │
  │ │                      [ ] Spinlock and rw-lock debugging: basic checks                                            │ │
  │ │                      [ ] Mutex debugging: basic checks                                                           │ │
  │ │                      [ ] Wait/wound mutex debugging: Slowpath testing                                            │ │
  │ │                      [ ] RW Semaphore debugging: basic checks                                                    │ │
  │ │                      [ ] Lock debugging: detect incorrect freeing of live locks                                  │ │
  │ │                      [ ] Sleep inside atomic section checking                                                    │ │
  │ │                      [ ] Locking API boot-time self-tests                                                        │ │
  │ │                      < > torture tests for locking                                                               │ │
  │ │                      < > Wait/wound mutex selftests                                                              │ │
  │ │                      < > torture tests for smp_call_function*()                                                  │ │
  │ │                      [ ] Debugging for csd_lock_wait(), called from smp_call_function*()                         │ │
  │ └──────────────────────────────────────────────────────────────────────────────────────────────────────────────────┘ │
  ├──────────────────────────────────────────────────────────────────────────────────────────────────────────────────────┤
  │                               <Select>    < Exit >    < Help >    < Save >    < Load >                               │
  └──────────────────────────────────────────────────────────────────────────────────────────────────────────────────────┘



[menu] WALK MENU: /Kernel hacking/Lock Debugging (spinlocks, mutexes, etc...)
[menu] visible_entries=14 known_entries=14
[menu] POSITIONED SCREEN for [14]: 'Debug kernel data structures' by moving: delta:4 (prev:10, next:14)
[menu] CHILD SCREEN After ENTER [14]: 'Debug kernel data structures'
 .config - Linux/x86 5.10.270-gentoo-hardened1 Kernel Configuration
 → Kernel hacking → Debug kernel data structures ───────────────────────────────────────────────────────────────────────────
  ┌──────────────────────────────────────────── Debug kernel data structures ────────────────────────────────────────────┐
  │  Arrow keys navigate the menu.  <Enter> selects submenus ---> (or empty submenus ----).  Highlighted letters are     │
  │  hotkeys.  Pressing <Y> includes, <N> excludes, <M> modularizes features.  Press <Esc><Esc> to exit, <?> for Help,   │
  │  </> for Search.  Legend: [*] built-in  [ ] excluded  <M> module  < > module capable                                 │
  │                                                                                                                      │
  │ ┌──────────────────────────────────────────────────────────────────────────────────────────────────────────────────┐ │
  │ │                      -*- Debug linked list manipulation                                                          │ │
  │ │                      [ ] Debug priority linked list manipulation                                                 │ │
  │ │                      [ ] Debug SG table operations                                                               │ │
  │ │                      [ ] Debug notifier call chains                                                              │ │
  │ │                      [*] Trigger a BUG when data corruption is detected                                          │ │
  │ └──────────────────────────────────────────────────────────────────────────────────────────────────────────────────┘ │
  ├──────────────────────────────────────────────────────────────────────────────────────────────────────────────────────┤
  │                               <Select>    < Exit >    < Help >    < Save >    < Load >                               │
  └──────────────────────────────────────────────────────────────────────────────────────────────────────────────────────┘



[menu] WALK MENU: /Kernel hacking/Debug kernel data structures
[menu] visible_entries=5 known_entries=5
[menu] POSITIONED SCREEN for [16]: 'RCU Debugging' by moving: delta:2 (prev:14, next:16)
[menu] CHILD SCREEN After ENTER [16]: 'RCU Debugging'
 .config - Linux/x86 5.10.270-gentoo-hardened1 Kernel Configuration
 → Kernel hacking → RCU Debugging ──────────────────────────────────────────────────────────────────────────────────────────
  ┌─────────────────────────────────────────────────── RCU Debugging ────────────────────────────────────────────────────┐
  │  Arrow keys navigate the menu.  <Enter> selects submenus ---> (or empty submenus ----).  Highlighted letters are     │
  │  hotkeys.  Pressing <Y> includes, <N> excludes, <M> modularizes features.  Press <Esc><Esc> to exit, <?> for Help,   │
  │  </> for Search.  Legend: [*] built-in  [ ] excluded  <M> module  < > module capable                                 │
  │                                                                                                                      │
  │ ┌──────────────────────────────────────────────────────────────────────────────────────────────────────────────────┐ │
  │ │                      < > performance tests for RCU                                                               │ │
  │ │                      < > torture tests for RCU                                                                   │ │
  │ │                      < > Scalability tests for read-side synchronization (RCU and others)                        │ │
  │ │                      (21) RCU CPU stall timeout in seconds                                                       │ │
  │ │                      [*] Enable tracing for RCU                                                                  │ │
  │ │                      [ ] Provide debugging asserts for adding NO_HZ support to an arch                           │ │
  │ └──────────────────────────────────────────────────────────────────────────────────────────────────────────────────┘ │
  ├──────────────────────────────────────────────────────────────────────────────────────────────────────────────────────┤
  │                               <Select>    < Exit >    < Help >    < Save >    < Load >                               │
  └──────────────────────────────────────────────────────────────────────────────────────────────────────────────────────┘



[menu] WALK MENU: /Kernel hacking/RCU Debugging
[menu] visible_entries=6 known_entries=6
[menu] POSITIONED SCREEN for [21]: '[*] Tracers' by moving: delta:5 (prev:16, next:21)
[menu] CHILD SCREEN After ENTER [21]: '[*] Tracers'
 .config - Linux/x86 5.10.270-gentoo-hardened1 Kernel Configuration
 → Kernel hacking → Tracers ────────────────────────────────────────────────────────────────────────────────────────────────
  ┌────────────────────────────────────────────────────── Tracers ───────────────────────────────────────────────────────┐
  │  Arrow keys navigate the menu.  <Enter> selects submenus ---> (or empty submenus ----).  Highlighted letters are     │
  │  hotkeys.  Pressing <Y> includes, <N> excludes, <M> modularizes features.  Press <Esc><Esc> to exit, <?> for Help,   │
  │  </> for Search.  Legend: [*] built-in  [ ] excluded  <M> module  < > module capable                                 │
  │                                                                                                                      │
  │ ┌──────────────────────────────────────────────────────────────────────────────────────────────────────────────────┐ │
  │ │                      --- Tracers                                                                                 │ │
  │ │                      [ ]   Boot-time Tracing support                                                             │ │
  │ │                      [ ]   Kernel Function Tracer                                                                │ │
  │ │                      [ ]   Trace max stack                                                                       │ │
  │ │                      [ ]   Interrupts-off Latency Tracer                                                         │ │
  │ │                      [ ]   Scheduling Latency Tracer                                                             │ │
  │ │                      [ ]   Tracer to detect hardware latencies (like SMIs)                                       │ │
  │ │                      [ ]   Memory mapped IO tracing                                                              │ │
  │ │                      [ ]   Trace syscalls                                                                        │ │
  │ │                      [ ]   Create a snapshot trace buffer                                                        │ │
  │ │                            Branch Profiling (No branch profiling)  --->                                          │ │
  │ │                      [*]   Support for tracing block IO actions                                                  │ │
  │ │                      [*]   Enable kprobes-based dynamic events                                                   │ │
  │ │                      [*]   Enable uprobes-based dynamic events                                                   │ │
  │ │                      [ ]   Synthetic trace events                                                                │ │
  │ │                      [ ]   Histogram triggers                                                                    │ │
  │ │                      [ ]   Trace event injection                                                                 │ │
  │ │                      [ ]   Add tracepoint that benchmarks tracepoints                                            │ │
  │ │                      < >   Ring buffer benchmark stress tester                                                   │ │
  │ │                      [ ]   Show eval mappings for trace events                                                   │ │
  │ │                      [ ]   Perform a startup test on ftrace                                                      │ │
  │ │                      [ ]   Ring buffer startup self test                                                         │ │
  │ │                      < >   Test module to create a preempt / IRQ disable delay thread to test latency tracers    │ │
  │ │                      < >   Test module for in-kernel kprobe event generation                                     │ │
  │ └──────────────────────────────────────────────────────────────────────────────────────────────────────────────────┘ │
  ├──────────────────────────────────────────────────────────────────────────────────────────────────────────────────────┤
  │                               <Select>    < Exit >    < Help >    < Save >    < Load >                               │
  └──────────────────────────────────────────────────────────────────────────────────────────────────────────────────────┘



[menu] WALK MENU: /Kernel hacking/[*] Tracers
[menu] visible_entries=24 known_entries=24
[menu] POSITIONED SCREEN for [10]: 'Branch Profiling (No branch profiling)' by moving: delta:10 (prev:0, next:10)
[menu] CHILD SCREEN After ENTER [10]: 'Branch Profiling (No branch profiling)'
 .config - Linux/x86 5.10.270-gentoo-hardened1 Kernel Configuration
 → Kernel hacking → Tracers ────────────────────────────────────────────────────────────────────────────────────────────────




















                              ┌────────────────────── Branch Profiling ───────────────────────┐
                              │  Use the arrow keys to navigate this window or press the      │
                              │  hotkey of the item you wish to select followed by the <SPACE │
                              │  BAR>. Press <?> for additional information about this        │
                              │ ┌───────────────────────────────────────────────────────────┐ │
                              │ │            (X) No branch profiling                        │ │
                              │ │            ( ) Trace likely/unlikely profiler             │ │
                              │ │                                                           │ │
                              │ │                                                           │ │
                              │ │                                                           │ │
                              │ │                                                           │ │
                              │ └───────────────────────────────────────────────────────────┘ │
                              ├───────────────────────────────────────────────────────────────┤
                              │                    <Select>      < Help >                     │
                              └───────────────────────────────────────────────────────────────┘
























[menu] POSITIONED SCREEN for [24]: 'x86 Debugging' by moving: delta:3 (prev:21, next:24)
[menu] CHILD SCREEN After ENTER [24]: 'x86 Debugging'
 .config - Linux/x86 5.10.270-gentoo-hardened1 Kernel Configuration
 → Kernel hacking → x86 Debugging ──────────────────────────────────────────────────────────────────────────────────────────
  ┌─────────────────────────────────────────────────── x86 Debugging ────────────────────────────────────────────────────┐
  │  Arrow keys navigate the menu.  <Enter> selects submenus ---> (or empty submenus ----).  Highlighted letters are     │
  │  hotkeys.  Pressing <Y> includes, <N> excludes, <M> modularizes features.  Press <Esc><Esc> to exit, <?> for Help,   │
  │  </> for Search.  Legend: [*] built-in  [ ] excluded  <M> module  < > module capable                                 │
  │                                                                                                                      │
  │ ┌──────────────────────────────────────────────────────────────────────────────────────────────────────────────────┐ │
  │ │                      [*] Enable verbose x86 bootup info messages                                                 │ │
  │ │                      -*- Early printk                                                                            │ │
  │ │                      [*]   Early printk via EHCI debug port                                                      │ │
  │ │                      [ ]   Early printk via the xHCI debug port                                                  │ │
  │ │                      [ ] Dump the EFI pagetable                                                                  │ │
  │ │                      [ ] Set upper limit of TLB entries to flush one-by-one                                      │ │
  │ │                      [ ] x86 instruction decoder selftest                                                        │ │
  │ │                          IO delay type (port 0x80 based port-IO delay [recommended])  --->                       │ │
  │ │                      [*] Debug boot parameters                                                                   │ │
  │ │                      [ ] CPA self-test code                                                                      │ │
  │ │                      [ ] Debug low-level entry code                                                              │ │
  │ │                      [ ] NMI Selftest                                                                            │ │
  │ │                      [*] Debug the x86 FPU code                                                                  │ │
  │ │                      < > ATOM Punit debug driver                                                                 │ │
  │ │                          Choose kernel unwinder (ORC unwinder)  --->                                             │ │
  │ └──────────────────────────────────────────────────────────────────────────────────────────────────────────────────┘ │
  ├──────────────────────────────────────────────────────────────────────────────────────────────────────────────────────┤
  │                               <Select>    < Exit >    < Help >    < Save >    < Load >                               │
  └──────────────────────────────────────────────────────────────────────────────────────────────────────────────────────┘



[menu] WALK MENU: /Kernel hacking/x86 Debugging
[menu] visible_entries=15 known_entries=15
[menu] POSITIONED SCREEN for [7]: 'IO delay type (port 0x80 based port-IO delay [recommended])' by moving: delta:7 (prev:0, next:7)
[menu] CHILD SCREEN After ENTER [7]: 'IO delay type (port 0x80 based port-IO delay [recommended])'
 .config - Linux/x86 5.10.270-gentoo-hardened1 Kernel Configuration
 → Kernel hacking → x86 Debugging ──────────────────────────────────────────────────────────────────────────────────────────




















                              ┌──────────────────────── IO delay type ────────────────────────┐
                              │  Use the arrow keys to navigate this window or press the      │
                              │  hotkey of the item you wish to select followed by the <SPACE │
                              │  BAR>. Press <?> for additional information about this        │
                              │ ┌───────────────────────────────────────────────────────────┐ │
                              │ │      (X) port 0x80 based port-IO delay [recommended]      │ │
                              │ │      ( ) port 0xed based port-IO delay                    │ │
                              │ │      ( ) udelay based port-IO delay                       │ │
                              │ │      ( ) no port-IO delay                                 │ │
                              │ │                                                           │ │
                              │ │                                                           │ │
                              │ └───────────────────────────────────────────────────────────┘ │
                              ├───────────────────────────────────────────────────────────────┤
                              │                    <Select>      < Help >                     │
                              └───────────────────────────────────────────────────────────────┘
























[menu] POSITIONED SCREEN for [14]: 'Choose kernel unwinder (ORC unwinder)' by moving: delta:7 (prev:7, next:14)
[menu] CHILD SCREEN After ENTER [14]: 'Choose kernel unwinder (ORC unwinder)'
 .config - Linux/x86 5.10.270-gentoo-hardened1 Kernel Configuration
 → Kernel hacking → x86 Debugging ──────────────────────────────────────────────────────────────────────────────────────────




















                              ┌─────────────────── Choose kernel unwinder ────────────────────┐
                              │  Use the arrow keys to navigate this window or press the      │
                              │  hotkey of the item you wish to select followed by the <SPACE │
                              │  BAR>. Press <?> for additional information about this        │
                              │ ┌───────────────────────────────────────────────────────────┐ │
                              │ │                (X) ORC unwinder                           │ │
                              │ │                ( ) Frame pointer unwinder                 │ │
                              │ │                                                           │ │
                              │ │                                                           │ │
                              │ │                                                           │ │
                              │ │                                                           │ │
                              │ └───────────────────────────────────────────────────────────┘ │
                              ├───────────────────────────────────────────────────────────────┤
                              │                    <Select>      < Help >                     │
                              └───────────────────────────────────────────────────────────────┘
























[menu] POSITIONED SCREEN for [25]: 'Kernel Testing and Coverage' by moving: delta:1 (prev:24, next:25)
[menu] CHILD SCREEN After ENTER [25]: 'Kernel Testing and Coverage'
 .config - Linux/x86 5.10.270-gentoo-hardened1 Kernel Configuration
 → Kernel hacking → Kernel Testing and Coverage ────────────────────────────────────────────────────────────────────────────
  ┌──────────────────────────────────────────── Kernel Testing and Coverage ─────────────────────────────────────────────┐
  │  Arrow keys navigate the menu.  <Enter> selects submenus ---> (or empty submenus ----).  Highlighted letters are     │
  │  hotkeys.  Pressing <Y> includes, <N> excludes, <M> modularizes features.  Press <Esc><Esc> to exit, <?> for Help,   │
  │  </> for Search.  Legend: [*] built-in  [ ] excluded  <M> module  < > module capable                                 │
  │                                                                                                                      │
  │ ┌──────────────────────────────────────────────────────────────────────────────────────────────────────────────────┐ │
  │ │                      < > KUnit - Enable support for unit tests  ----                                             │ │
  │ │                      < > Notifier error injection                                                                │ │
  │ │                      [ ] Fault-injections of functions                                                           │ │
  │ │                      [ ] Fault-injection framework                                                               │ │
  │ │                      [ ] Code coverage for fuzzing                                                               │ │
  │ │                      [*] Runtime Testing  --->                                                                   │ │
  │ │                      [ ] Memtest                                                                                 │ │
  │ └──────────────────────────────────────────────────────────────────────────────────────────────────────────────────┘ │
  ├──────────────────────────────────────────────────────────────────────────────────────────────────────────────────────┤
  │                               <Select>    < Exit >    < Help >    < Save >    < Load >                               │
  └──────────────────────────────────────────────────────────────────────────────────────────────────────────────────────┘



[menu] WALK MENU: /Kernel hacking/Kernel Testing and Coverage
[menu] visible_entries=7 known_entries=7
[menu] POSITIONED SCREEN for [5]: '[*] Runtime Testing' by moving: delta:5 (prev:0, next:5)
[menu] CHILD SCREEN After ENTER [5]: '[*] Runtime Testing'
 .config - Linux/x86 5.10.270-gentoo-hardened1 Kernel Configuration
 → Kernel hacking → Kernel Testing and Coverage → Runtime Testing ──────────────────────────────────────────────────────────
  ┌────────────────────────────────────────────────── Runtime Testing ───────────────────────────────────────────────────┐
  │  Arrow keys navigate the menu.  <Enter> selects submenus ---> (or empty submenus ----).  Highlighted letters are     │
  │  hotkeys.  Pressing <Y> includes, <N> excludes, <M> modularizes features.  Press <Esc><Esc> to exit, <?> for Help,   │
  │  </> for Search.  Legend: [*] built-in  [ ] excluded  <M> module  < > module capable                                 │
  │                                                                                                                      │
  │ ┌──────────────────────────────────────────────────────────────────────────────────────────────────────────────────┐ │
  │ │                      --- Runtime Testing                                                                         │ │
  │ │                      < >   Linux Kernel Dump Test Tool Module                                                    │ │
  │ │                      < >   Linked list sorting test                                                              │ │
  │ │                      < >   Min heap test                                                                         │ │
  │ │                      < >   Array-based sort test                                                                 │ │
  │ │                      [ ]   Kprobes sanity tests                                                                  │ │
  │ │                      < >   Self test for the backtrace code                                                      │ │
  │ │                      < >   Red-Black tree test                                                                   │ │
  │ │                      < >   Reed-Solomon library test                                                             │ │
  │ │                      < >   Interval tree test                                                                    │ │
  │ │                      < >   Per cpu operations test                                                               │ │
  │ │                      < >   Perform an atomic64_t self-test                                                       │ │
  │ │                      < >   Test functions located in the hexdump module at runtime                               │ │
  │ │                      < >   Test functions located in the string_helpers module at runtime                        │ │
  │ │                      < >   Test strscpy*() family of functions at runtime                                        │ │
  │ │                      < >   Test kstrto*() family of functions at runtime                                         │ │
  │ │                      < >   Test printf() family of functions at runtime                                          │ │
  │ │                      < >   Test bitmap_*() family of functions at runtime                                        │ │
  │ │                      < >   Test functions located in the uuid module at runtime                                  │ │
  │ │                      < >   Test the XArray code at runtime                                                       │ │
  │ │                      < >   Test check_*_overflow() functions at runtime                                          │ │
  │ │                      < >   Perform selftest on resizable hash table                                              │ │
  │ │                      < >   Perform selftest on hash functions                                                    │ │
  │ │                      < >   Perform selftest on IDA functions                                                     │ │
  │ │                      < >   Test module loading with 'hello world' module                                         │ │
  │ │                      < >   Test module for compilation of bitops operations                                      │ │
  │ │                      < >   Test module for stress/performance analysis of vmalloc allocator                      │ │
  │ │                      < >   Test user/kernel boundary protections                                                 │ │
  │ │                      < >   Test BPF filter functionality                                                         │ │
  │ │                      < >   Test blackhole netdev functionality                                                   │ │
  │ │                      < >   Test find_bit functions                                                               │ │
  │ │                      < >   Test firmware loading via userspace interface                                         │ │
  │ │                      < >   sysctl test driver                                                                    │ │
  │ │                      < >   udelay test driver                                                                    │ │
  │ │                      < >   Test static keys                                                                      │ │
  │ │                      < >   kmod stress tester                                                                    │ │
  │ │                      < >   Test memcat_p() helper function                                                       │ │
  │ │                      < >   Test level of stack variable initialization                                           │ │
  │ │                      < >   Test heap/page initialization                                                         │ │
  │ │                      < >   Test freeing pages                                                                    │ │
  │ │                      < >   Test floating point operations in kernel space                                        │ │
  │ └──────────────────────────────────────────────────────────────────────────────────────────────────────────────────┘ │
  ├──────────────────────────────────────────────────────────────────────────────────────────────────────────────────────┤
  │                               <Select>    < Exit >    < Help >    < Save >    < Load >                               │
  └──────────────────────────────────────────────────────────────────────────────────────────────────────────────────────┘



[menu] WALK MENU: /Kernel hacking/Kernel Testing and Coverage/[*] Runtime Testing
[menu] visible_entries=41 known_entries=41
[menu] POSITIONED SCREEN for [22]: 'Gentoo Linux' by moving: delta:1 (prev:21, next:22)
[menu] CHILD SCREEN After ENTER [22]: 'Gentoo Linux'
 .config - Linux/x86 5.10.270-gentoo-hardened1 Kernel Configuration
 → Gentoo Linux ────────────────────────────────────────────────────────────────────────────────────────────────────────────
  ┌──────────────────────────────────────────────────── Gentoo Linux ────────────────────────────────────────────────────┐
  │  Arrow keys navigate the menu.  <Enter> selects submenus ---> (or empty submenus ----).  Highlighted letters are     │
  │  hotkeys.  Pressing <Y> includes, <N> excludes, <M> modularizes features.  Press <Esc><Esc> to exit, <?> for Help,   │
  │  </> for Search.  Legend: [*] built-in  [ ] excluded  <M> module  < > module capable                                 │
  │                                                                                                                      │
  │ ┌──────────────────────────────────────────────────────────────────────────────────────────────────────────────────┐ │
  │ │                      [*] Gentoo Linux support                                                                    │ │
  │ │                      [*]   Linux dynamic and persistent device naming (userspace devfs) support                  │ │
  │ │                      [*]   Select options required by Portage features                                           │ │
  │ │                          Support for init systems, system and service managers  --->                             │ │
  │ │                      [ ] Kernel Self Protection Project  ----                                                    │ │
  │ │                      [*] Print firmware information that the kernel attempts to load                             │ │
  │ └──────────────────────────────────────────────────────────────────────────────────────────────────────────────────┘ │
  ├──────────────────────────────────────────────────────────────────────────────────────────────────────────────────────┤
  │                               <Select>    < Exit >    < Help >    < Save >    < Load >                               │
  └──────────────────────────────────────────────────────────────────────────────────────────────────────────────────────┘



[menu] WALK MENU: /Gentoo Linux
[menu] visible_entries=6 known_entries=6
[menu] POSITIONED SCREEN for [3]: 'Support for init systems, system and service managers' by moving: delta:3 (prev:0, next:3)
[menu] CHILD SCREEN After ENTER [3]: 'Support for init systems, system and service managers'
 .config - Linux/x86 5.10.270-gentoo-hardened1 Kernel Configuration
 → Gentoo Linux → Support for init systems, system and service managers ────────────────────────────────────────────────────
  ┌─────────────────────────────── Support for init systems, system and service managers ────────────────────────────────┐
  │  Arrow keys navigate the menu.  <Enter> selects submenus ---> (or empty submenus ----).  Highlighted letters are     │
  │  hotkeys.  Pressing <Y> includes, <N> excludes, <M> modularizes features.  Press <Esc><Esc> to exit, <?> for Help,   │
  │  </> for Search.  Legend: [*] built-in  [ ] excluded  <M> module  < > module capable                                 │
  │                                                                                                                      │
  │ ┌──────────────────────────────────────────────────────────────────────────────────────────────────────────────────┐ │
  │ │                      [*] OpenRC, runit and other script based systems and managers                               │ │
  │ │                      [ ] systemd                                                                                 │ │
  │ └──────────────────────────────────────────────────────────────────────────────────────────────────────────────────┘ │
  ├──────────────────────────────────────────────────────────────────────────────────────────────────────────────────────┤
  │                               <Select>    < Exit >    < Help >    < Save >    < Load >                               │
  └──────────────────────────────────────────────────────────────────────────────────────────────────────────────────────┘



[menu] WALK MENU: /Gentoo Linux/Support for init systems, system and service managers
[menu] visible_entries=2 known_entries=2
Dumped 161 menus to kconfig-dump

real	0m33.804s
user	0m9.663s
sys	0m11.477s

Script done on 2026-10-03 17:29:47-04:00 [COMMAND_EXIT_CODE="0"]
